Global frequency set at 1000000000000 ticks per second
warn: board.cache_hierarchy.ruby_system.network adopting orphan SimObject param 'netifs'
warn: board.cache_hierarchy.ruby_system.network adopting orphan SimObject param 'ext_links'
warn: board.cache_hierarchy.ruby_system.network adopting orphan SimObject param 'int_links'
warn: board.workload.acpi_description_table_pointer.rsdt adopting orphan SimObject param 'entries'
warn: No dot file generated. Please install pydot to generate the dot file and pdf.
src/mem/dram_interface.cc:690: warn: DRAM device capacity (16384 Mbytes) does not match the address range assigned (2048 Mbytes)
src/mem/dram_interface.cc:690: warn: DRAM device capacity (16384 Mbytes) does not match the address range assigned (2048 Mbytes)
src/sim/kernel_workload.cc:46: info: kernel located at: /home/paridhi/.cache/gem5/x86-linux-kernel-4.19.83
src/base/statistics.hh:279: warn: One of the stats is a legacy stat. Legacy stat is a stat that does not belong to any statistics::Group. Legacy stat is deprecated.
src/base/statistics.hh:279: warn: One of the stats is a legacy stat. Legacy stat is a stat that does not belong to any statistics::Group. Legacy stat is deprecated.
src/base/statistics.hh:279: warn: One of the stats is a legacy stat. Legacy stat is a stat that does not belong to any statistics::Group. Legacy stat is deprecated.
src/base/statistics.hh:279: warn: One of the stats is a legacy stat. Legacy stat is a stat that does not belong to any statistics::Group. Legacy stat is deprecated.
src/mem/ruby/network/garnet/GarnetNetwork.cc:107: info: Garnet version 3.0
      0: board.pc.south_bridge.cmos.rtc: Real-time clock set to Sun Jan  1 00:00:00 2012
board.pc.com_1.device: Listening for connections on port 3459
src/dev/intel_8254_timer.cc:128: warn: Reading current count from inactive timer.
board.remote_gdb: Listening for connections on port 7003
src/cpu/kvm/base.cc:169: info: KVM: Coalesced MMIO disabled by config.
src/cpu/kvm/base.cc:169: info: KVM: Coalesced MMIO disabled by config.
src/cpu/kvm/base.cc:169: info: KVM: Coalesced MMIO disabled by config.
src/cpu/kvm/base.cc:169: info: KVM: Coalesced MMIO disabled by config.
src/cpu/kvm/base.cc:169: info: KVM: Coalesced MMIO disabled by config.
src/cpu/kvm/base.cc:169: info: KVM: Coalesced MMIO disabled by config.
src/cpu/kvm/base.cc:169: info: KVM: Coalesced MMIO disabled by config.
src/cpu/kvm/base.cc:169: info: KVM: Coalesced MMIO disabled by config.
src/cpu/kvm/base.cc:169: info: KVM: Coalesced MMIO disabled by config.
src/cpu/kvm/base.cc:169: info: KVM: Coalesced MMIO disabled by config.
src/cpu/kvm/base.cc:169: info: KVM: Coalesced MMIO disabled by config.
src/cpu/kvm/base.cc:169: info: KVM: Coalesced MMIO disabled by config.
src/cpu/kvm/base.cc:169: info: KVM: Coalesced MMIO disabled by config.
src/cpu/kvm/base.cc:169: info: KVM: Coalesced MMIO disabled by config.
src/cpu/kvm/base.cc:169: info: KVM: Coalesced MMIO disabled by config.
src/cpu/kvm/base.cc:169: info: KVM: Coalesced MMIO disabled by config.
src/cpu/kvm/base.cc:591: hack: Pretending totalOps is equivalent to totalInsts()
gem5 Simulator System.  https://www.gem5.org
gem5 is copyrighted software; use the --copyright option for details.

gem5 version 24.1.0.3
gem5 compiled Dec  7 2025 00:51:10
gem5 started Dec  7 2025 11:25:27
gem5 executing on labpc-pid, pid 1984350
command line: ./build/X86/gem5.opt --outdir=m5out/bodytrack configs/example/gem5_library/x86-parsec-benchmarks.py --benchmark=bodytrack --size=simsmall

Creating MESI Three Level Cache Hierarchy
info: Using default config
Running the simulation
Using KVM cpu
src/sim/simulate.cc:199: info: Entering event queue @ 0.  Starting simulation...
src/arch/x86/kvm/x86_cpu.cc:1688: warn: kvm-x86: MSR (0x3a) unsupported by gem5. Skipping.
src/arch/x86/kvm/x86_cpu.cc:1688: warn: kvm-x86: MSR (0x48) unsupported by gem5. Skipping.
src/arch/x86/kvm/x86_cpu.cc:1688: warn: kvm-x86: MSR (0xe1) unsupported by gem5. Skipping.
src/arch/x86/kvm/x86_cpu.cc:1688: warn: kvm-x86: MSR (0x12) unsupported by gem5. Skipping.
src/arch/x86/kvm/x86_cpu.cc:1688: warn: kvm-x86: MSR (0x11) unsupported by gem5. Skipping.
src/arch/x86/kvm/x86_cpu.cc:1688: warn: kvm-x86: MSR (0x4b564d01) unsupported by gem5. Skipping.
src/arch/x86/kvm/x86_cpu.cc:1688: warn: kvm-x86: MSR (0x4b564d00) unsupported by gem5. Skipping.
src/arch/x86/kvm/x86_cpu.cc:1688: warn: kvm-x86: MSR (0x40000000) unsupported by gem5. Skipping.
src/arch/x86/kvm/x86_cpu.cc:1688: warn: kvm-x86: MSR (0x40000001) unsupported by gem5. Skipping.
src/arch/x86/kvm/x86_cpu.cc:1688: warn: kvm-x86: MSR (0x40000020) unsupported by gem5. Skipping.
src/arch/x86/kvm/x86_cpu.cc:1688: warn: kvm-x86: MSR (0x40000021) unsupported by gem5. Skipping.
src/arch/x86/kvm/x86_cpu.cc:1688: warn: kvm-x86: MSR (0x40000022) unsupported by gem5. Skipping.
src/arch/x86/kvm/x86_cpu.cc:1688: warn: kvm-x86: MSR (0x40000023) unsupported by gem5. Skipping.
src/arch/x86/kvm/x86_cpu.cc:1688: warn: kvm-x86: MSR (0x40000100) unsupported by gem5. Skipping.
src/arch/x86/kvm/x86_cpu.cc:1688: warn: kvm-x86: MSR (0x40000101) unsupported by gem5. Skipping.
src/arch/x86/kvm/x86_cpu.cc:1688: warn: kvm-x86: MSR (0x40000102) unsupported by gem5. Skipping.
src/arch/x86/kvm/x86_cpu.cc:1688: warn: kvm-x86: MSR (0x40000103) unsupported by gem5. Skipping.
src/arch/x86/kvm/x86_cpu.cc:1688: warn: kvm-x86: MSR (0x40000104) unsupported by gem5. Skipping.
src/arch/x86/kvm/x86_cpu.cc:1688: warn: kvm-x86: MSR (0x40000105) unsupported by gem5. Skipping.
src/arch/x86/kvm/x86_cpu.cc:1688: warn: kvm-x86: MSR (0x40000003) unsupported by gem5. Skipping.
src/arch/x86/kvm/x86_cpu.cc:1688: warn: kvm-x86: MSR (0x40000002) unsupported by gem5. Skipping.
src/arch/x86/kvm/x86_cpu.cc:1688: warn: kvm-x86: MSR (0x40000010) unsupported by gem5. Skipping.
src/arch/x86/kvm/x86_cpu.cc:1688: warn: kvm-x86: MSR (0x40000080) unsupported by gem5. Skipping.
src/arch/x86/kvm/x86_cpu.cc:1688: warn: kvm-x86: MSR (0x400000b0) unsupported by gem5. Skipping.
src/arch/x86/kvm/x86_cpu.cc:1688: warn: kvm-x86: MSR (0x40000073) unsupported by gem5. Skipping.
src/arch/x86/kvm/x86_cpu.cc:1688: warn: kvm-x86: MSR (0x40000106) unsupported by gem5. Skipping.
src/arch/x86/kvm/x86_cpu.cc:1688: warn: kvm-x86: MSR (0x40000107) unsupported by gem5. Skipping.
src/arch/x86/kvm/x86_cpu.cc:1688: warn: kvm-x86: MSR (0x40000108) unsupported by gem5. Skipping.
src/arch/x86/kvm/x86_cpu.cc:1688: warn: kvm-x86: MSR (0x40000118) unsupported by gem5. Skipping.
src/arch/x86/kvm/x86_cpu.cc:1688: warn: kvm-x86: MSR (0x400000ff) unsupported by gem5. Skipping.
src/arch/x86/kvm/x86_cpu.cc:1688: warn: kvm-x86: MSR (0x400000f1) unsupported by gem5. Skipping.
src/arch/x86/kvm/x86_cpu.cc:1688: warn: kvm-x86: MSR (0x400000f2) unsupported by gem5. Skipping.
src/arch/x86/kvm/x86_cpu.cc:1688: warn: kvm-x86: MSR (0x400000f3) unsupported by gem5. Skipping.
src/arch/x86/kvm/x86_cpu.cc:1688: warn: kvm-x86: MSR (0x400000f4) unsupported by gem5. Skipping.
src/arch/x86/kvm/x86_cpu.cc:1688: warn: kvm-x86: MSR (0x400000f5) unsupported by gem5. Skipping.
src/arch/x86/kvm/x86_cpu.cc:1688: warn: kvm-x86: MSR (0x4b564d02) unsupported by gem5. Skipping.
src/arch/x86/kvm/x86_cpu.cc:1688: warn: kvm-x86: MSR (0x4b564d03) unsupported by gem5. Skipping.
src/arch/x86/kvm/x86_cpu.cc:1688: warn: kvm-x86: MSR (0x4b564d04) unsupported by gem5. Skipping.
src/arch/x86/kvm/x86_cpu.cc:1688: warn: kvm-x86: MSR (0x4b564d06) unsupported by gem5. Skipping.
src/arch/x86/kvm/x86_cpu.cc:1688: warn: kvm-x86: MSR (0x4b564d07) unsupported by gem5. Skipping.
src/arch/x86/kvm/x86_cpu.cc:1688: warn: kvm-x86: MSR (0x3b) unsupported by gem5. Skipping.
src/arch/x86/kvm/x86_cpu.cc:1688: warn: kvm-x86: MSR (0x6e0) unsupported by gem5. Skipping.
src/arch/x86/kvm/x86_cpu.cc:1688: warn: kvm-x86: MSR (0x10a) unsupported by gem5. Skipping.
src/arch/x86/kvm/x86_cpu.cc:1688: warn: kvm-x86: MSR (0x345) unsupported by gem5. Skipping.
src/arch/x86/kvm/x86_cpu.cc:1688: warn: kvm-x86: MSR (0x1a0) unsupported by gem5. Skipping.
src/arch/x86/kvm/x86_cpu.cc:1688: warn: kvm-x86: MSR (0x4d0) unsupported by gem5. Skipping.
src/arch/x86/kvm/x86_cpu.cc:1688: warn: kvm-x86: MSR (0x9e) unsupported by gem5. Skipping.
src/arch/x86/kvm/x86_cpu.cc:1688: warn: kvm-x86: MSR (0x34) unsupported by gem5. Skipping.
src/arch/x86/kvm/x86_cpu.cc:1688: warn: kvm-x86: MSR (0xce) unsupported by gem5. Skipping.
src/arch/x86/kvm/x86_cpu.cc:1688: warn: kvm-x86: MSR (0x140) unsupported by gem5. Skipping.
src/arch/x86/kvm/x86_cpu.cc:1688: warn: kvm-x86: MSR (0x1fc) unsupported by gem5. Skipping.
src/arch/x86/kvm/x86_cpu.cc:1688: warn: kvm-x86: MSR (0x8b) unsupported by gem5. Skipping.
src/arch/x86/kvm/x86_cpu.cc:1688: warn: kvm-x86: MSR (0x480) unsupported by gem5. Skipping.
src/arch/x86/kvm/x86_cpu.cc:1688: warn: kvm-x86: MSR (0x48d) unsupported by gem5. Skipping.
src/arch/x86/kvm/x86_cpu.cc:1688: warn: kvm-x86: MSR (0x48e) unsupported by gem5. Skipping.
src/arch/x86/kvm/x86_cpu.cc:1688: warn: kvm-x86: MSR (0x48f) unsupported by gem5. Skipping.
src/arch/x86/kvm/x86_cpu.cc:1688: warn: kvm-x86: MSR (0x490) unsupported by gem5. Skipping.
src/arch/x86/kvm/x86_cpu.cc:1688: warn: kvm-x86: MSR (0x485) unsupported by gem5. Skipping.
src/arch/x86/kvm/x86_cpu.cc:1688: warn: kvm-x86: MSR (0x486) unsupported by gem5. Skipping.
src/arch/x86/kvm/x86_cpu.cc:1688: warn: kvm-x86: MSR (0x488) unsupported by gem5. Skipping.
src/arch/x86/kvm/x86_cpu.cc:1688: warn: kvm-x86: MSR (0x48a) unsupported by gem5. Skipping.
src/arch/x86/kvm/x86_cpu.cc:1688: warn: kvm-x86: MSR (0x48b) unsupported by gem5. Skipping.
src/arch/x86/kvm/x86_cpu.cc:1688: warn: kvm-x86: MSR (0x48c) unsupported by gem5. Skipping.
src/arch/x86/kvm/x86_cpu.cc:1688: warn: kvm-x86: MSR (0x491) unsupported by gem5. Skipping.
src/arch/x86/kvm/x86_cpu.cc:1688: warn: kvm-x86: MSR (0xc0010015) unsupported by gem5. Skipping.
src/arch/x86/kvm/x86_cpu.cc:1688: warn: kvm-x86: MSR (0x4b564d05) unsupported by gem5. Skipping.
src/arch/x86/kvm/x86_cpu.cc:563: warn: cs limit (0xffffffff) and g (0) combination is illegal.
src/arch/x86/kvm/x86_cpu.cc:1688: warn: kvm-x86: MSR (0x3a) unsupported by gem5. Skipping.
src/arch/x86/kvm/x86_cpu.cc:1688: warn: kvm-x86: MSR (0x48) unsupported by gem5. Skipping.
src/arch/x86/kvm/x86_cpu.cc:1688: warn: kvm-x86: MSR (0xe1) unsupported by gem5. Skipping.
src/arch/x86/kvm/x86_cpu.cc:1688: warn: kvm-x86: MSR (0x12) unsupported by gem5. Skipping.
src/arch/x86/kvm/x86_cpu.cc:1688: warn: kvm-x86: MSR (0x11) unsupported by gem5. Skipping.
src/arch/x86/kvm/x86_cpu.cc:1688: warn: kvm-x86: MSR (0x4b564d01) unsupported by gem5. Skipping.
src/arch/x86/kvm/x86_cpu.cc:1688: warn: kvm-x86: MSR (0x4b564d00) unsupported by gem5. Skipping.
src/arch/x86/kvm/x86_cpu.cc:1688: warn: kvm-x86: MSR (0x40000000) unsupported by gem5. Skipping.
src/arch/x86/kvm/x86_cpu.cc:1688: warn: kvm-x86: MSR (0x40000001) unsupported by gem5. Skipping.
src/arch/x86/kvm/x86_cpu.cc:1688: warn: kvm-x86: MSR (0x40000020) unsupported by gem5. Skipping.
src/arch/x86/kvm/x86_cpu.cc:1688: warn: kvm-x86: MSR (0x40000021) unsupported by gem5. Skipping.
src/arch/x86/kvm/x86_cpu.cc:1688: warn: kvm-x86: MSR (0x40000022) unsupported by gem5. Skipping.
src/arch/x86/kvm/x86_cpu.cc:1688: warn: kvm-x86: MSR (0x40000023) unsupported by gem5. Skipping.
src/arch/x86/kvm/x86_cpu.cc:1688: warn: kvm-x86: MSR (0x40000100) unsupported by gem5. Skipping.
src/arch/x86/kvm/x86_cpu.cc:1688: warn: kvm-x86: MSR (0x40000101) unsupported by gem5. Skipping.
src/arch/x86/kvm/x86_cpu.cc:1688: warn: kvm-x86: MSR (0x40000102) unsupported by gem5. Skipping.
src/arch/x86/kvm/x86_cpu.cc:1688: warn: kvm-x86: MSR (0x40000103) unsupported by gem5. Skipping.
src/arch/x86/kvm/x86_cpu.cc:1688: warn: kvm-x86: MSR (0x40000104) unsupported by gem5. Skipping.
src/arch/x86/kvm/x86_cpu.cc:1688: warn: kvm-x86: MSR (0x40000105) unsupported by gem5. Skipping.
src/arch/x86/kvm/x86_cpu.cc:1688: warn: kvm-x86: MSR (0x40000003) unsupported by gem5. Skipping.
src/arch/x86/kvm/x86_cpu.cc:1688: warn: kvm-x86: MSR (0x40000002) unsupported by gem5. Skipping.
src/arch/x86/kvm/x86_cpu.cc:1688: warn: kvm-x86: MSR (0x40000010) unsupported by gem5. Skipping.
src/arch/x86/kvm/x86_cpu.cc:1688: warn: kvm-x86: MSR (0x40000080) unsupported by gem5. Skipping.
src/arch/x86/kvm/x86_cpu.cc:1688: warn: kvm-x86: MSR (0x400000b0) unsupported by gem5. Skipping.
src/arch/x86/kvm/x86_cpu.cc:1688: warn: kvm-x86: MSR (0x40000073) unsupported by gem5. Skipping.
src/arch/x86/kvm/x86_cpu.cc:1688: warn: kvm-x86: MSR (0x40000106) unsupported by gem5. Skipping.
src/arch/x86/kvm/x86_cpu.cc:1688: warn: kvm-x86: MSR (0x40000107) unsupported by gem5. Skipping.
src/arch/x86/kvm/x86_cpu.cc:1688: warn: kvm-x86: MSR (0x40000108) unsupported by gem5. Skipping.
src/arch/x86/kvm/x86_cpu.cc:1688: warn: kvm-x86: MSR (0x40000118) unsupported by gem5. Skipping.
src/arch/x86/kvm/x86_cpu.cc:1688: warn: kvm-x86: MSR (0x400000ff) unsupported by gem5. Skipping.
src/arch/x86/kvm/x86_cpu.cc:1688: warn: kvm-x86: MSR (0x400000f1) unsupported by gem5. Skipping.
src/arch/x86/kvm/x86_cpu.cc:1688: warn: kvm-x86: MSR (0x400000f2) unsupported by gem5. Skipping.
src/arch/x86/kvm/x86_cpu.cc:1688: warn: kvm-x86: MSR (0x400000f3) unsupported by gem5. Skipping.
src/arch/x86/kvm/x86_cpu.cc:1688: warn: kvm-x86: MSR (0x400000f4) unsupported by gem5. Skipping.
src/arch/x86/kvm/x86_cpu.cc:1688: warn: kvm-x86: MSR (0x400000f5) unsupported by gem5. Skipping.
src/arch/x86/kvm/x86_cpu.cc:1688: warn: kvm-x86: MSR (0x4b564d02) unsupported by gem5. Skipping.
src/arch/x86/kvm/x86_cpu.cc:1688: warn: kvm-x86: MSR (0x4b564d03) unsupported by gem5. Skipping.
src/arch/x86/kvm/x86_cpu.cc:1688: warn: kvm-x86: MSR (0x4b564d04) unsupported by gem5. Skipping.
src/arch/x86/kvm/x86_cpu.cc:1688: warn: kvm-x86: MSR (0x4b564d06) unsupported by gem5. Skipping.
src/arch/x86/kvm/x86_cpu.cc:1688: warn: kvm-x86: MSR (0x4b564d07) unsupported by gem5. Skipping.
src/arch/x86/kvm/x86_cpu.cc:1688: warn: kvm-x86: MSR (0x3b) unsupported by gem5. Skipping.
src/arch/x86/kvm/x86_cpu.cc:1688: warn: kvm-x86: MSR (0x6e0) unsupported by gem5. Skipping.
src/arch/x86/kvm/x86_cpu.cc:1688: warn: kvm-x86: MSR (0x10a) unsupported by gem5. Skipping.
src/arch/x86/kvm/x86_cpu.cc:1688: warn: kvm-x86: MSR (0x345) unsupported by gem5. Skipping.
src/arch/x86/kvm/x86_cpu.cc:1688: warn: kvm-x86: MSR (0x1a0) unsupported by gem5. Skipping.
src/arch/x86/kvm/x86_cpu.cc:1688: warn: kvm-x86: MSR (0x4d0) unsupported by gem5. Skipping.
src/arch/x86/kvm/x86_cpu.cc:1688: warn: kvm-x86: MSR (0x9e) unsupported by gem5. Skipping.
src/arch/x86/kvm/x86_cpu.cc:1688: warn: kvm-x86: MSR (0x34) unsupported by gem5. Skipping.
src/arch/x86/kvm/x86_cpu.cc:1688: warn: kvm-x86: MSR (0xce) unsupported by gem5. Skipping.
src/arch/x86/kvm/x86_cpu.cc:1688: warn: kvm-x86: MSR (0x140) unsupported by gem5. Skipping.
src/arch/x86/kvm/x86_cpu.cc:1688: warn: kvm-x86: MSR (0x1fc) unsupported by gem5. Skipping.
src/arch/x86/kvm/x86_cpu.cc:1688: warn: kvm-x86: MSR (0x8b) unsupported by gem5. Skipping.
src/arch/x86/kvm/x86_cpu.cc:1688: warn: kvm-x86: MSR (0x480) unsupported by gem5. Skipping.
src/arch/x86/kvm/x86_cpu.cc:1688: warn: kvm-x86: MSR (0x48d) unsupported by gem5. Skipping.
src/arch/x86/kvm/x86_cpu.cc:1688: warn: kvm-x86: MSR (0x48e) unsupported by gem5. Skipping.
src/arch/x86/kvm/x86_cpu.cc:1688: warn: kvm-x86: MSR (0x48f) unsupported by gem5. Skipping.
src/arch/x86/kvm/x86_cpu.cc:1688: warn: kvm-x86: MSR (0x490) unsupported by gem5. Skipping.
src/arch/x86/kvm/x86_cpu.cc:1688: warn: kvm-x86: MSR (0x485) unsupported by gem5. Skipping.
src/arch/x86/kvm/x86_cpu.cc:1688: warn: kvm-x86: MSR (0x486) unsupported by gem5. Skipping.
src/arch/x86/kvm/x86_cpu.cc:1688: warn: kvm-x86: MSR (0x488) unsupported by gem5. Skipping.
src/arch/x86/kvm/x86_cpu.cc:1688: warn: kvm-x86: MSR (0x48a) unsupported by gem5. Skipping.
src/arch/x86/kvm/x86_cpu.cc:1688: warn: kvm-x86: MSR (0x48b) unsupported by gem5. Skipping.
src/arch/x86/kvm/x86_cpu.cc:1688: warn: kvm-x86: MSR (0x48c) unsupported by gem5. Skipping.
src/arch/x86/kvm/x86_cpu.cc:1688: warn: kvm-x86: MSR (0x491) unsupported by gem5. Skipping.
src/arch/x86/kvm/x86_cpu.cc:1688: warn: kvm-x86: MSR (0xc0010015) unsupported by gem5. Skipping.
src/arch/x86/kvm/x86_cpu.cc:1688: warn: kvm-x86: MSR (0x4b564d05) unsupported by gem5. Skipping.
src/arch/x86/kvm/x86_cpu.cc:563: warn: cs limit (0xffffffff) and g (0) combination is illegal.
src/arch/x86/kvm/x86_cpu.cc:563: warn: cs limit (0xffffffff) and g (0) combination is illegal.
src/arch/x86/kvm/x86_cpu.cc:563: warn: cs limit (0xffffffff) and g (0) combination is illegal.
src/arch/x86/kvm/x86_cpu.cc:1688: warn: kvm-x86: MSR (0x3a) unsupported by gem5. Skipping.
src/arch/x86/kvm/x86_cpu.cc:1688: warn: kvm-x86: MSR (0x48) unsupported by gem5. Skipping.
src/arch/x86/kvm/x86_cpu.cc:1688: warn: kvm-x86: MSR (0xe1) unsupported by gem5. Skipping.
src/arch/x86/kvm/x86_cpu.cc:1688: warn: kvm-x86: MSR (0x12) unsupported by gem5. Skipping.
src/arch/x86/kvm/x86_cpu.cc:1688: warn: kvm-x86: MSR (0x11) unsupported by gem5. Skipping.
src/arch/x86/kvm/x86_cpu.cc:1688: warn: kvm-x86: MSR (0x4b564d01) unsupported by gem5. Skipping.
src/arch/x86/kvm/x86_cpu.cc:1688: warn: kvm-x86: MSR (0x4b564d00) unsupported by gem5. Skipping.
src/arch/x86/kvm/x86_cpu.cc:1688: warn: kvm-x86: MSR (0x40000000) unsupported by gem5. Skipping.
src/arch/x86/kvm/x86_cpu.cc:1688: warn: kvm-x86: MSR (0x40000001) unsupported by gem5. Skipping.
src/arch/x86/kvm/x86_cpu.cc:1688: warn: kvm-x86: MSR (0x40000020) unsupported by gem5. Skipping.
src/arch/x86/kvm/x86_cpu.cc:1688: warn: kvm-x86: MSR (0x40000021) unsupported by gem5. Skipping.
src/arch/x86/kvm/x86_cpu.cc:1688: warn: kvm-x86: MSR (0x40000022) unsupported by gem5. Skipping.
src/arch/x86/kvm/x86_cpu.cc:1688: warn: kvm-x86: MSR (0x40000023) unsupported by gem5. Skipping.
src/arch/x86/kvm/x86_cpu.cc:1688: warn: kvm-x86: MSR (0x40000100) unsupported by gem5. Skipping.
src/arch/x86/kvm/x86_cpu.cc:1688: warn: kvm-x86: MSR (0x40000101) unsupported by gem5. Skipping.
src/arch/x86/kvm/x86_cpu.cc:1688: warn: kvm-x86: MSR (0x40000102) unsupported by gem5. Skipping.
src/arch/x86/kvm/x86_cpu.cc:1688: warn: kvm-x86: MSR (0x40000103) unsupported by gem5. Skipping.
src/arch/x86/kvm/x86_cpu.cc:1688: warn: kvm-x86: MSR (0x40000104) unsupported by gem5. Skipping.
src/arch/x86/kvm/x86_cpu.cc:1688: warn: kvm-x86: MSR (0x40000105) unsupported by gem5. Skipping.
src/arch/x86/kvm/x86_cpu.cc:1688: warn: kvm-x86: MSR (0x40000003) unsupported by gem5. Skipping.
src/arch/x86/kvm/x86_cpu.cc:1688: warn: kvm-x86: MSR (0x40000002) unsupported by gem5. Skipping.
src/arch/x86/kvm/x86_cpu.cc:1688: warn: kvm-x86: MSR (0x40000010) unsupported by gem5. Skipping.
src/arch/x86/kvm/x86_cpu.cc:1688: warn: kvm-x86: MSR (0x40000080) unsupported by gem5. Skipping.
src/arch/x86/kvm/x86_cpu.cc:1688: warn: kvm-x86: MSR (0x400000b0) unsupported by gem5. Skipping.
src/arch/x86/kvm/x86_cpu.cc:1688: warn: kvm-x86: MSR (0x40000073) unsupported by gem5. Skipping.
src/arch/x86/kvm/x86_cpu.cc:1688: warn: kvm-x86: MSR (0x40000106) unsupported by gem5. Skipping.
src/arch/x86/kvm/x86_cpu.cc:1688: warn: kvm-x86: MSR (0x40000107) unsupported by gem5. Skipping.
src/arch/x86/kvm/x86_cpu.cc:1688: warn: kvm-x86: MSR (0x40000108) unsupported by gem5. Skipping.
src/arch/x86/kvm/x86_cpu.cc:1688: warn: kvm-x86: MSR (0x40000118) unsupported by gem5. Skipping.
src/arch/x86/kvm/x86_cpu.cc:1688: warn: kvm-x86: MSR (0x400000ff) unsupported by gem5. Skipping.
src/arch/x86/kvm/x86_cpu.cc:1688: warn: kvm-x86: MSR (0x400000f1) unsupported by gem5. Skipping.
src/arch/x86/kvm/x86_cpu.cc:1688: warn: kvm-x86: MSR (0x400000f2) unsupported by gem5. Skipping.
src/arch/x86/kvm/x86_cpu.cc:1688: warn: kvm-x86: MSR (0x400000f3) unsupported by gem5. Skipping.
src/arch/x86/kvm/x86_cpu.cc:1688: warn: kvm-x86: MSR (0x400000f4) unsupported by gem5. Skipping.
src/arch/x86/kvm/x86_cpu.cc:1688: warn: kvm-x86: MSR (0x400000f5) unsupported by gem5. Skipping.
src/arch/x86/kvm/x86_cpu.cc:1688: warn: kvm-x86: MSR (0x4b564d02) unsupported by gem5. Skipping.
src/arch/x86/kvm/x86_cpu.cc:1688: warn: kvm-x86: MSR (0x4b564d03) unsupported by gem5. Skipping.
src/arch/x86/kvm/x86_cpu.cc:1688: warn: kvm-x86: MSR (0x4b564d04) unsupported by gem5. Skipping.
src/arch/x86/kvm/x86_cpu.cc:1688: warn: kvm-x86: MSR (0x4b564d06) unsupported by gem5. Skipping.
src/arch/x86/kvm/x86_cpu.cc:1688: warn: kvm-x86: MSR (0x4b564d07) unsupported by gem5. Skipping.
src/arch/x86/kvm/x86_cpu.cc:1688: warn: kvm-x86: MSR (0x3b) unsupported by gem5. Skipping.
src/arch/x86/kvm/x86_cpu.cc:1688: warn: kvm-x86: MSR (0x6e0) unsupported by gem5. Skipping.
src/arch/x86/kvm/x86_cpu.cc:1688: warn: kvm-x86: MSR (0x10a) unsupported by gem5. Skipping.
src/arch/x86/kvm/x86_cpu.cc:1688: warn: kvm-x86: MSR (0x345) unsupported by gem5. Skipping.
src/arch/x86/kvm/x86_cpu.cc:1688: warn: kvm-x86: MSR (0x1a0) unsupported by gem5. Skipping.
src/arch/x86/kvm/x86_cpu.cc:1688: warn: kvm-x86: MSR (0x4d0) unsupported by gem5. Skipping.
src/arch/x86/kvm/x86_cpu.cc:1688: warn: kvm-x86: MSR (0x9e) unsupported by gem5. Skipping.
src/arch/x86/kvm/x86_cpu.cc:1688: warn: kvm-x86: MSR (0x34) unsupported by gem5. Skipping.
src/arch/x86/kvm/x86_cpu.cc:1688: warn: kvm-x86: MSR (0xce) unsupported by gem5. Skipping.
src/arch/x86/kvm/x86_cpu.cc:1688: warn: kvm-x86: MSR (0x140) unsupported by gem5. Skipping.
src/arch/x86/kvm/x86_cpu.cc:1688: warn: kvm-x86: MSR (0x1fc) unsupported by gem5. Skipping.
src/arch/x86/kvm/x86_cpu.cc:1688: warn: kvm-x86: MSR (0x8b) unsupported by gem5. Skipping.
src/arch/x86/kvm/x86_cpu.cc:1688: warn: kvm-x86: MSR (0x480) unsupported by gem5. Skipping.
src/arch/x86/kvm/x86_cpu.cc:1688: warn: kvm-x86: MSR (0x48d) unsupported by gem5. Skipping.
src/arch/x86/kvm/x86_cpu.cc:1688: warn: kvm-x86: MSR (0x48e) unsupported by gem5. Skipping.
src/arch/x86/kvm/x86_cpu.cc:1688: warn: kvm-x86: MSR (0x48f) unsupported by gem5. Skipping.
src/arch/x86/kvm/x86_cpu.cc:1688: warn: kvm-x86: MSR (0x490) unsupported by gem5. Skipping.
src/arch/x86/kvm/x86_cpu.cc:1688: warn: kvm-x86: MSR (0x485) unsupported by gem5. Skipping.
src/arch/x86/kvm/x86_cpu.cc:1688: warn: kvm-x86: MSR (0x486) unsupported by gem5. Skipping.
src/arch/x86/kvm/x86_cpu.cc:1688: warn: kvm-x86: MSR (0x488) unsupported by gem5. Skipping.
src/arch/x86/kvm/x86_cpu.cc:1688: warn: kvm-x86: MSR (0x48a) unsupported by gem5. Skipping.
src/arch/x86/kvm/x86_cpu.cc:1688: warn: kvm-x86: MSR (0x48b) unsupported by gem5. Skipping.
src/arch/x86/kvm/x86_cpu.cc:1688: warn: kvm-x86: MSR (0x48c) unsupported by gem5. Skipping.
src/arch/x86/kvm/x86_cpu.cc:1688: warn: kvm-x86: MSR (0x491) unsupported by gem5. Skipping.
src/arch/x86/kvm/x86_cpu.cc:1688: warn: kvm-x86: MSR (0xc0010015) unsupported by gem5. Skipping.
src/arch/x86/kvm/x86_cpu.cc:1688: warn: kvm-x86: MSR (0x4b564d05) unsupported by gem5. Skipping.
src/arch/x86/kvm/x86_cpu.cc:563: warn: cs limit (0xffffffff) and g (0) combination is illegal.
src/arch/x86/kvm/x86_cpu.cc:563: warn: cs limit (0xffffffff) and g (0) combination is illegal.
src/arch/x86/kvm/x86_cpu.cc:563: warn: cs limit (0xffffffff) and g (0) combination is illegal.
src/arch/x86/kvm/x86_cpu.cc:1688: warn: kvm-x86: MSR (0x3a) unsupported by gem5. Skipping.
src/arch/x86/kvm/x86_cpu.cc:1688: warn: kvm-x86: MSR (0x48) unsupported by gem5. Skipping.
src/arch/x86/kvm/x86_cpu.cc:1688: warn: kvm-x86: MSR (0xe1) unsupported by gem5. Skipping.
src/arch/x86/kvm/x86_cpu.cc:1688: warn: kvm-x86: MSR (0x12) unsupported by gem5. Skipping.
src/arch/x86/kvm/x86_cpu.cc:1688: warn: kvm-x86: MSR (0x11) unsupported by gem5. Skipping.
src/arch/x86/kvm/x86_cpu.cc:1688: warn: kvm-x86: MSR (0x4b564d01) unsupported by gem5. Skipping.
src/arch/x86/kvm/x86_cpu.cc:1688: warn: kvm-x86: MSR (0x4b564d00) unsupported by gem5. Skipping.
src/arch/x86/kvm/x86_cpu.cc:1688: warn: kvm-x86: MSR (0x40000000) unsupported by gem5. Skipping.
src/arch/x86/kvm/x86_cpu.cc:1688: warn: kvm-x86: MSR (0x40000001) unsupported by gem5. Skipping.
src/arch/x86/kvm/x86_cpu.cc:1688: warn: kvm-x86: MSR (0x40000020) unsupported by gem5. Skipping.
src/arch/x86/kvm/x86_cpu.cc:1688: warn: kvm-x86: MSR (0x40000021) unsupported by gem5. Skipping.
src/arch/x86/kvm/x86_cpu.cc:1688: warn: kvm-x86: MSR (0x40000022) unsupported by gem5. Skipping.
src/arch/x86/kvm/x86_cpu.cc:1688: warn: kvm-x86: MSR (0x40000023) unsupported by gem5. Skipping.
src/arch/x86/kvm/x86_cpu.cc:1688: warn: kvm-x86: MSR (0x40000100) unsupported by gem5. Skipping.
src/arch/x86/kvm/x86_cpu.cc:1688: warn: kvm-x86: MSR (0x40000101) unsupported by gem5. Skipping.
src/arch/x86/kvm/x86_cpu.cc:1688: warn: kvm-x86: MSR (0x40000102) unsupported by gem5. Skipping.
src/arch/x86/kvm/x86_cpu.cc:1688: warn: kvm-x86: MSR (0x40000103) unsupported by gem5. Skipping.
src/arch/x86/kvm/x86_cpu.cc:1688: warn: kvm-x86: MSR (0x40000104) unsupported by gem5. Skipping.
src/arch/x86/kvm/x86_cpu.cc:1688: warn: kvm-x86: MSR (0x40000105) unsupported by gem5. Skipping.
src/arch/x86/kvm/x86_cpu.cc:1688: warn: kvm-x86: MSR (0x40000003) unsupported by gem5. Skipping.
src/arch/x86/kvm/x86_cpu.cc:1688: warn: kvm-x86: MSR (0x40000002) unsupported by gem5. Skipping.
src/arch/x86/kvm/x86_cpu.cc:1688: warn: kvm-x86: MSR (0x40000010) unsupported by gem5. Skipping.
src/arch/x86/kvm/x86_cpu.cc:1688: warn: kvm-x86: MSR (0x40000080) unsupported by gem5. Skipping.
src/arch/x86/kvm/x86_cpu.cc:1688: warn: kvm-x86: MSR (0x400000b0) unsupported by gem5. Skipping.
src/arch/x86/kvm/x86_cpu.cc:1688: warn: kvm-x86: MSR (0x40000073) unsupported by gem5. Skipping.
src/arch/x86/kvm/x86_cpu.cc:1688: warn: kvm-x86: MSR (0x40000106) unsupported by gem5. Skipping.
src/arch/x86/kvm/x86_cpu.cc:1688: warn: kvm-x86: MSR (0x40000107) unsupported by gem5. Skipping.
src/arch/x86/kvm/x86_cpu.cc:1688: warn: kvm-x86: MSR (0x40000108) unsupported by gem5. Skipping.
src/arch/x86/kvm/x86_cpu.cc:1688: warn: kvm-x86: MSR (0x40000118) unsupported by gem5. Skipping.
src/arch/x86/kvm/x86_cpu.cc:1688: warn: kvm-x86: MSR (0x400000ff) unsupported by gem5. Skipping.
src/arch/x86/kvm/x86_cpu.cc:1688: warn: kvm-x86: MSR (0x400000f1) unsupported by gem5. Skipping.
src/arch/x86/kvm/x86_cpu.cc:1688: warn: kvm-x86: MSR (0x400000f2) unsupported by gem5. Skipping.
src/arch/x86/kvm/x86_cpu.cc:1688: warn: kvm-x86: MSR (0x400000f3) unsupported by gem5. Skipping.
src/arch/x86/kvm/x86_cpu.cc:1688: warn: kvm-x86: MSR (0x400000f4) unsupported by gem5. Skipping.
src/arch/x86/kvm/x86_cpu.cc:1688: warn: kvm-x86: MSR (0x400000f5) unsupported by gem5. Skipping.
src/arch/x86/kvm/x86_cpu.cc:1688: warn: kvm-x86: MSR (0x4b564d02) unsupported by gem5. Skipping.
src/arch/x86/kvm/x86_cpu.cc:1688: warn: kvm-x86: MSR (0x4b564d03) unsupported by gem5. Skipping.
src/arch/x86/kvm/x86_cpu.cc:1688: warn: kvm-x86: MSR (0x4b564d04) unsupported by gem5. Skipping.
src/arch/x86/kvm/x86_cpu.cc:1688: warn: kvm-x86: MSR (0x4b564d06) unsupported by gem5. Skipping.
src/arch/x86/kvm/x86_cpu.cc:1688: warn: kvm-x86: MSR (0x4b564d07) unsupported by gem5. Skipping.
src/arch/x86/kvm/x86_cpu.cc:1688: warn: kvm-x86: MSR (0x3b) unsupported by gem5. Skipping.
src/arch/x86/kvm/x86_cpu.cc:1688: warn: kvm-x86: MSR (0x6e0) unsupported by gem5. Skipping.
src/arch/x86/kvm/x86_cpu.cc:1688: warn: kvm-x86: MSR (0x10a) unsupported by gem5. Skipping.
src/arch/x86/kvm/x86_cpu.cc:1688: warn: kvm-x86: MSR (0x345) unsupported by gem5. Skipping.
src/arch/x86/kvm/x86_cpu.cc:1688: warn: kvm-x86: MSR (0x1a0) unsupported by gem5. Skipping.
src/arch/x86/kvm/x86_cpu.cc:1688: warn: kvm-x86: MSR (0x4d0) unsupported by gem5. Skipping.
src/arch/x86/kvm/x86_cpu.cc:1688: warn: kvm-x86: MSR (0x9e) unsupported by gem5. Skipping.
src/arch/x86/kvm/x86_cpu.cc:1688: warn: kvm-x86: MSR (0x34) unsupported by gem5. Skipping.
src/arch/x86/kvm/x86_cpu.cc:1688: warn: kvm-x86: MSR (0xce) unsupported by gem5. Skipping.
src/arch/x86/kvm/x86_cpu.cc:1688: warn: kvm-x86: MSR (0x140) unsupported by gem5. Skipping.
src/arch/x86/kvm/x86_cpu.cc:1688: warn: kvm-x86: MSR (0x1fc) unsupported by gem5. Skipping.
src/arch/x86/kvm/x86_cpu.cc:1688: warn: kvm-x86: MSR (0x8b) unsupported by gem5. Skipping.
src/arch/x86/kvm/x86_cpu.cc:1688: warn: kvm-x86: MSR (0x480) unsupported by gem5. Skipping.
src/arch/x86/kvm/x86_cpu.cc:1688: warn: kvm-x86: MSR (0x48d) unsupported by gem5. Skipping.
src/arch/x86/kvm/x86_cpu.cc:1688: warn: kvm-x86: MSR (0x48e) unsupported by gem5. Skipping.
src/arch/x86/kvm/x86_cpu.cc:1688: warn: kvm-x86: MSR (0x48f) unsupported by gem5. Skipping.
src/arch/x86/kvm/x86_cpu.cc:1688: warn: kvm-x86: MSR (0x490) unsupported by gem5. Skipping.
src/arch/x86/kvm/x86_cpu.cc:1688: warn: kvm-x86: MSR (0x485) unsupported by gem5. Skipping.
src/arch/x86/kvm/x86_cpu.cc:1688: warn: kvm-x86: MSR (0x486) unsupported by gem5. Skipping.
src/arch/x86/kvm/x86_cpu.cc:1688: warn: kvm-x86: MSR (0x488) unsupported by gem5. Skipping.
src/arch/x86/kvm/x86_cpu.cc:1688: warn: kvm-x86: MSR (0x48a) unsupported by gem5. Skipping.
src/arch/x86/kvm/x86_cpu.cc:1688: warn: kvm-x86: MSR (0x48b) unsupported by gem5. Skipping.
src/arch/x86/kvm/x86_cpu.cc:1688: warn: kvm-x86: MSR (0x48c) unsupported by gem5. Skipping.
src/arch/x86/kvm/x86_cpu.cc:1688: warn: kvm-x86: MSR (0x491) unsupported by gem5. Skipping.
src/arch/x86/kvm/x86_cpu.cc:1688: warn: kvm-x86: MSR (0xc0010015) unsupported by gem5. Skipping.
src/arch/x86/kvm/x86_cpu.cc:1688: warn: kvm-x86: MSR (0x4b564d05) unsupported by gem5. Skipping.
src/arch/x86/kvm/x86_cpu.cc:563: warn: cs limit (0xffffffff) and g (0) combination is illegal.
src/arch/x86/kvm/x86_cpu.cc:563: warn: cs limit (0xffffffff) and g (0) combination is illegal.
src/arch/x86/kvm/x86_cpu.cc:563: warn: cs limit (0xffffffff) and g (0) combination is illegal.
src/arch/x86/kvm/x86_cpu.cc:1688: warn: kvm-x86: MSR (0x3a) unsupported by gem5. Skipping.
src/arch/x86/kvm/x86_cpu.cc:1688: warn: kvm-x86: MSR (0x48) unsupported by gem5. Skipping.
src/arch/x86/kvm/x86_cpu.cc:1688: warn: kvm-x86: MSR (0xe1) unsupported by gem5. Skipping.
src/arch/x86/kvm/x86_cpu.cc:1688: warn: kvm-x86: MSR (0x12) unsupported by gem5. Skipping.
src/arch/x86/kvm/x86_cpu.cc:1688: warn: kvm-x86: MSR (0x11) unsupported by gem5. Skipping.
src/arch/x86/kvm/x86_cpu.cc:1688: warn: kvm-x86: MSR (0x4b564d01) unsupported by gem5. Skipping.
src/arch/x86/kvm/x86_cpu.cc:1688: warn: kvm-x86: MSR (0x4b564d00) unsupported by gem5. Skipping.
src/arch/x86/kvm/x86_cpu.cc:1688: warn: kvm-x86: MSR (0x40000000) unsupported by gem5. Skipping.
src/arch/x86/kvm/x86_cpu.cc:1688: warn: kvm-x86: MSR (0x40000001) unsupported by gem5. Skipping.
src/arch/x86/kvm/x86_cpu.cc:1688: warn: kvm-x86: MSR (0x40000020) unsupported by gem5. Skipping.
src/arch/x86/kvm/x86_cpu.cc:1688: warn: kvm-x86: MSR (0x40000021) unsupported by gem5. Skipping.
src/arch/x86/kvm/x86_cpu.cc:1688: warn: kvm-x86: MSR (0x40000022) unsupported by gem5. Skipping.
src/arch/x86/kvm/x86_cpu.cc:1688: warn: kvm-x86: MSR (0x40000023) unsupported by gem5. Skipping.
src/arch/x86/kvm/x86_cpu.cc:1688: warn: kvm-x86: MSR (0x40000100) unsupported by gem5. Skipping.
src/arch/x86/kvm/x86_cpu.cc:1688: warn: kvm-x86: MSR (0x40000101) unsupported by gem5. Skipping.
src/arch/x86/kvm/x86_cpu.cc:1688: warn: kvm-x86: MSR (0x40000102) unsupported by gem5. Skipping.
src/arch/x86/kvm/x86_cpu.cc:1688: warn: kvm-x86: MSR (0x40000103) unsupported by gem5. Skipping.
src/arch/x86/kvm/x86_cpu.cc:1688: warn: kvm-x86: MSR (0x40000104) unsupported by gem5. Skipping.
src/arch/x86/kvm/x86_cpu.cc:1688: warn: kvm-x86: MSR (0x40000105) unsupported by gem5. Skipping.
src/arch/x86/kvm/x86_cpu.cc:1688: warn: kvm-x86: MSR (0x40000003) unsupported by gem5. Skipping.
src/arch/x86/kvm/x86_cpu.cc:1688: warn: kvm-x86: MSR (0x40000002) unsupported by gem5. Skipping.
src/arch/x86/kvm/x86_cpu.cc:1688: warn: kvm-x86: MSR (0x40000010) unsupported by gem5. Skipping.
src/arch/x86/kvm/x86_cpu.cc:1688: warn: kvm-x86: MSR (0x40000080) unsupported by gem5. Skipping.
src/arch/x86/kvm/x86_cpu.cc:1688: warn: kvm-x86: MSR (0x400000b0) unsupported by gem5. Skipping.
src/arch/x86/kvm/x86_cpu.cc:1688: warn: kvm-x86: MSR (0x40000073) unsupported by gem5. Skipping.
src/arch/x86/kvm/x86_cpu.cc:1688: warn: kvm-x86: MSR (0x40000106) unsupported by gem5. Skipping.
src/arch/x86/kvm/x86_cpu.cc:1688: warn: kvm-x86: MSR (0x40000107) unsupported by gem5. Skipping.
src/arch/x86/kvm/x86_cpu.cc:1688: warn: kvm-x86: MSR (0x40000108) unsupported by gem5. Skipping.
src/arch/x86/kvm/x86_cpu.cc:1688: warn: kvm-x86: MSR (0x40000118) unsupported by gem5. Skipping.
src/arch/x86/kvm/x86_cpu.cc:1688: warn: kvm-x86: MSR (0x400000ff) unsupported by gem5. Skipping.
src/arch/x86/kvm/x86_cpu.cc:1688: warn: kvm-x86: MSR (0x400000f1) unsupported by gem5. Skipping.
src/arch/x86/kvm/x86_cpu.cc:1688: warn: kvm-x86: MSR (0x400000f2) unsupported by gem5. Skipping.
src/arch/x86/kvm/x86_cpu.cc:1688: warn: kvm-x86: MSR (0x400000f3) unsupported by gem5. Skipping.
src/arch/x86/kvm/x86_cpu.cc:1688: warn: kvm-x86: MSR (0x400000f4) unsupported by gem5. Skipping.
src/arch/x86/kvm/x86_cpu.cc:1688: warn: kvm-x86: MSR (0x400000f5) unsupported by gem5. Skipping.
src/arch/x86/kvm/x86_cpu.cc:1688: warn: kvm-x86: MSR (0x4b564d02) unsupported by gem5. Skipping.
src/arch/x86/kvm/x86_cpu.cc:1688: warn: kvm-x86: MSR (0x4b564d03) unsupported by gem5. Skipping.
src/arch/x86/kvm/x86_cpu.cc:1688: warn: kvm-x86: MSR (0x4b564d04) unsupported by gem5. Skipping.
src/arch/x86/kvm/x86_cpu.cc:1688: warn: kvm-x86: MSR (0x4b564d06) unsupported by gem5. Skipping.
src/arch/x86/kvm/x86_cpu.cc:1688: warn: kvm-x86: MSR (0x4b564d07) unsupported by gem5. Skipping.
src/arch/x86/kvm/x86_cpu.cc:1688: warn: kvm-x86: MSR (0x3b) unsupported by gem5. Skipping.
src/arch/x86/kvm/x86_cpu.cc:1688: warn: kvm-x86: MSR (0x6e0) unsupported by gem5. Skipping.
src/arch/x86/kvm/x86_cpu.cc:1688: warn: kvm-x86: MSR (0x10a) unsupported by gem5. Skipping.
src/arch/x86/kvm/x86_cpu.cc:1688: warn: kvm-x86: MSR (0x345) unsupported by gem5. Skipping.
src/arch/x86/kvm/x86_cpu.cc:1688: warn: kvm-x86: MSR (0x1a0) unsupported by gem5. Skipping.
src/arch/x86/kvm/x86_cpu.cc:1688: warn: kvm-x86: MSR (0x4d0) unsupported by gem5. Skipping.
src/arch/x86/kvm/x86_cpu.cc:1688: warn: kvm-x86: MSR (0x9e) unsupported by gem5. Skipping.
src/arch/x86/kvm/x86_cpu.cc:1688: warn: kvm-x86: MSR (0x34) unsupported by gem5. Skipping.
src/arch/x86/kvm/x86_cpu.cc:1688: warn: kvm-x86: MSR (0xce) unsupported by gem5. Skipping.
src/arch/x86/kvm/x86_cpu.cc:1688: warn: kvm-x86: MSR (0x140) unsupported by gem5. Skipping.
src/arch/x86/kvm/x86_cpu.cc:1688: warn: kvm-x86: MSR (0x1fc) unsupported by gem5. Skipping.
src/arch/x86/kvm/x86_cpu.cc:1688: warn: kvm-x86: MSR (0x8b) unsupported by gem5. Skipping.
src/arch/x86/kvm/x86_cpu.cc:1688: warn: kvm-x86: MSR (0x480) unsupported by gem5. Skipping.
src/arch/x86/kvm/x86_cpu.cc:1688: warn: kvm-x86: MSR (0x48d) unsupported by gem5. Skipping.
src/arch/x86/kvm/x86_cpu.cc:1688: warn: kvm-x86: MSR (0x48e) unsupported by gem5. Skipping.
src/arch/x86/kvm/x86_cpu.cc:1688: warn: kvm-x86: MSR (0x48f) unsupported by gem5. Skipping.
src/arch/x86/kvm/x86_cpu.cc:1688: warn: kvm-x86: MSR (0x490) unsupported by gem5. Skipping.
src/arch/x86/kvm/x86_cpu.cc:1688: warn: kvm-x86: MSR (0x485) unsupported by gem5. Skipping.
src/arch/x86/kvm/x86_cpu.cc:1688: warn: kvm-x86: MSR (0x486) unsupported by gem5. Skipping.
src/arch/x86/kvm/x86_cpu.cc:1688: warn: kvm-x86: MSR (0x488) unsupported by gem5. Skipping.
src/arch/x86/kvm/x86_cpu.cc:1688: warn: kvm-x86: MSR (0x48a) unsupported by gem5. Skipping.
src/arch/x86/kvm/x86_cpu.cc:1688: warn: kvm-x86: MSR (0x48b) unsupported by gem5. Skipping.
src/arch/x86/kvm/x86_cpu.cc:1688: warn: kvm-x86: MSR (0x48c) unsupported by gem5. Skipping.
src/arch/x86/kvm/x86_cpu.cc:1688: warn: kvm-x86: MSR (0x491) unsupported by gem5. Skipping.
src/arch/x86/kvm/x86_cpu.cc:1688: warn: kvm-x86: MSR (0xc0010015) unsupported by gem5. Skipping.
src/arch/x86/kvm/x86_cpu.cc:1688: warn: kvm-x86: MSR (0x4b564d05) unsupported by gem5. Skipping.
src/arch/x86/kvm/x86_cpu.cc:563: warn: cs limit (0xffffffff) and g (0) combination is illegal.
src/arch/x86/kvm/x86_cpu.cc:563: warn: cs limit (0xffffffff) and g (0) combination is illegal.
src/arch/x86/kvm/x86_cpu.cc:563: warn: cs limit (0xffffffff) and g (0) combination is illegal.
src/arch/x86/kvm/x86_cpu.cc:1688: warn: kvm-x86: MSR (0x3a) unsupported by gem5. Skipping.
src/arch/x86/kvm/x86_cpu.cc:1688: warn: kvm-x86: MSR (0x48) unsupported by gem5. Skipping.
src/arch/x86/kvm/x86_cpu.cc:1688: warn: kvm-x86: MSR (0xe1) unsupported by gem5. Skipping.
src/arch/x86/kvm/x86_cpu.cc:1688: warn: kvm-x86: MSR (0x12) unsupported by gem5. Skipping.
src/arch/x86/kvm/x86_cpu.cc:1688: warn: kvm-x86: MSR (0x11) unsupported by gem5. Skipping.
src/arch/x86/kvm/x86_cpu.cc:1688: warn: kvm-x86: MSR (0x4b564d01) unsupported by gem5. Skipping.
src/arch/x86/kvm/x86_cpu.cc:1688: warn: kvm-x86: MSR (0x4b564d00) unsupported by gem5. Skipping.
src/arch/x86/kvm/x86_cpu.cc:1688: warn: kvm-x86: MSR (0x40000000) unsupported by gem5. Skipping.
src/arch/x86/kvm/x86_cpu.cc:1688: warn: kvm-x86: MSR (0x40000001) unsupported by gem5. Skipping.
src/arch/x86/kvm/x86_cpu.cc:1688: warn: kvm-x86: MSR (0x40000020) unsupported by gem5. Skipping.
src/arch/x86/kvm/x86_cpu.cc:1688: warn: kvm-x86: MSR (0x40000021) unsupported by gem5. Skipping.
src/arch/x86/kvm/x86_cpu.cc:1688: warn: kvm-x86: MSR (0x40000022) unsupported by gem5. Skipping.
src/arch/x86/kvm/x86_cpu.cc:1688: warn: kvm-x86: MSR (0x40000023) unsupported by gem5. Skipping.
src/arch/x86/kvm/x86_cpu.cc:1688: warn: kvm-x86: MSR (0x40000100) unsupported by gem5. Skipping.
src/arch/x86/kvm/x86_cpu.cc:1688: warn: kvm-x86: MSR (0x40000101) unsupported by gem5. Skipping.
src/arch/x86/kvm/x86_cpu.cc:1688: warn: kvm-x86: MSR (0x40000102) unsupported by gem5. Skipping.
src/arch/x86/kvm/x86_cpu.cc:1688: warn: kvm-x86: MSR (0x40000103) unsupported by gem5. Skipping.
src/arch/x86/kvm/x86_cpu.cc:1688: warn: kvm-x86: MSR (0x40000104) unsupported by gem5. Skipping.
src/arch/x86/kvm/x86_cpu.cc:1688: warn: kvm-x86: MSR (0x40000105) unsupported by gem5. Skipping.
src/arch/x86/kvm/x86_cpu.cc:1688: warn: kvm-x86: MSR (0x40000003) unsupported by gem5. Skipping.
src/arch/x86/kvm/x86_cpu.cc:1688: warn: kvm-x86: MSR (0x40000002) unsupported by gem5. Skipping.
src/arch/x86/kvm/x86_cpu.cc:1688: warn: kvm-x86: MSR (0x40000010) unsupported by gem5. Skipping.
src/arch/x86/kvm/x86_cpu.cc:1688: warn: kvm-x86: MSR (0x40000080) unsupported by gem5. Skipping.
src/arch/x86/kvm/x86_cpu.cc:1688: warn: kvm-x86: MSR (0x400000b0) unsupported by gem5. Skipping.
src/arch/x86/kvm/x86_cpu.cc:1688: warn: kvm-x86: MSR (0x40000073) unsupported by gem5. Skipping.
src/arch/x86/kvm/x86_cpu.cc:1688: warn: kvm-x86: MSR (0x40000106) unsupported by gem5. Skipping.
src/arch/x86/kvm/x86_cpu.cc:1688: warn: kvm-x86: MSR (0x40000107) unsupported by gem5. Skipping.
src/arch/x86/kvm/x86_cpu.cc:1688: warn: kvm-x86: MSR (0x40000108) unsupported by gem5. Skipping.
src/arch/x86/kvm/x86_cpu.cc:1688: warn: kvm-x86: MSR (0x40000118) unsupported by gem5. Skipping.
src/arch/x86/kvm/x86_cpu.cc:1688: warn: kvm-x86: MSR (0x400000ff) unsupported by gem5. Skipping.
src/arch/x86/kvm/x86_cpu.cc:1688: warn: kvm-x86: MSR (0x400000f1) unsupported by gem5. Skipping.
src/arch/x86/kvm/x86_cpu.cc:1688: warn: kvm-x86: MSR (0x400000f2) unsupported by gem5. Skipping.
src/arch/x86/kvm/x86_cpu.cc:1688: warn: kvm-x86: MSR (0x400000f3) unsupported by gem5. Skipping.
src/arch/x86/kvm/x86_cpu.cc:1688: warn: kvm-x86: MSR (0x400000f4) unsupported by gem5. Skipping.
src/arch/x86/kvm/x86_cpu.cc:1688: warn: kvm-x86: MSR (0x400000f5) unsupported by gem5. Skipping.
src/arch/x86/kvm/x86_cpu.cc:1688: warn: kvm-x86: MSR (0x4b564d02) unsupported by gem5. Skipping.
src/arch/x86/kvm/x86_cpu.cc:1688: warn: kvm-x86: MSR (0x4b564d03) unsupported by gem5. Skipping.
src/arch/x86/kvm/x86_cpu.cc:1688: warn: kvm-x86: MSR (0x4b564d04) unsupported by gem5. Skipping.
src/arch/x86/kvm/x86_cpu.cc:1688: warn: kvm-x86: MSR (0x4b564d06) unsupported by gem5. Skipping.
src/arch/x86/kvm/x86_cpu.cc:1688: warn: kvm-x86: MSR (0x4b564d07) unsupported by gem5. Skipping.
src/arch/x86/kvm/x86_cpu.cc:1688: warn: kvm-x86: MSR (0x3b) unsupported by gem5. Skipping.
src/arch/x86/kvm/x86_cpu.cc:1688: warn: kvm-x86: MSR (0x6e0) unsupported by gem5. Skipping.
src/arch/x86/kvm/x86_cpu.cc:1688: warn: kvm-x86: MSR (0x10a) unsupported by gem5. Skipping.
src/arch/x86/kvm/x86_cpu.cc:1688: warn: kvm-x86: MSR (0x345) unsupported by gem5. Skipping.
src/arch/x86/kvm/x86_cpu.cc:1688: warn: kvm-x86: MSR (0x1a0) unsupported by gem5. Skipping.
src/arch/x86/kvm/x86_cpu.cc:1688: warn: kvm-x86: MSR (0x4d0) unsupported by gem5. Skipping.
src/arch/x86/kvm/x86_cpu.cc:1688: warn: kvm-x86: MSR (0x9e) unsupported by gem5. Skipping.
src/arch/x86/kvm/x86_cpu.cc:1688: warn: kvm-x86: MSR (0x34) unsupported by gem5. Skipping.
src/arch/x86/kvm/x86_cpu.cc:1688: warn: kvm-x86: MSR (0xce) unsupported by gem5. Skipping.
src/arch/x86/kvm/x86_cpu.cc:1688: warn: kvm-x86: MSR (0x140) unsupported by gem5. Skipping.
src/arch/x86/kvm/x86_cpu.cc:1688: warn: kvm-x86: MSR (0x1fc) unsupported by gem5. Skipping.
src/arch/x86/kvm/x86_cpu.cc:1688: warn: kvm-x86: MSR (0x8b) unsupported by gem5. Skipping.
src/arch/x86/kvm/x86_cpu.cc:1688: warn: kvm-x86: MSR (0x480) unsupported by gem5. Skipping.
src/arch/x86/kvm/x86_cpu.cc:1688: warn: kvm-x86: MSR (0x48d) unsupported by gem5. Skipping.
src/arch/x86/kvm/x86_cpu.cc:1688: warn: kvm-x86: MSR (0x48e) unsupported by gem5. Skipping.
src/arch/x86/kvm/x86_cpu.cc:1688: warn: kvm-x86: MSR (0x48f) unsupported by gem5. Skipping.
src/arch/x86/kvm/x86_cpu.cc:1688: warn: kvm-x86: MSR (0x490) unsupported by gem5. Skipping.
src/arch/x86/kvm/x86_cpu.cc:1688: warn: kvm-x86: MSR (0x485) unsupported by gem5. Skipping.
src/arch/x86/kvm/x86_cpu.cc:1688: warn: kvm-x86: MSR (0x486) unsupported by gem5. Skipping.
src/arch/x86/kvm/x86_cpu.cc:1688: warn: kvm-x86: MSR (0x488) unsupported by gem5. Skipping.
src/arch/x86/kvm/x86_cpu.cc:1688: warn: kvm-x86: MSR (0x48a) unsupported by gem5. Skipping.
src/arch/x86/kvm/x86_cpu.cc:1688: warn: kvm-x86: MSR (0x48b) unsupported by gem5. Skipping.
src/arch/x86/kvm/x86_cpu.cc:1688: warn: kvm-x86: MSR (0x48c) unsupported by gem5. Skipping.
src/arch/x86/kvm/x86_cpu.cc:1688: warn: kvm-x86: MSR (0x491) unsupported by gem5. Skipping.
src/arch/x86/kvm/x86_cpu.cc:1688: warn: kvm-x86: MSR (0xc0010015) unsupported by gem5. Skipping.
src/arch/x86/kvm/x86_cpu.cc:1688: warn: kvm-x86: MSR (0x4b564d05) unsupported by gem5. Skipping.
src/arch/x86/kvm/x86_cpu.cc:563: warn: cs limit (0xffffffff) and g (0) combination is illegal.
src/arch/x86/kvm/x86_cpu.cc:563: warn: cs limit (0xffffffff) and g (0) combination is illegal.
src/arch/x86/kvm/x86_cpu.cc:563: warn: cs limit (0xffffffff) and g (0) combination is illegal.
src/arch/x86/kvm/x86_cpu.cc:1688: warn: kvm-x86: MSR (0x3a) unsupported by gem5. Skipping.
src/arch/x86/kvm/x86_cpu.cc:1688: warn: kvm-x86: MSR (0x48) unsupported by gem5. Skipping.
src/arch/x86/kvm/x86_cpu.cc:1688: warn: kvm-x86: MSR (0xe1) unsupported by gem5. Skipping.
src/arch/x86/kvm/x86_cpu.cc:1688: warn: kvm-x86: MSR (0x12) unsupported by gem5. Skipping.
src/arch/x86/kvm/x86_cpu.cc:1688: warn: kvm-x86: MSR (0x11) unsupported by gem5. Skipping.
src/arch/x86/kvm/x86_cpu.cc:1688: warn: kvm-x86: MSR (0x4b564d01) unsupported by gem5. Skipping.
src/arch/x86/kvm/x86_cpu.cc:1688: warn: kvm-x86: MSR (0x4b564d00) unsupported by gem5. Skipping.
src/arch/x86/kvm/x86_cpu.cc:1688: warn: kvm-x86: MSR (0x40000000) unsupported by gem5. Skipping.
src/arch/x86/kvm/x86_cpu.cc:1688: warn: kvm-x86: MSR (0x40000001) unsupported by gem5. Skipping.
src/arch/x86/kvm/x86_cpu.cc:1688: warn: kvm-x86: MSR (0x40000020) unsupported by gem5. Skipping.
src/arch/x86/kvm/x86_cpu.cc:1688: warn: kvm-x86: MSR (0x40000021) unsupported by gem5. Skipping.
src/arch/x86/kvm/x86_cpu.cc:1688: warn: kvm-x86: MSR (0x40000022) unsupported by gem5. Skipping.
src/arch/x86/kvm/x86_cpu.cc:1688: warn: kvm-x86: MSR (0x40000023) unsupported by gem5. Skipping.
src/arch/x86/kvm/x86_cpu.cc:1688: warn: kvm-x86: MSR (0x40000100) unsupported by gem5. Skipping.
src/arch/x86/kvm/x86_cpu.cc:1688: warn: kvm-x86: MSR (0x40000101) unsupported by gem5. Skipping.
src/arch/x86/kvm/x86_cpu.cc:1688: warn: kvm-x86: MSR (0x40000102) unsupported by gem5. Skipping.
src/arch/x86/kvm/x86_cpu.cc:1688: warn: kvm-x86: MSR (0x40000103) unsupported by gem5. Skipping.
src/arch/x86/kvm/x86_cpu.cc:1688: warn: kvm-x86: MSR (0x40000104) unsupported by gem5. Skipping.
src/arch/x86/kvm/x86_cpu.cc:1688: warn: kvm-x86: MSR (0x40000105) unsupported by gem5. Skipping.
src/arch/x86/kvm/x86_cpu.cc:1688: warn: kvm-x86: MSR (0x40000003) unsupported by gem5. Skipping.
src/arch/x86/kvm/x86_cpu.cc:1688: warn: kvm-x86: MSR (0x40000002) unsupported by gem5. Skipping.
src/arch/x86/kvm/x86_cpu.cc:1688: warn: kvm-x86: MSR (0x40000010) unsupported by gem5. Skipping.
src/arch/x86/kvm/x86_cpu.cc:1688: warn: kvm-x86: MSR (0x40000080) unsupported by gem5. Skipping.
src/arch/x86/kvm/x86_cpu.cc:1688: warn: kvm-x86: MSR (0x400000b0) unsupported by gem5. Skipping.
src/arch/x86/kvm/x86_cpu.cc:1688: warn: kvm-x86: MSR (0x40000073) unsupported by gem5. Skipping.
src/arch/x86/kvm/x86_cpu.cc:1688: warn: kvm-x86: MSR (0x40000106) unsupported by gem5. Skipping.
src/arch/x86/kvm/x86_cpu.cc:1688: warn: kvm-x86: MSR (0x40000107) unsupported by gem5. Skipping.
src/arch/x86/kvm/x86_cpu.cc:1688: warn: kvm-x86: MSR (0x40000108) unsupported by gem5. Skipping.
src/arch/x86/kvm/x86_cpu.cc:1688: warn: kvm-x86: MSR (0x40000118) unsupported by gem5. Skipping.
src/arch/x86/kvm/x86_cpu.cc:1688: warn: kvm-x86: MSR (0x400000ff) unsupported by gem5. Skipping.
src/arch/x86/kvm/x86_cpu.cc:1688: warn: kvm-x86: MSR (0x400000f1) unsupported by gem5. Skipping.
src/arch/x86/kvm/x86_cpu.cc:1688: warn: kvm-x86: MSR (0x400000f2) unsupported by gem5. Skipping.
src/arch/x86/kvm/x86_cpu.cc:1688: warn: kvm-x86: MSR (0x400000f3) unsupported by gem5. Skipping.
src/arch/x86/kvm/x86_cpu.cc:1688: warn: kvm-x86: MSR (0x400000f4) unsupported by gem5. Skipping.
src/arch/x86/kvm/x86_cpu.cc:1688: warn: kvm-x86: MSR (0x400000f5) unsupported by gem5. Skipping.
src/arch/x86/kvm/x86_cpu.cc:1688: warn: kvm-x86: MSR (0x4b564d02) unsupported by gem5. Skipping.
src/arch/x86/kvm/x86_cpu.cc:1688: warn: kvm-x86: MSR (0x4b564d03) unsupported by gem5. Skipping.
src/arch/x86/kvm/x86_cpu.cc:1688: warn: kvm-x86: MSR (0x4b564d04) unsupported by gem5. Skipping.
src/arch/x86/kvm/x86_cpu.cc:1688: warn: kvm-x86: MSR (0x4b564d06) unsupported by gem5. Skipping.
src/arch/x86/kvm/x86_cpu.cc:1688: warn: kvm-x86: MSR (0x4b564d07) unsupported by gem5. Skipping.
src/arch/x86/kvm/x86_cpu.cc:1688: warn: kvm-x86: MSR (0x3b) unsupported by gem5. Skipping.
src/arch/x86/kvm/x86_cpu.cc:1688: warn: kvm-x86: MSR (0x6e0) unsupported by gem5. Skipping.
src/arch/x86/kvm/x86_cpu.cc:1688: warn: kvm-x86: MSR (0x10a) unsupported by gem5. Skipping.
src/arch/x86/kvm/x86_cpu.cc:1688: warn: kvm-x86: MSR (0x345) unsupported by gem5. Skipping.
src/arch/x86/kvm/x86_cpu.cc:1688: warn: kvm-x86: MSR (0x1a0) unsupported by gem5. Skipping.
src/arch/x86/kvm/x86_cpu.cc:1688: warn: kvm-x86: MSR (0x4d0) unsupported by gem5. Skipping.
src/arch/x86/kvm/x86_cpu.cc:1688: warn: kvm-x86: MSR (0x9e) unsupported by gem5. Skipping.
src/arch/x86/kvm/x86_cpu.cc:1688: warn: kvm-x86: MSR (0x34) unsupported by gem5. Skipping.
src/arch/x86/kvm/x86_cpu.cc:1688: warn: kvm-x86: MSR (0xce) unsupported by gem5. Skipping.
src/arch/x86/kvm/x86_cpu.cc:1688: warn: kvm-x86: MSR (0x140) unsupported by gem5. Skipping.
src/arch/x86/kvm/x86_cpu.cc:1688: warn: kvm-x86: MSR (0x1fc) unsupported by gem5. Skipping.
src/arch/x86/kvm/x86_cpu.cc:1688: warn: kvm-x86: MSR (0x8b) unsupported by gem5. Skipping.
src/arch/x86/kvm/x86_cpu.cc:1688: warn: kvm-x86: MSR (0x480) unsupported by gem5. Skipping.
src/arch/x86/kvm/x86_cpu.cc:1688: warn: kvm-x86: MSR (0x48d) unsupported by gem5. Skipping.
src/arch/x86/kvm/x86_cpu.cc:1688: warn: kvm-x86: MSR (0x48e) unsupported by gem5. Skipping.
src/arch/x86/kvm/x86_cpu.cc:1688: warn: kvm-x86: MSR (0x48f) unsupported by gem5. Skipping.
src/arch/x86/kvm/x86_cpu.cc:1688: warn: kvm-x86: MSR (0x490) unsupported by gem5. Skipping.
src/arch/x86/kvm/x86_cpu.cc:1688: warn: kvm-x86: MSR (0x485) unsupported by gem5. Skipping.
src/arch/x86/kvm/x86_cpu.cc:1688: warn: kvm-x86: MSR (0x486) unsupported by gem5. Skipping.
src/arch/x86/kvm/x86_cpu.cc:1688: warn: kvm-x86: MSR (0x488) unsupported by gem5. Skipping.
src/arch/x86/kvm/x86_cpu.cc:1688: warn: kvm-x86: MSR (0x48a) unsupported by gem5. Skipping.
src/arch/x86/kvm/x86_cpu.cc:1688: warn: kvm-x86: MSR (0x48b) unsupported by gem5. Skipping.
src/arch/x86/kvm/x86_cpu.cc:1688: warn: kvm-x86: MSR (0x48c) unsupported by gem5. Skipping.
src/arch/x86/kvm/x86_cpu.cc:1688: warn: kvm-x86: MSR (0x491) unsupported by gem5. Skipping.
src/arch/x86/kvm/x86_cpu.cc:1688: warn: kvm-x86: MSR (0xc0010015) unsupported by gem5. Skipping.
src/arch/x86/kvm/x86_cpu.cc:1688: warn: kvm-x86: MSR (0x4b564d05) unsupported by gem5. Skipping.
src/arch/x86/kvm/x86_cpu.cc:563: warn: cs limit (0xffffffff) and g (0) combination is illegal.
src/arch/x86/kvm/x86_cpu.cc:563: warn: cs limit (0xffffffff) and g (0) combination is illegal.
src/arch/x86/kvm/x86_cpu.cc:563: warn: cs limit (0xffffffff) and g (0) combination is illegal.
src/arch/x86/kvm/x86_cpu.cc:1688: warn: kvm-x86: MSR (0x3a) unsupported by gem5. Skipping.
src/arch/x86/kvm/x86_cpu.cc:1688: warn: kvm-x86: MSR (0x48) unsupported by gem5. Skipping.
src/arch/x86/kvm/x86_cpu.cc:1688: warn: kvm-x86: MSR (0xe1) unsupported by gem5. Skipping.
src/arch/x86/kvm/x86_cpu.cc:1688: warn: kvm-x86: MSR (0x12) unsupported by gem5. Skipping.
src/arch/x86/kvm/x86_cpu.cc:1688: warn: kvm-x86: MSR (0x11) unsupported by gem5. Skipping.
src/arch/x86/kvm/x86_cpu.cc:1688: warn: kvm-x86: MSR (0x4b564d01) unsupported by gem5. Skipping.
src/arch/x86/kvm/x86_cpu.cc:1688: warn: kvm-x86: MSR (0x4b564d00) unsupported by gem5. Skipping.
src/arch/x86/kvm/x86_cpu.cc:1688: warn: kvm-x86: MSR (0x40000000) unsupported by gem5. Skipping.
src/arch/x86/kvm/x86_cpu.cc:1688: warn: kvm-x86: MSR (0x40000001) unsupported by gem5. Skipping.
src/arch/x86/kvm/x86_cpu.cc:1688: warn: kvm-x86: MSR (0x40000020) unsupported by gem5. Skipping.
src/arch/x86/kvm/x86_cpu.cc:1688: warn: kvm-x86: MSR (0x40000021) unsupported by gem5. Skipping.
src/arch/x86/kvm/x86_cpu.cc:1688: warn: kvm-x86: MSR (0x40000022) unsupported by gem5. Skipping.
src/arch/x86/kvm/x86_cpu.cc:1688: warn: kvm-x86: MSR (0x40000023) unsupported by gem5. Skipping.
src/arch/x86/kvm/x86_cpu.cc:1688: warn: kvm-x86: MSR (0x40000100) unsupported by gem5. Skipping.
src/arch/x86/kvm/x86_cpu.cc:1688: warn: kvm-x86: MSR (0x40000101) unsupported by gem5. Skipping.
src/arch/x86/kvm/x86_cpu.cc:1688: warn: kvm-x86: MSR (0x40000102) unsupported by gem5. Skipping.
src/arch/x86/kvm/x86_cpu.cc:1688: warn: kvm-x86: MSR (0x40000103) unsupported by gem5. Skipping.
src/arch/x86/kvm/x86_cpu.cc:1688: warn: kvm-x86: MSR (0x40000104) unsupported by gem5. Skipping.
src/arch/x86/kvm/x86_cpu.cc:1688: warn: kvm-x86: MSR (0x40000105) unsupported by gem5. Skipping.
src/arch/x86/kvm/x86_cpu.cc:1688: warn: kvm-x86: MSR (0x40000003) unsupported by gem5. Skipping.
src/arch/x86/kvm/x86_cpu.cc:1688: warn: kvm-x86: MSR (0x40000002) unsupported by gem5. Skipping.
src/arch/x86/kvm/x86_cpu.cc:1688: warn: kvm-x86: MSR (0x40000010) unsupported by gem5. Skipping.
src/arch/x86/kvm/x86_cpu.cc:1688: warn: kvm-x86: MSR (0x40000080) unsupported by gem5. Skipping.
src/arch/x86/kvm/x86_cpu.cc:1688: warn: kvm-x86: MSR (0x400000b0) unsupported by gem5. Skipping.
src/arch/x86/kvm/x86_cpu.cc:1688: warn: kvm-x86: MSR (0x40000073) unsupported by gem5. Skipping.
src/arch/x86/kvm/x86_cpu.cc:1688: warn: kvm-x86: MSR (0x40000106) unsupported by gem5. Skipping.
src/arch/x86/kvm/x86_cpu.cc:1688: warn: kvm-x86: MSR (0x40000107) unsupported by gem5. Skipping.
src/arch/x86/kvm/x86_cpu.cc:1688: warn: kvm-x86: MSR (0x40000108) unsupported by gem5. Skipping.
src/arch/x86/kvm/x86_cpu.cc:1688: warn: kvm-x86: MSR (0x40000118) unsupported by gem5. Skipping.
src/arch/x86/kvm/x86_cpu.cc:1688: warn: kvm-x86: MSR (0x400000ff) unsupported by gem5. Skipping.
src/arch/x86/kvm/x86_cpu.cc:1688: warn: kvm-x86: MSR (0x400000f1) unsupported by gem5. Skipping.
src/arch/x86/kvm/x86_cpu.cc:1688: warn: kvm-x86: MSR (0x400000f2) unsupported by gem5. Skipping.
src/arch/x86/kvm/x86_cpu.cc:1688: warn: kvm-x86: MSR (0x400000f3) unsupported by gem5. Skipping.
src/arch/x86/kvm/x86_cpu.cc:1688: warn: kvm-x86: MSR (0x400000f4) unsupported by gem5. Skipping.
src/arch/x86/kvm/x86_cpu.cc:1688: warn: kvm-x86: MSR (0x400000f5) unsupported by gem5. Skipping.
src/arch/x86/kvm/x86_cpu.cc:1688: warn: kvm-x86: MSR (0x4b564d02) unsupported by gem5. Skipping.
src/arch/x86/kvm/x86_cpu.cc:1688: warn: kvm-x86: MSR (0x4b564d03) unsupported by gem5. Skipping.
src/arch/x86/kvm/x86_cpu.cc:1688: warn: kvm-x86: MSR (0x4b564d04) unsupported by gem5. Skipping.
src/arch/x86/kvm/x86_cpu.cc:1688: warn: kvm-x86: MSR (0x4b564d06) unsupported by gem5. Skipping.
src/arch/x86/kvm/x86_cpu.cc:1688: warn: kvm-x86: MSR (0x4b564d07) unsupported by gem5. Skipping.
src/arch/x86/kvm/x86_cpu.cc:1688: warn: kvm-x86: MSR (0x3b) unsupported by gem5. Skipping.
src/arch/x86/kvm/x86_cpu.cc:1688: warn: kvm-x86: MSR (0x6e0) unsupported by gem5. Skipping.
src/arch/x86/kvm/x86_cpu.cc:1688: warn: kvm-x86: MSR (0x10a) unsupported by gem5. Skipping.
src/arch/x86/kvm/x86_cpu.cc:1688: warn: kvm-x86: MSR (0x345) unsupported by gem5. Skipping.
src/arch/x86/kvm/x86_cpu.cc:1688: warn: kvm-x86: MSR (0x1a0) unsupported by gem5. Skipping.
src/arch/x86/kvm/x86_cpu.cc:1688: warn: kvm-x86: MSR (0x4d0) unsupported by gem5. Skipping.
src/arch/x86/kvm/x86_cpu.cc:1688: warn: kvm-x86: MSR (0x9e) unsupported by gem5. Skipping.
src/arch/x86/kvm/x86_cpu.cc:1688: warn: kvm-x86: MSR (0x34) unsupported by gem5. Skipping.
src/arch/x86/kvm/x86_cpu.cc:1688: warn: kvm-x86: MSR (0xce) unsupported by gem5. Skipping.
src/arch/x86/kvm/x86_cpu.cc:1688: warn: kvm-x86: MSR (0x140) unsupported by gem5. Skipping.
src/arch/x86/kvm/x86_cpu.cc:1688: warn: kvm-x86: MSR (0x1fc) unsupported by gem5. Skipping.
src/arch/x86/kvm/x86_cpu.cc:1688: warn: kvm-x86: MSR (0x8b) unsupported by gem5. Skipping.
src/arch/x86/kvm/x86_cpu.cc:1688: warn: kvm-x86: MSR (0x480) unsupported by gem5. Skipping.
src/arch/x86/kvm/x86_cpu.cc:1688: warn: kvm-x86: MSR (0x48d) unsupported by gem5. Skipping.
src/arch/x86/kvm/x86_cpu.cc:1688: warn: kvm-x86: MSR (0x48e) unsupported by gem5. Skipping.
src/arch/x86/kvm/x86_cpu.cc:1688: warn: kvm-x86: MSR (0x48f) unsupported by gem5. Skipping.
src/arch/x86/kvm/x86_cpu.cc:1688: warn: kvm-x86: MSR (0x490) unsupported by gem5. Skipping.
src/arch/x86/kvm/x86_cpu.cc:1688: warn: kvm-x86: MSR (0x485) unsupported by gem5. Skipping.
src/arch/x86/kvm/x86_cpu.cc:1688: warn: kvm-x86: MSR (0x486) unsupported by gem5. Skipping.
src/arch/x86/kvm/x86_cpu.cc:1688: warn: kvm-x86: MSR (0x488) unsupported by gem5. Skipping.
src/arch/x86/kvm/x86_cpu.cc:1688: warn: kvm-x86: MSR (0x48a) unsupported by gem5. Skipping.
src/arch/x86/kvm/x86_cpu.cc:1688: warn: kvm-x86: MSR (0x48b) unsupported by gem5. Skipping.
src/arch/x86/kvm/x86_cpu.cc:1688: warn: kvm-x86: MSR (0x48c) unsupported by gem5. Skipping.
src/arch/x86/kvm/x86_cpu.cc:1688: warn: kvm-x86: MSR (0x491) unsupported by gem5. Skipping.
src/arch/x86/kvm/x86_cpu.cc:1688: warn: kvm-x86: MSR (0xc0010015) unsupported by gem5. Skipping.
src/arch/x86/kvm/x86_cpu.cc:1688: warn: kvm-x86: MSR (0x4b564d05) unsupported by gem5. Skipping.
src/arch/x86/kvm/x86_cpu.cc:563: warn: cs limit (0xffffffff) and g (0) combination is illegal.
src/arch/x86/kvm/x86_cpu.cc:563: warn: cs limit (0xffffffff) and g (0) combination is illegal.
src/arch/x86/kvm/x86_cpu.cc:563: warn: cs limit (0xffffffff) and g (0) combination is illegal.
src/arch/x86/kvm/x86_cpu.cc:1688: warn: kvm-x86: MSR (0x3a) unsupported by gem5. Skipping.
src/arch/x86/kvm/x86_cpu.cc:1688: warn: kvm-x86: MSR (0x48) unsupported by gem5. Skipping.
src/arch/x86/kvm/x86_cpu.cc:1688: warn: kvm-x86: MSR (0xe1) unsupported by gem5. Skipping.
src/arch/x86/kvm/x86_cpu.cc:1688: warn: kvm-x86: MSR (0x12) unsupported by gem5. Skipping.
src/arch/x86/kvm/x86_cpu.cc:1688: warn: kvm-x86: MSR (0x11) unsupported by gem5. Skipping.
src/arch/x86/kvm/x86_cpu.cc:1688: warn: kvm-x86: MSR (0x4b564d01) unsupported by gem5. Skipping.
src/arch/x86/kvm/x86_cpu.cc:1688: warn: kvm-x86: MSR (0x4b564d00) unsupported by gem5. Skipping.
src/arch/x86/kvm/x86_cpu.cc:1688: warn: kvm-x86: MSR (0x40000000) unsupported by gem5. Skipping.
src/arch/x86/kvm/x86_cpu.cc:1688: warn: kvm-x86: MSR (0x40000001) unsupported by gem5. Skipping.
src/arch/x86/kvm/x86_cpu.cc:1688: warn: kvm-x86: MSR (0x40000020) unsupported by gem5. Skipping.
src/arch/x86/kvm/x86_cpu.cc:1688: warn: kvm-x86: MSR (0x40000021) unsupported by gem5. Skipping.
src/arch/x86/kvm/x86_cpu.cc:1688: warn: kvm-x86: MSR (0x40000022) unsupported by gem5. Skipping.
src/arch/x86/kvm/x86_cpu.cc:1688: warn: kvm-x86: MSR (0x40000023) unsupported by gem5. Skipping.
src/arch/x86/kvm/x86_cpu.cc:1688: warn: kvm-x86: MSR (0x40000100) unsupported by gem5. Skipping.
src/arch/x86/kvm/x86_cpu.cc:1688: warn: kvm-x86: MSR (0x40000101) unsupported by gem5. Skipping.
src/arch/x86/kvm/x86_cpu.cc:1688: warn: kvm-x86: MSR (0x40000102) unsupported by gem5. Skipping.
src/arch/x86/kvm/x86_cpu.cc:1688: warn: kvm-x86: MSR (0x40000103) unsupported by gem5. Skipping.
src/arch/x86/kvm/x86_cpu.cc:1688: warn: kvm-x86: MSR (0x40000104) unsupported by gem5. Skipping.
src/arch/x86/kvm/x86_cpu.cc:1688: warn: kvm-x86: MSR (0x40000105) unsupported by gem5. Skipping.
src/arch/x86/kvm/x86_cpu.cc:1688: warn: kvm-x86: MSR (0x40000003) unsupported by gem5. Skipping.
src/arch/x86/kvm/x86_cpu.cc:1688: warn: kvm-x86: MSR (0x40000002) unsupported by gem5. Skipping.
src/arch/x86/kvm/x86_cpu.cc:1688: warn: kvm-x86: MSR (0x40000010) unsupported by gem5. Skipping.
src/arch/x86/kvm/x86_cpu.cc:1688: warn: kvm-x86: MSR (0x40000080) unsupported by gem5. Skipping.
src/arch/x86/kvm/x86_cpu.cc:1688: warn: kvm-x86: MSR (0x400000b0) unsupported by gem5. Skipping.
src/arch/x86/kvm/x86_cpu.cc:1688: warn: kvm-x86: MSR (0x40000073) unsupported by gem5. Skipping.
src/arch/x86/kvm/x86_cpu.cc:1688: warn: kvm-x86: MSR (0x40000106) unsupported by gem5. Skipping.
src/arch/x86/kvm/x86_cpu.cc:1688: warn: kvm-x86: MSR (0x40000107) unsupported by gem5. Skipping.
src/arch/x86/kvm/x86_cpu.cc:1688: warn: kvm-x86: MSR (0x40000108) unsupported by gem5. Skipping.
src/arch/x86/kvm/x86_cpu.cc:1688: warn: kvm-x86: MSR (0x40000118) unsupported by gem5. Skipping.
src/arch/x86/kvm/x86_cpu.cc:1688: warn: kvm-x86: MSR (0x400000ff) unsupported by gem5. Skipping.
src/arch/x86/kvm/x86_cpu.cc:1688: warn: kvm-x86: MSR (0x400000f1) unsupported by gem5. Skipping.
src/arch/x86/kvm/x86_cpu.cc:1688: warn: kvm-x86: MSR (0x400000f2) unsupported by gem5. Skipping.
src/arch/x86/kvm/x86_cpu.cc:1688: warn: kvm-x86: MSR (0x400000f3) unsupported by gem5. Skipping.
src/arch/x86/kvm/x86_cpu.cc:1688: warn: kvm-x86: MSR (0x400000f4) unsupported by gem5. Skipping.
src/arch/x86/kvm/x86_cpu.cc:1688: warn: kvm-x86: MSR (0x400000f5) unsupported by gem5. Skipping.
src/arch/x86/kvm/x86_cpu.cc:1688: warn: kvm-x86: MSR (0x4b564d02) unsupported by gem5. Skipping.
src/arch/x86/kvm/x86_cpu.cc:1688: warn: kvm-x86: MSR (0x4b564d03) unsupported by gem5. Skipping.
src/arch/x86/kvm/x86_cpu.cc:1688: warn: kvm-x86: MSR (0x4b564d04) unsupported by gem5. Skipping.
src/arch/x86/kvm/x86_cpu.cc:1688: warn: kvm-x86: MSR (0x4b564d06) unsupported by gem5. Skipping.
src/arch/x86/kvm/x86_cpu.cc:1688: warn: kvm-x86: MSR (0x4b564d07) unsupported by gem5. Skipping.
src/arch/x86/kvm/x86_cpu.cc:1688: warn: kvm-x86: MSR (0x3b) unsupported by gem5. Skipping.
src/arch/x86/kvm/x86_cpu.cc:1688: warn: kvm-x86: MSR (0x6e0) unsupported by gem5. Skipping.
src/arch/x86/kvm/x86_cpu.cc:1688: warn: kvm-x86: MSR (0x10a) unsupported by gem5. Skipping.
src/arch/x86/kvm/x86_cpu.cc:1688: warn: kvm-x86: MSR (0x345) unsupported by gem5. Skipping.
src/arch/x86/kvm/x86_cpu.cc:1688: warn: kvm-x86: MSR (0x1a0) unsupported by gem5. Skipping.
src/arch/x86/kvm/x86_cpu.cc:1688: warn: kvm-x86: MSR (0x4d0) unsupported by gem5. Skipping.
src/arch/x86/kvm/x86_cpu.cc:1688: warn: kvm-x86: MSR (0x9e) unsupported by gem5. Skipping.
src/arch/x86/kvm/x86_cpu.cc:1688: warn: kvm-x86: MSR (0x34) unsupported by gem5. Skipping.
src/arch/x86/kvm/x86_cpu.cc:1688: warn: kvm-x86: MSR (0xce) unsupported by gem5. Skipping.
src/arch/x86/kvm/x86_cpu.cc:1688: warn: kvm-x86: MSR (0x140) unsupported by gem5. Skipping.
src/arch/x86/kvm/x86_cpu.cc:1688: warn: kvm-x86: MSR (0x1fc) unsupported by gem5. Skipping.
src/arch/x86/kvm/x86_cpu.cc:1688: warn: kvm-x86: MSR (0x8b) unsupported by gem5. Skipping.
src/arch/x86/kvm/x86_cpu.cc:1688: warn: kvm-x86: MSR (0x480) unsupported by gem5. Skipping.
src/arch/x86/kvm/x86_cpu.cc:1688: warn: kvm-x86: MSR (0x48d) unsupported by gem5. Skipping.
src/arch/x86/kvm/x86_cpu.cc:1688: warn: kvm-x86: MSR (0x48e) unsupported by gem5. Skipping.
src/arch/x86/kvm/x86_cpu.cc:1688: warn: kvm-x86: MSR (0x48f) unsupported by gem5. Skipping.
src/arch/x86/kvm/x86_cpu.cc:1688: warn: kvm-x86: MSR (0x490) unsupported by gem5. Skipping.
src/arch/x86/kvm/x86_cpu.cc:1688: warn: kvm-x86: MSR (0x485) unsupported by gem5. Skipping.
src/arch/x86/kvm/x86_cpu.cc:1688: warn: kvm-x86: MSR (0x486) unsupported by gem5. Skipping.
src/arch/x86/kvm/x86_cpu.cc:1688: warn: kvm-x86: MSR (0x488) unsupported by gem5. Skipping.
src/arch/x86/kvm/x86_cpu.cc:1688: warn: kvm-x86: MSR (0x48a) unsupported by gem5. Skipping.
src/arch/x86/kvm/x86_cpu.cc:1688: warn: kvm-x86: MSR (0x48b) unsupported by gem5. Skipping.
src/arch/x86/kvm/x86_cpu.cc:1688: warn: kvm-x86: MSR (0x48c) unsupported by gem5. Skipping.
src/arch/x86/kvm/x86_cpu.cc:1688: warn: kvm-x86: MSR (0x491) unsupported by gem5. Skipping.
src/arch/x86/kvm/x86_cpu.cc:1688: warn: kvm-x86: MSR (0xc0010015) unsupported by gem5. Skipping.
src/arch/x86/kvm/x86_cpu.cc:1688: warn: kvm-x86: MSR (0x4b564d05) unsupported by gem5. Skipping.
src/arch/x86/kvm/x86_cpu.cc:563: warn: cs limit (0xffffffff) and g (0) combination is illegal.
src/arch/x86/kvm/x86_cpu.cc:563: warn: cs limit (0xffffffff) and g (0) combination is illegal.
src/arch/x86/kvm/x86_cpu.cc:563: warn: cs limit (0xffffffff) and g (0) combination is illegal.
src/arch/x86/kvm/x86_cpu.cc:1688: warn: kvm-x86: MSR (0x3a) unsupported by gem5. Skipping.
src/arch/x86/kvm/x86_cpu.cc:1688: warn: kvm-x86: MSR (0x48) unsupported by gem5. Skipping.
src/arch/x86/kvm/x86_cpu.cc:1688: warn: kvm-x86: MSR (0xe1) unsupported by gem5. Skipping.
src/arch/x86/kvm/x86_cpu.cc:1688: warn: kvm-x86: MSR (0x12) unsupported by gem5. Skipping.
src/arch/x86/kvm/x86_cpu.cc:1688: warn: kvm-x86: MSR (0x11) unsupported by gem5. Skipping.
src/arch/x86/kvm/x86_cpu.cc:1688: warn: kvm-x86: MSR (0x4b564d01) unsupported by gem5. Skipping.
src/arch/x86/kvm/x86_cpu.cc:1688: warn: kvm-x86: MSR (0x4b564d00) unsupported by gem5. Skipping.
src/arch/x86/kvm/x86_cpu.cc:1688: warn: kvm-x86: MSR (0x40000000) unsupported by gem5. Skipping.
src/arch/x86/kvm/x86_cpu.cc:1688: warn: kvm-x86: MSR (0x40000001) unsupported by gem5. Skipping.
src/arch/x86/kvm/x86_cpu.cc:1688: warn: kvm-x86: MSR (0x40000020) unsupported by gem5. Skipping.
src/arch/x86/kvm/x86_cpu.cc:1688: warn: kvm-x86: MSR (0x40000021) unsupported by gem5. Skipping.
src/arch/x86/kvm/x86_cpu.cc:1688: warn: kvm-x86: MSR (0x40000022) unsupported by gem5. Skipping.
src/arch/x86/kvm/x86_cpu.cc:1688: warn: kvm-x86: MSR (0x40000023) unsupported by gem5. Skipping.
src/arch/x86/kvm/x86_cpu.cc:1688: warn: kvm-x86: MSR (0x40000100) unsupported by gem5. Skipping.
src/arch/x86/kvm/x86_cpu.cc:1688: warn: kvm-x86: MSR (0x40000101) unsupported by gem5. Skipping.
src/arch/x86/kvm/x86_cpu.cc:1688: warn: kvm-x86: MSR (0x40000102) unsupported by gem5. Skipping.
src/arch/x86/kvm/x86_cpu.cc:1688: warn: kvm-x86: MSR (0x40000103) unsupported by gem5. Skipping.
src/arch/x86/kvm/x86_cpu.cc:1688: warn: kvm-x86: MSR (0x40000104) unsupported by gem5. Skipping.
src/arch/x86/kvm/x86_cpu.cc:1688: warn: kvm-x86: MSR (0x40000105) unsupported by gem5. Skipping.
src/arch/x86/kvm/x86_cpu.cc:1688: warn: kvm-x86: MSR (0x40000003) unsupported by gem5. Skipping.
src/arch/x86/kvm/x86_cpu.cc:1688: warn: kvm-x86: MSR (0x40000002) unsupported by gem5. Skipping.
src/arch/x86/kvm/x86_cpu.cc:1688: warn: kvm-x86: MSR (0x40000010) unsupported by gem5. Skipping.
src/arch/x86/kvm/x86_cpu.cc:1688: warn: kvm-x86: MSR (0x40000080) unsupported by gem5. Skipping.
src/arch/x86/kvm/x86_cpu.cc:1688: warn: kvm-x86: MSR (0x400000b0) unsupported by gem5. Skipping.
src/arch/x86/kvm/x86_cpu.cc:1688: warn: kvm-x86: MSR (0x40000073) unsupported by gem5. Skipping.
src/arch/x86/kvm/x86_cpu.cc:1688: warn: kvm-x86: MSR (0x40000106) unsupported by gem5. Skipping.
src/arch/x86/kvm/x86_cpu.cc:1688: warn: kvm-x86: MSR (0x40000107) unsupported by gem5. Skipping.
src/arch/x86/kvm/x86_cpu.cc:1688: warn: kvm-x86: MSR (0x40000108) unsupported by gem5. Skipping.
src/arch/x86/kvm/x86_cpu.cc:1688: warn: kvm-x86: MSR (0x40000118) unsupported by gem5. Skipping.
src/arch/x86/kvm/x86_cpu.cc:1688: warn: kvm-x86: MSR (0x400000ff) unsupported by gem5. Skipping.
src/arch/x86/kvm/x86_cpu.cc:1688: warn: kvm-x86: MSR (0x400000f1) unsupported by gem5. Skipping.
src/arch/x86/kvm/x86_cpu.cc:1688: warn: kvm-x86: MSR (0x400000f2) unsupported by gem5. Skipping.
src/arch/x86/kvm/x86_cpu.cc:1688: warn: kvm-x86: MSR (0x400000f3) unsupported by gem5. Skipping.
src/arch/x86/kvm/x86_cpu.cc:1688: warn: kvm-x86: MSR (0x400000f4) unsupported by gem5. Skipping.
src/arch/x86/kvm/x86_cpu.cc:1688: warn: kvm-x86: MSR (0x400000f5) unsupported by gem5. Skipping.
src/arch/x86/kvm/x86_cpu.cc:1688: warn: kvm-x86: MSR (0x4b564d02) unsupported by gem5. Skipping.
src/arch/x86/kvm/x86_cpu.cc:1688: warn: kvm-x86: MSR (0x4b564d03) unsupported by gem5. Skipping.
src/arch/x86/kvm/x86_cpu.cc:1688: warn: kvm-x86: MSR (0x4b564d04) unsupported by gem5. Skipping.
src/arch/x86/kvm/x86_cpu.cc:1688: warn: kvm-x86: MSR (0x4b564d06) unsupported by gem5. Skipping.
src/arch/x86/kvm/x86_cpu.cc:1688: warn: kvm-x86: MSR (0x4b564d07) unsupported by gem5. Skipping.
src/arch/x86/kvm/x86_cpu.cc:1688: warn: kvm-x86: MSR (0x3b) unsupported by gem5. Skipping.
src/arch/x86/kvm/x86_cpu.cc:1688: warn: kvm-x86: MSR (0x6e0) unsupported by gem5. Skipping.
src/arch/x86/kvm/x86_cpu.cc:1688: warn: kvm-x86: MSR (0x10a) unsupported by gem5. Skipping.
src/arch/x86/kvm/x86_cpu.cc:1688: warn: kvm-x86: MSR (0x345) unsupported by gem5. Skipping.
src/arch/x86/kvm/x86_cpu.cc:1688: warn: kvm-x86: MSR (0x1a0) unsupported by gem5. Skipping.
src/arch/x86/kvm/x86_cpu.cc:1688: warn: kvm-x86: MSR (0x4d0) unsupported by gem5. Skipping.
src/arch/x86/kvm/x86_cpu.cc:1688: warn: kvm-x86: MSR (0x9e) unsupported by gem5. Skipping.
src/arch/x86/kvm/x86_cpu.cc:1688: warn: kvm-x86: MSR (0x34) unsupported by gem5. Skipping.
src/arch/x86/kvm/x86_cpu.cc:1688: warn: kvm-x86: MSR (0xce) unsupported by gem5. Skipping.
src/arch/x86/kvm/x86_cpu.cc:1688: warn: kvm-x86: MSR (0x140) unsupported by gem5. Skipping.
src/arch/x86/kvm/x86_cpu.cc:1688: warn: kvm-x86: MSR (0x1fc) unsupported by gem5. Skipping.
src/arch/x86/kvm/x86_cpu.cc:1688: warn: kvm-x86: MSR (0x8b) unsupported by gem5. Skipping.
src/arch/x86/kvm/x86_cpu.cc:1688: warn: kvm-x86: MSR (0x480) unsupported by gem5. Skipping.
src/arch/x86/kvm/x86_cpu.cc:1688: warn: kvm-x86: MSR (0x48d) unsupported by gem5. Skipping.
src/arch/x86/kvm/x86_cpu.cc:1688: warn: kvm-x86: MSR (0x48e) unsupported by gem5. Skipping.
src/arch/x86/kvm/x86_cpu.cc:1688: warn: kvm-x86: MSR (0x48f) unsupported by gem5. Skipping.
src/arch/x86/kvm/x86_cpu.cc:1688: warn: kvm-x86: MSR (0x490) unsupported by gem5. Skipping.
src/arch/x86/kvm/x86_cpu.cc:1688: warn: kvm-x86: MSR (0x485) unsupported by gem5. Skipping.
src/arch/x86/kvm/x86_cpu.cc:1688: warn: kvm-x86: MSR (0x486) unsupported by gem5. Skipping.
src/arch/x86/kvm/x86_cpu.cc:1688: warn: kvm-x86: MSR (0x488) unsupported by gem5. Skipping.
src/arch/x86/kvm/x86_cpu.cc:1688: warn: kvm-x86: MSR (0x48a) unsupported by gem5. Skipping.
src/arch/x86/kvm/x86_cpu.cc:1688: warn: kvm-x86: MSR (0x48b) unsupported by gem5. Skipping.
src/arch/x86/kvm/x86_cpu.cc:1688: warn: kvm-x86: MSR (0x48c) unsupported by gem5. Skipping.
src/arch/x86/kvm/x86_cpu.cc:1688: warn: kvm-x86: MSR (0x491) unsupported by gem5. Skipping.
src/arch/x86/kvm/x86_cpu.cc:1688: warn: kvm-x86: MSR (0xc0010015) unsupported by gem5. Skipping.
src/arch/x86/kvm/x86_cpu.cc:1688: warn: kvm-x86: MSR (0x4b564d05) unsupported by gem5. Skipping.
src/arch/x86/kvm/x86_cpu.cc:563: warn: cs limit (0xffffffff) and g (0) combination is illegal.
src/arch/x86/kvm/x86_cpu.cc:563: warn: cs limit (0xffffffff) and g (0) combination is illegal.
src/arch/x86/kvm/x86_cpu.cc:563: warn: cs limit (0xffffffff) and g (0) combination is illegal.
src/arch/x86/kvm/x86_cpu.cc:1688: warn: kvm-x86: MSR (0x3a) unsupported by gem5. Skipping.
src/arch/x86/kvm/x86_cpu.cc:1688: warn: kvm-x86: MSR (0x48) unsupported by gem5. Skipping.
src/arch/x86/kvm/x86_cpu.cc:1688: warn: kvm-x86: MSR (0xe1) unsupported by gem5. Skipping.
src/arch/x86/kvm/x86_cpu.cc:1688: warn: kvm-x86: MSR (0x12) unsupported by gem5. Skipping.
src/arch/x86/kvm/x86_cpu.cc:1688: warn: kvm-x86: MSR (0x11) unsupported by gem5. Skipping.
src/arch/x86/kvm/x86_cpu.cc:1688: warn: kvm-x86: MSR (0x4b564d01) unsupported by gem5. Skipping.
src/arch/x86/kvm/x86_cpu.cc:1688: warn: kvm-x86: MSR (0x4b564d00) unsupported by gem5. Skipping.
src/arch/x86/kvm/x86_cpu.cc:1688: warn: kvm-x86: MSR (0x40000000) unsupported by gem5. Skipping.
src/arch/x86/kvm/x86_cpu.cc:1688: warn: kvm-x86: MSR (0x40000001) unsupported by gem5. Skipping.
src/arch/x86/kvm/x86_cpu.cc:1688: warn: kvm-x86: MSR (0x40000020) unsupported by gem5. Skipping.
src/arch/x86/kvm/x86_cpu.cc:1688: warn: kvm-x86: MSR (0x40000021) unsupported by gem5. Skipping.
src/arch/x86/kvm/x86_cpu.cc:1688: warn: kvm-x86: MSR (0x40000022) unsupported by gem5. Skipping.
src/arch/x86/kvm/x86_cpu.cc:1688: warn: kvm-x86: MSR (0x40000023) unsupported by gem5. Skipping.
src/arch/x86/kvm/x86_cpu.cc:1688: warn: kvm-x86: MSR (0x40000100) unsupported by gem5. Skipping.
src/arch/x86/kvm/x86_cpu.cc:1688: warn: kvm-x86: MSR (0x40000101) unsupported by gem5. Skipping.
src/arch/x86/kvm/x86_cpu.cc:1688: warn: kvm-x86: MSR (0x40000102) unsupported by gem5. Skipping.
src/arch/x86/kvm/x86_cpu.cc:1688: warn: kvm-x86: MSR (0x40000103) unsupported by gem5. Skipping.
src/arch/x86/kvm/x86_cpu.cc:1688: warn: kvm-x86: MSR (0x40000104) unsupported by gem5. Skipping.
src/arch/x86/kvm/x86_cpu.cc:1688: warn: kvm-x86: MSR (0x40000105) unsupported by gem5. Skipping.
src/arch/x86/kvm/x86_cpu.cc:1688: warn: kvm-x86: MSR (0x40000003) unsupported by gem5. Skipping.
src/arch/x86/kvm/x86_cpu.cc:1688: warn: kvm-x86: MSR (0x40000002) unsupported by gem5. Skipping.
src/arch/x86/kvm/x86_cpu.cc:1688: warn: kvm-x86: MSR (0x40000010) unsupported by gem5. Skipping.
src/arch/x86/kvm/x86_cpu.cc:1688: warn: kvm-x86: MSR (0x40000080) unsupported by gem5. Skipping.
src/arch/x86/kvm/x86_cpu.cc:1688: warn: kvm-x86: MSR (0x400000b0) unsupported by gem5. Skipping.
src/arch/x86/kvm/x86_cpu.cc:1688: warn: kvm-x86: MSR (0x40000073) unsupported by gem5. Skipping.
src/arch/x86/kvm/x86_cpu.cc:1688: warn: kvm-x86: MSR (0x40000106) unsupported by gem5. Skipping.
src/arch/x86/kvm/x86_cpu.cc:1688: warn: kvm-x86: MSR (0x40000107) unsupported by gem5. Skipping.
src/arch/x86/kvm/x86_cpu.cc:1688: warn: kvm-x86: MSR (0x40000108) unsupported by gem5. Skipping.
src/arch/x86/kvm/x86_cpu.cc:1688: warn: kvm-x86: MSR (0x40000118) unsupported by gem5. Skipping.
src/arch/x86/kvm/x86_cpu.cc:1688: warn: kvm-x86: MSR (0x400000ff) unsupported by gem5. Skipping.
src/arch/x86/kvm/x86_cpu.cc:1688: warn: kvm-x86: MSR (0x400000f1) unsupported by gem5. Skipping.
src/arch/x86/kvm/x86_cpu.cc:1688: warn: kvm-x86: MSR (0x400000f2) unsupported by gem5. Skipping.
src/arch/x86/kvm/x86_cpu.cc:1688: warn: kvm-x86: MSR (0x400000f3) unsupported by gem5. Skipping.
src/arch/x86/kvm/x86_cpu.cc:1688: warn: kvm-x86: MSR (0x400000f4) unsupported by gem5. Skipping.
src/arch/x86/kvm/x86_cpu.cc:1688: warn: kvm-x86: MSR (0x400000f5) unsupported by gem5. Skipping.
src/arch/x86/kvm/x86_cpu.cc:1688: warn: kvm-x86: MSR (0x4b564d02) unsupported by gem5. Skipping.
src/arch/x86/kvm/x86_cpu.cc:1688: warn: kvm-x86: MSR (0x4b564d03) unsupported by gem5. Skipping.
src/arch/x86/kvm/x86_cpu.cc:1688: warn: kvm-x86: MSR (0x4b564d04) unsupported by gem5. Skipping.
src/arch/x86/kvm/x86_cpu.cc:1688: warn: kvm-x86: MSR (0x4b564d06) unsupported by gem5. Skipping.
src/arch/x86/kvm/x86_cpu.cc:1688: warn: kvm-x86: MSR (0x4b564d07) unsupported by gem5. Skipping.
src/arch/x86/kvm/x86_cpu.cc:1688: warn: kvm-x86: MSR (0x3b) unsupported by gem5. Skipping.
src/arch/x86/kvm/x86_cpu.cc:1688: warn: kvm-x86: MSR (0x6e0) unsupported by gem5. Skipping.
src/arch/x86/kvm/x86_cpu.cc:1688: warn: kvm-x86: MSR (0x10a) unsupported by gem5. Skipping.
src/arch/x86/kvm/x86_cpu.cc:1688: warn: kvm-x86: MSR (0x345) unsupported by gem5. Skipping.
src/arch/x86/kvm/x86_cpu.cc:1688: warn: kvm-x86: MSR (0x1a0) unsupported by gem5. Skipping.
src/arch/x86/kvm/x86_cpu.cc:1688: warn: kvm-x86: MSR (0x4d0) unsupported by gem5. Skipping.
src/arch/x86/kvm/x86_cpu.cc:1688: warn: kvm-x86: MSR (0x9e) unsupported by gem5. Skipping.
src/arch/x86/kvm/x86_cpu.cc:1688: warn: kvm-x86: MSR (0x34) unsupported by gem5. Skipping.
src/arch/x86/kvm/x86_cpu.cc:1688: warn: kvm-x86: MSR (0xce) unsupported by gem5. Skipping.
src/arch/x86/kvm/x86_cpu.cc:1688: warn: kvm-x86: MSR (0x140) unsupported by gem5. Skipping.
src/arch/x86/kvm/x86_cpu.cc:1688: warn: kvm-x86: MSR (0x1fc) unsupported by gem5. Skipping.
src/arch/x86/kvm/x86_cpu.cc:1688: warn: kvm-x86: MSR (0x8b) unsupported by gem5. Skipping.
src/arch/x86/kvm/x86_cpu.cc:1688: warn: kvm-x86: MSR (0x480) unsupported by gem5. Skipping.
src/arch/x86/kvm/x86_cpu.cc:1688: warn: kvm-x86: MSR (0x48d) unsupported by gem5. Skipping.
src/arch/x86/kvm/x86_cpu.cc:1688: warn: kvm-x86: MSR (0x48e) unsupported by gem5. Skipping.
src/arch/x86/kvm/x86_cpu.cc:1688: warn: kvm-x86: MSR (0x48f) unsupported by gem5. Skipping.
src/arch/x86/kvm/x86_cpu.cc:1688: warn: kvm-x86: MSR (0x490) unsupported by gem5. Skipping.
src/arch/x86/kvm/x86_cpu.cc:1688: warn: kvm-x86: MSR (0x485) unsupported by gem5. Skipping.
src/arch/x86/kvm/x86_cpu.cc:1688: warn: kvm-x86: MSR (0x486) unsupported by gem5. Skipping.
src/arch/x86/kvm/x86_cpu.cc:1688: warn: kvm-x86: MSR (0x488) unsupported by gem5. Skipping.
src/arch/x86/kvm/x86_cpu.cc:1688: warn: kvm-x86: MSR (0x48a) unsupported by gem5. Skipping.
src/arch/x86/kvm/x86_cpu.cc:1688: warn: kvm-x86: MSR (0x48b) unsupported by gem5. Skipping.
src/arch/x86/kvm/x86_cpu.cc:1688: warn: kvm-x86: MSR (0x48c) unsupported by gem5. Skipping.
src/arch/x86/kvm/x86_cpu.cc:1688: warn: kvm-x86: MSR (0x491) unsupported by gem5. Skipping.
src/arch/x86/kvm/x86_cpu.cc:1688: warn: kvm-x86: MSR (0xc0010015) unsupported by gem5. Skipping.
src/arch/x86/kvm/x86_cpu.cc:1688: warn: kvm-x86: MSR (0x4b564d05) unsupported by gem5. Skipping.
src/arch/x86/kvm/x86_cpu.cc:563: warn: cs limit (0xffffffff) and g (0) combination is illegal.
src/arch/x86/kvm/x86_cpu.cc:563: warn: cs limit (0xffffffff) and g (0) combination is illegal.
src/arch/x86/kvm/x86_cpu.cc:563: warn: cs limit (0xffffffff) and g (0) combination is illegal.
src/arch/x86/kvm/x86_cpu.cc:1688: warn: kvm-x86: MSR (0x3a) unsupported by gem5. Skipping.
src/arch/x86/kvm/x86_cpu.cc:1688: warn: kvm-x86: MSR (0x48) unsupported by gem5. Skipping.
src/arch/x86/kvm/x86_cpu.cc:1688: warn: kvm-x86: MSR (0xe1) unsupported by gem5. Skipping.
src/arch/x86/kvm/x86_cpu.cc:1688: warn: kvm-x86: MSR (0x12) unsupported by gem5. Skipping.
src/arch/x86/kvm/x86_cpu.cc:1688: warn: kvm-x86: MSR (0x11) unsupported by gem5. Skipping.
src/arch/x86/kvm/x86_cpu.cc:1688: warn: kvm-x86: MSR (0x4b564d01) unsupported by gem5. Skipping.
src/arch/x86/kvm/x86_cpu.cc:1688: warn: kvm-x86: MSR (0x4b564d00) unsupported by gem5. Skipping.
src/arch/x86/kvm/x86_cpu.cc:1688: warn: kvm-x86: MSR (0x40000000) unsupported by gem5. Skipping.
src/arch/x86/kvm/x86_cpu.cc:1688: warn: kvm-x86: MSR (0x40000001) unsupported by gem5. Skipping.
src/arch/x86/kvm/x86_cpu.cc:1688: warn: kvm-x86: MSR (0x40000020) unsupported by gem5. Skipping.
src/arch/x86/kvm/x86_cpu.cc:1688: warn: kvm-x86: MSR (0x40000021) unsupported by gem5. Skipping.
src/arch/x86/kvm/x86_cpu.cc:1688: warn: kvm-x86: MSR (0x40000022) unsupported by gem5. Skipping.
src/arch/x86/kvm/x86_cpu.cc:1688: warn: kvm-x86: MSR (0x40000023) unsupported by gem5. Skipping.
src/arch/x86/kvm/x86_cpu.cc:1688: warn: kvm-x86: MSR (0x40000100) unsupported by gem5. Skipping.
src/arch/x86/kvm/x86_cpu.cc:1688: warn: kvm-x86: MSR (0x40000101) unsupported by gem5. Skipping.
src/arch/x86/kvm/x86_cpu.cc:1688: warn: kvm-x86: MSR (0x40000102) unsupported by gem5. Skipping.
src/arch/x86/kvm/x86_cpu.cc:1688: warn: kvm-x86: MSR (0x40000103) unsupported by gem5. Skipping.
src/arch/x86/kvm/x86_cpu.cc:1688: warn: kvm-x86: MSR (0x40000104) unsupported by gem5. Skipping.
src/arch/x86/kvm/x86_cpu.cc:1688: warn: kvm-x86: MSR (0x40000105) unsupported by gem5. Skipping.
src/arch/x86/kvm/x86_cpu.cc:1688: warn: kvm-x86: MSR (0x40000003) unsupported by gem5. Skipping.
src/arch/x86/kvm/x86_cpu.cc:1688: warn: kvm-x86: MSR (0x40000002) unsupported by gem5. Skipping.
src/arch/x86/kvm/x86_cpu.cc:1688: warn: kvm-x86: MSR (0x40000010) unsupported by gem5. Skipping.
src/arch/x86/kvm/x86_cpu.cc:1688: warn: kvm-x86: MSR (0x40000080) unsupported by gem5. Skipping.
src/arch/x86/kvm/x86_cpu.cc:1688: warn: kvm-x86: MSR (0x400000b0) unsupported by gem5. Skipping.
src/arch/x86/kvm/x86_cpu.cc:1688: warn: kvm-x86: MSR (0x40000073) unsupported by gem5. Skipping.
src/arch/x86/kvm/x86_cpu.cc:1688: warn: kvm-x86: MSR (0x40000106) unsupported by gem5. Skipping.
src/arch/x86/kvm/x86_cpu.cc:1688: warn: kvm-x86: MSR (0x40000107) unsupported by gem5. Skipping.
src/arch/x86/kvm/x86_cpu.cc:1688: warn: kvm-x86: MSR (0x40000108) unsupported by gem5. Skipping.
src/arch/x86/kvm/x86_cpu.cc:1688: warn: kvm-x86: MSR (0x40000118) unsupported by gem5. Skipping.
src/arch/x86/kvm/x86_cpu.cc:1688: warn: kvm-x86: MSR (0x400000ff) unsupported by gem5. Skipping.
src/arch/x86/kvm/x86_cpu.cc:1688: warn: kvm-x86: MSR (0x400000f1) unsupported by gem5. Skipping.
src/arch/x86/kvm/x86_cpu.cc:1688: warn: kvm-x86: MSR (0x400000f2) unsupported by gem5. Skipping.
src/arch/x86/kvm/x86_cpu.cc:1688: warn: kvm-x86: MSR (0x400000f3) unsupported by gem5. Skipping.
src/arch/x86/kvm/x86_cpu.cc:1688: warn: kvm-x86: MSR (0x400000f4) unsupported by gem5. Skipping.
src/arch/x86/kvm/x86_cpu.cc:1688: warn: kvm-x86: MSR (0x400000f5) unsupported by gem5. Skipping.
src/arch/x86/kvm/x86_cpu.cc:1688: warn: kvm-x86: MSR (0x4b564d02) unsupported by gem5. Skipping.
src/arch/x86/kvm/x86_cpu.cc:1688: warn: kvm-x86: MSR (0x4b564d03) unsupported by gem5. Skipping.
src/arch/x86/kvm/x86_cpu.cc:1688: warn: kvm-x86: MSR (0x4b564d04) unsupported by gem5. Skipping.
src/arch/x86/kvm/x86_cpu.cc:1688: warn: kvm-x86: MSR (0x4b564d06) unsupported by gem5. Skipping.
src/arch/x86/kvm/x86_cpu.cc:1688: warn: kvm-x86: MSR (0x4b564d07) unsupported by gem5. Skipping.
src/arch/x86/kvm/x86_cpu.cc:1688: warn: kvm-x86: MSR (0x3b) unsupported by gem5. Skipping.
src/arch/x86/kvm/x86_cpu.cc:1688: warn: kvm-x86: MSR (0x6e0) unsupported by gem5. Skipping.
src/arch/x86/kvm/x86_cpu.cc:1688: warn: kvm-x86: MSR (0x10a) unsupported by gem5. Skipping.
src/arch/x86/kvm/x86_cpu.cc:1688: warn: kvm-x86: MSR (0x345) unsupported by gem5. Skipping.
src/arch/x86/kvm/x86_cpu.cc:1688: warn: kvm-x86: MSR (0x1a0) unsupported by gem5. Skipping.
src/arch/x86/kvm/x86_cpu.cc:1688: warn: kvm-x86: MSR (0x4d0) unsupported by gem5. Skipping.
src/arch/x86/kvm/x86_cpu.cc:1688: warn: kvm-x86: MSR (0x9e) unsupported by gem5. Skipping.
src/arch/x86/kvm/x86_cpu.cc:1688: warn: kvm-x86: MSR (0x34) unsupported by gem5. Skipping.
src/arch/x86/kvm/x86_cpu.cc:1688: warn: kvm-x86: MSR (0xce) unsupported by gem5. Skipping.
src/arch/x86/kvm/x86_cpu.cc:1688: warn: kvm-x86: MSR (0x140) unsupported by gem5. Skipping.
src/arch/x86/kvm/x86_cpu.cc:1688: warn: kvm-x86: MSR (0x1fc) unsupported by gem5. Skipping.
src/arch/x86/kvm/x86_cpu.cc:1688: warn: kvm-x86: MSR (0x8b) unsupported by gem5. Skipping.
src/arch/x86/kvm/x86_cpu.cc:1688: warn: kvm-x86: MSR (0x480) unsupported by gem5. Skipping.
src/arch/x86/kvm/x86_cpu.cc:1688: warn: kvm-x86: MSR (0x48d) unsupported by gem5. Skipping.
src/arch/x86/kvm/x86_cpu.cc:1688: warn: kvm-x86: MSR (0x48e) unsupported by gem5. Skipping.
src/arch/x86/kvm/x86_cpu.cc:1688: warn: kvm-x86: MSR (0x48f) unsupported by gem5. Skipping.
src/arch/x86/kvm/x86_cpu.cc:1688: warn: kvm-x86: MSR (0x490) unsupported by gem5. Skipping.
src/arch/x86/kvm/x86_cpu.cc:1688: warn: kvm-x86: MSR (0x485) unsupported by gem5. Skipping.
src/arch/x86/kvm/x86_cpu.cc:1688: warn: kvm-x86: MSR (0x486) unsupported by gem5. Skipping.
src/arch/x86/kvm/x86_cpu.cc:1688: warn: kvm-x86: MSR (0x488) unsupported by gem5. Skipping.
src/arch/x86/kvm/x86_cpu.cc:1688: warn: kvm-x86: MSR (0x48a) unsupported by gem5. Skipping.
src/arch/x86/kvm/x86_cpu.cc:1688: warn: kvm-x86: MSR (0x48b) unsupported by gem5. Skipping.
src/arch/x86/kvm/x86_cpu.cc:1688: warn: kvm-x86: MSR (0x48c) unsupported by gem5. Skipping.
src/arch/x86/kvm/x86_cpu.cc:1688: warn: kvm-x86: MSR (0x491) unsupported by gem5. Skipping.
src/arch/x86/kvm/x86_cpu.cc:1688: warn: kvm-x86: MSR (0xc0010015) unsupported by gem5. Skipping.
src/arch/x86/kvm/x86_cpu.cc:1688: warn: kvm-x86: MSR (0x4b564d05) unsupported by gem5. Skipping.
src/arch/x86/kvm/x86_cpu.cc:563: warn: cs limit (0xffffffff) and g (0) combination is illegal.
src/arch/x86/kvm/x86_cpu.cc:563: warn: cs limit (0xffffffff) and g (0) combination is illegal.
src/arch/x86/kvm/x86_cpu.cc:563: warn: cs limit (0xffffffff) and g (0) combination is illegal.
src/arch/x86/kvm/x86_cpu.cc:1688: warn: kvm-x86: MSR (0x3a) unsupported by gem5. Skipping.
src/arch/x86/kvm/x86_cpu.cc:1688: warn: kvm-x86: MSR (0x48) unsupported by gem5. Skipping.
src/arch/x86/kvm/x86_cpu.cc:1688: warn: kvm-x86: MSR (0xe1) unsupported by gem5. Skipping.
src/arch/x86/kvm/x86_cpu.cc:1688: warn: kvm-x86: MSR (0x12) unsupported by gem5. Skipping.
src/arch/x86/kvm/x86_cpu.cc:1688: warn: kvm-x86: MSR (0x11) unsupported by gem5. Skipping.
src/arch/x86/kvm/x86_cpu.cc:1688: warn: kvm-x86: MSR (0x4b564d01) unsupported by gem5. Skipping.
src/arch/x86/kvm/x86_cpu.cc:1688: warn: kvm-x86: MSR (0x4b564d00) unsupported by gem5. Skipping.
src/arch/x86/kvm/x86_cpu.cc:1688: warn: kvm-x86: MSR (0x40000000) unsupported by gem5. Skipping.
src/arch/x86/kvm/x86_cpu.cc:1688: warn: kvm-x86: MSR (0x40000001) unsupported by gem5. Skipping.
src/arch/x86/kvm/x86_cpu.cc:1688: warn: kvm-x86: MSR (0x40000020) unsupported by gem5. Skipping.
src/arch/x86/kvm/x86_cpu.cc:1688: warn: kvm-x86: MSR (0x40000021) unsupported by gem5. Skipping.
src/arch/x86/kvm/x86_cpu.cc:1688: warn: kvm-x86: MSR (0x40000022) unsupported by gem5. Skipping.
src/arch/x86/kvm/x86_cpu.cc:1688: warn: kvm-x86: MSR (0x40000023) unsupported by gem5. Skipping.
src/arch/x86/kvm/x86_cpu.cc:1688: warn: kvm-x86: MSR (0x40000100) unsupported by gem5. Skipping.
src/arch/x86/kvm/x86_cpu.cc:1688: warn: kvm-x86: MSR (0x40000101) unsupported by gem5. Skipping.
src/arch/x86/kvm/x86_cpu.cc:1688: warn: kvm-x86: MSR (0x40000102) unsupported by gem5. Skipping.
src/arch/x86/kvm/x86_cpu.cc:1688: warn: kvm-x86: MSR (0x40000103) unsupported by gem5. Skipping.
src/arch/x86/kvm/x86_cpu.cc:1688: warn: kvm-x86: MSR (0x40000104) unsupported by gem5. Skipping.
src/arch/x86/kvm/x86_cpu.cc:1688: warn: kvm-x86: MSR (0x40000105) unsupported by gem5. Skipping.
src/arch/x86/kvm/x86_cpu.cc:1688: warn: kvm-x86: MSR (0x40000003) unsupported by gem5. Skipping.
src/arch/x86/kvm/x86_cpu.cc:1688: warn: kvm-x86: MSR (0x40000002) unsupported by gem5. Skipping.
src/arch/x86/kvm/x86_cpu.cc:1688: warn: kvm-x86: MSR (0x40000010) unsupported by gem5. Skipping.
src/arch/x86/kvm/x86_cpu.cc:1688: warn: kvm-x86: MSR (0x40000080) unsupported by gem5. Skipping.
src/arch/x86/kvm/x86_cpu.cc:1688: warn: kvm-x86: MSR (0x400000b0) unsupported by gem5. Skipping.
src/arch/x86/kvm/x86_cpu.cc:1688: warn: kvm-x86: MSR (0x40000073) unsupported by gem5. Skipping.
src/arch/x86/kvm/x86_cpu.cc:1688: warn: kvm-x86: MSR (0x40000106) unsupported by gem5. Skipping.
src/arch/x86/kvm/x86_cpu.cc:1688: warn: kvm-x86: MSR (0x40000107) unsupported by gem5. Skipping.
src/arch/x86/kvm/x86_cpu.cc:1688: warn: kvm-x86: MSR (0x40000108) unsupported by gem5. Skipping.
src/arch/x86/kvm/x86_cpu.cc:1688: warn: kvm-x86: MSR (0x40000118) unsupported by gem5. Skipping.
src/arch/x86/kvm/x86_cpu.cc:1688: warn: kvm-x86: MSR (0x400000ff) unsupported by gem5. Skipping.
src/arch/x86/kvm/x86_cpu.cc:1688: warn: kvm-x86: MSR (0x400000f1) unsupported by gem5. Skipping.
src/arch/x86/kvm/x86_cpu.cc:1688: warn: kvm-x86: MSR (0x400000f2) unsupported by gem5. Skipping.
src/arch/x86/kvm/x86_cpu.cc:1688: warn: kvm-x86: MSR (0x400000f3) unsupported by gem5. Skipping.
src/arch/x86/kvm/x86_cpu.cc:1688: warn: kvm-x86: MSR (0x400000f4) unsupported by gem5. Skipping.
src/arch/x86/kvm/x86_cpu.cc:1688: warn: kvm-x86: MSR (0x400000f5) unsupported by gem5. Skipping.
src/arch/x86/kvm/x86_cpu.cc:1688: warn: kvm-x86: MSR (0x4b564d02) unsupported by gem5. Skipping.
src/arch/x86/kvm/x86_cpu.cc:1688: warn: kvm-x86: MSR (0x4b564d03) unsupported by gem5. Skipping.
src/arch/x86/kvm/x86_cpu.cc:1688: warn: kvm-x86: MSR (0x4b564d04) unsupported by gem5. Skipping.
src/arch/x86/kvm/x86_cpu.cc:1688: warn: kvm-x86: MSR (0x4b564d06) unsupported by gem5. Skipping.
src/arch/x86/kvm/x86_cpu.cc:1688: warn: kvm-x86: MSR (0x4b564d07) unsupported by gem5. Skipping.
src/arch/x86/kvm/x86_cpu.cc:1688: warn: kvm-x86: MSR (0x3b) unsupported by gem5. Skipping.
src/arch/x86/kvm/x86_cpu.cc:1688: warn: kvm-x86: MSR (0x6e0) unsupported by gem5. Skipping.
src/arch/x86/kvm/x86_cpu.cc:1688: warn: kvm-x86: MSR (0x10a) unsupported by gem5. Skipping.
src/arch/x86/kvm/x86_cpu.cc:1688: warn: kvm-x86: MSR (0x345) unsupported by gem5. Skipping.
src/arch/x86/kvm/x86_cpu.cc:1688: warn: kvm-x86: MSR (0x1a0) unsupported by gem5. Skipping.
src/arch/x86/kvm/x86_cpu.cc:1688: warn: kvm-x86: MSR (0x4d0) unsupported by gem5. Skipping.
src/arch/x86/kvm/x86_cpu.cc:1688: warn: kvm-x86: MSR (0x9e) unsupported by gem5. Skipping.
src/arch/x86/kvm/x86_cpu.cc:1688: warn: kvm-x86: MSR (0x34) unsupported by gem5. Skipping.
src/arch/x86/kvm/x86_cpu.cc:1688: warn: kvm-x86: MSR (0xce) unsupported by gem5. Skipping.
src/arch/x86/kvm/x86_cpu.cc:1688: warn: kvm-x86: MSR (0x140) unsupported by gem5. Skipping.
src/arch/x86/kvm/x86_cpu.cc:1688: warn: kvm-x86: MSR (0x1fc) unsupported by gem5. Skipping.
src/arch/x86/kvm/x86_cpu.cc:1688: warn: kvm-x86: MSR (0x8b) unsupported by gem5. Skipping.
src/arch/x86/kvm/x86_cpu.cc:1688: warn: kvm-x86: MSR (0x480) unsupported by gem5. Skipping.
src/arch/x86/kvm/x86_cpu.cc:1688: warn: kvm-x86: MSR (0x48d) unsupported by gem5. Skipping.
src/arch/x86/kvm/x86_cpu.cc:1688: warn: kvm-x86: MSR (0x48e) unsupported by gem5. Skipping.
src/arch/x86/kvm/x86_cpu.cc:1688: warn: kvm-x86: MSR (0x48f) unsupported by gem5. Skipping.
src/arch/x86/kvm/x86_cpu.cc:1688: warn: kvm-x86: MSR (0x490) unsupported by gem5. Skipping.
src/arch/x86/kvm/x86_cpu.cc:1688: warn: kvm-x86: MSR (0x485) unsupported by gem5. Skipping.
src/arch/x86/kvm/x86_cpu.cc:1688: warn: kvm-x86: MSR (0x486) unsupported by gem5. Skipping.
src/arch/x86/kvm/x86_cpu.cc:1688: warn: kvm-x86: MSR (0x488) unsupported by gem5. Skipping.
src/arch/x86/kvm/x86_cpu.cc:1688: warn: kvm-x86: MSR (0x48a) unsupported by gem5. Skipping.
src/arch/x86/kvm/x86_cpu.cc:1688: warn: kvm-x86: MSR (0x48b) unsupported by gem5. Skipping.
src/arch/x86/kvm/x86_cpu.cc:1688: warn: kvm-x86: MSR (0x48c) unsupported by gem5. Skipping.
src/arch/x86/kvm/x86_cpu.cc:1688: warn: kvm-x86: MSR (0x491) unsupported by gem5. Skipping.
src/arch/x86/kvm/x86_cpu.cc:1688: warn: kvm-x86: MSR (0xc0010015) unsupported by gem5. Skipping.
src/arch/x86/kvm/x86_cpu.cc:1688: warn: kvm-x86: MSR (0x4b564d05) unsupported by gem5. Skipping.
src/arch/x86/kvm/x86_cpu.cc:563: warn: cs limit (0xffffffff) and g (0) combination is illegal.
src/arch/x86/kvm/x86_cpu.cc:563: warn: cs limit (0xffffffff) and g (0) combination is illegal.
src/arch/x86/kvm/x86_cpu.cc:563: warn: cs limit (0xffffffff) and g (0) combination is illegal.
src/arch/x86/kvm/x86_cpu.cc:1688: warn: kvm-x86: MSR (0x3a) unsupported by gem5. Skipping.
src/arch/x86/kvm/x86_cpu.cc:1688: warn: kvm-x86: MSR (0x48) unsupported by gem5. Skipping.
src/arch/x86/kvm/x86_cpu.cc:1688: warn: kvm-x86: MSR (0xe1) unsupported by gem5. Skipping.
src/arch/x86/kvm/x86_cpu.cc:1688: warn: kvm-x86: MSR (0x12) unsupported by gem5. Skipping.
src/arch/x86/kvm/x86_cpu.cc:1688: warn: kvm-x86: MSR (0x11) unsupported by gem5. Skipping.
src/arch/x86/kvm/x86_cpu.cc:1688: warn: kvm-x86: MSR (0x4b564d01) unsupported by gem5. Skipping.
src/arch/x86/kvm/x86_cpu.cc:1688: warn: kvm-x86: MSR (0x4b564d00) unsupported by gem5. Skipping.
src/arch/x86/kvm/x86_cpu.cc:1688: warn: kvm-x86: MSR (0x40000000) unsupported by gem5. Skipping.
src/arch/x86/kvm/x86_cpu.cc:1688: warn: kvm-x86: MSR (0x40000001) unsupported by gem5. Skipping.
src/arch/x86/kvm/x86_cpu.cc:1688: warn: kvm-x86: MSR (0x40000020) unsupported by gem5. Skipping.
src/arch/x86/kvm/x86_cpu.cc:1688: warn: kvm-x86: MSR (0x40000021) unsupported by gem5. Skipping.
src/arch/x86/kvm/x86_cpu.cc:1688: warn: kvm-x86: MSR (0x40000022) unsupported by gem5. Skipping.
src/arch/x86/kvm/x86_cpu.cc:1688: warn: kvm-x86: MSR (0x40000023) unsupported by gem5. Skipping.
src/arch/x86/kvm/x86_cpu.cc:1688: warn: kvm-x86: MSR (0x40000100) unsupported by gem5. Skipping.
src/arch/x86/kvm/x86_cpu.cc:1688: warn: kvm-x86: MSR (0x40000101) unsupported by gem5. Skipping.
src/arch/x86/kvm/x86_cpu.cc:1688: warn: kvm-x86: MSR (0x40000102) unsupported by gem5. Skipping.
src/arch/x86/kvm/x86_cpu.cc:1688: warn: kvm-x86: MSR (0x40000103) unsupported by gem5. Skipping.
src/arch/x86/kvm/x86_cpu.cc:1688: warn: kvm-x86: MSR (0x40000104) unsupported by gem5. Skipping.
src/arch/x86/kvm/x86_cpu.cc:1688: warn: kvm-x86: MSR (0x40000105) unsupported by gem5. Skipping.
src/arch/x86/kvm/x86_cpu.cc:1688: warn: kvm-x86: MSR (0x40000003) unsupported by gem5. Skipping.
src/arch/x86/kvm/x86_cpu.cc:1688: warn: kvm-x86: MSR (0x40000002) unsupported by gem5. Skipping.
src/arch/x86/kvm/x86_cpu.cc:1688: warn: kvm-x86: MSR (0x40000010) unsupported by gem5. Skipping.
src/arch/x86/kvm/x86_cpu.cc:1688: warn: kvm-x86: MSR (0x40000080) unsupported by gem5. Skipping.
src/arch/x86/kvm/x86_cpu.cc:1688: warn: kvm-x86: MSR (0x400000b0) unsupported by gem5. Skipping.
src/arch/x86/kvm/x86_cpu.cc:1688: warn: kvm-x86: MSR (0x40000073) unsupported by gem5. Skipping.
src/arch/x86/kvm/x86_cpu.cc:1688: warn: kvm-x86: MSR (0x40000106) unsupported by gem5. Skipping.
src/arch/x86/kvm/x86_cpu.cc:1688: warn: kvm-x86: MSR (0x40000107) unsupported by gem5. Skipping.
src/arch/x86/kvm/x86_cpu.cc:1688: warn: kvm-x86: MSR (0x40000108) unsupported by gem5. Skipping.
src/arch/x86/kvm/x86_cpu.cc:1688: warn: kvm-x86: MSR (0x40000118) unsupported by gem5. Skipping.
src/arch/x86/kvm/x86_cpu.cc:1688: warn: kvm-x86: MSR (0x400000ff) unsupported by gem5. Skipping.
src/arch/x86/kvm/x86_cpu.cc:1688: warn: kvm-x86: MSR (0x400000f1) unsupported by gem5. Skipping.
src/arch/x86/kvm/x86_cpu.cc:1688: warn: kvm-x86: MSR (0x400000f2) unsupported by gem5. Skipping.
src/arch/x86/kvm/x86_cpu.cc:1688: warn: kvm-x86: MSR (0x400000f3) unsupported by gem5. Skipping.
src/arch/x86/kvm/x86_cpu.cc:1688: warn: kvm-x86: MSR (0x400000f4) unsupported by gem5. Skipping.
src/arch/x86/kvm/x86_cpu.cc:1688: warn: kvm-x86: MSR (0x400000f5) unsupported by gem5. Skipping.
src/arch/x86/kvm/x86_cpu.cc:1688: warn: kvm-x86: MSR (0x4b564d02) unsupported by gem5. Skipping.
src/arch/x86/kvm/x86_cpu.cc:1688: warn: kvm-x86: MSR (0x4b564d03) unsupported by gem5. Skipping.
src/arch/x86/kvm/x86_cpu.cc:1688: warn: kvm-x86: MSR (0x4b564d04) unsupported by gem5. Skipping.
src/arch/x86/kvm/x86_cpu.cc:1688: warn: kvm-x86: MSR (0x4b564d06) unsupported by gem5. Skipping.
src/arch/x86/kvm/x86_cpu.cc:1688: warn: kvm-x86: MSR (0x4b564d07) unsupported by gem5. Skipping.
src/arch/x86/kvm/x86_cpu.cc:1688: warn: kvm-x86: MSR (0x3b) unsupported by gem5. Skipping.
src/arch/x86/kvm/x86_cpu.cc:1688: warn: kvm-x86: MSR (0x6e0) unsupported by gem5. Skipping.
src/arch/x86/kvm/x86_cpu.cc:1688: warn: kvm-x86: MSR (0x10a) unsupported by gem5. Skipping.
src/arch/x86/kvm/x86_cpu.cc:1688: warn: kvm-x86: MSR (0x345) unsupported by gem5. Skipping.
src/arch/x86/kvm/x86_cpu.cc:1688: warn: kvm-x86: MSR (0x1a0) unsupported by gem5. Skipping.
src/arch/x86/kvm/x86_cpu.cc:1688: warn: kvm-x86: MSR (0x4d0) unsupported by gem5. Skipping.
src/arch/x86/kvm/x86_cpu.cc:1688: warn: kvm-x86: MSR (0x9e) unsupported by gem5. Skipping.
src/arch/x86/kvm/x86_cpu.cc:1688: warn: kvm-x86: MSR (0x34) unsupported by gem5. Skipping.
src/arch/x86/kvm/x86_cpu.cc:1688: warn: kvm-x86: MSR (0xce) unsupported by gem5. Skipping.
src/arch/x86/kvm/x86_cpu.cc:1688: warn: kvm-x86: MSR (0x140) unsupported by gem5. Skipping.
src/arch/x86/kvm/x86_cpu.cc:1688: warn: kvm-x86: MSR (0x1fc) unsupported by gem5. Skipping.
src/arch/x86/kvm/x86_cpu.cc:1688: warn: kvm-x86: MSR (0x8b) unsupported by gem5. Skipping.
src/arch/x86/kvm/x86_cpu.cc:1688: warn: kvm-x86: MSR (0x480) unsupported by gem5. Skipping.
src/arch/x86/kvm/x86_cpu.cc:1688: warn: kvm-x86: MSR (0x48d) unsupported by gem5. Skipping.
src/arch/x86/kvm/x86_cpu.cc:1688: warn: kvm-x86: MSR (0x48e) unsupported by gem5. Skipping.
src/arch/x86/kvm/x86_cpu.cc:1688: warn: kvm-x86: MSR (0x48f) unsupported by gem5. Skipping.
src/arch/x86/kvm/x86_cpu.cc:1688: warn: kvm-x86: MSR (0x490) unsupported by gem5. Skipping.
src/arch/x86/kvm/x86_cpu.cc:1688: warn: kvm-x86: MSR (0x485) unsupported by gem5. Skipping.
src/arch/x86/kvm/x86_cpu.cc:1688: warn: kvm-x86: MSR (0x486) unsupported by gem5. Skipping.
src/arch/x86/kvm/x86_cpu.cc:1688: warn: kvm-x86: MSR (0x488) unsupported by gem5. Skipping.
src/arch/x86/kvm/x86_cpu.cc:1688: warn: kvm-x86: MSR (0x48a) unsupported by gem5. Skipping.
src/arch/x86/kvm/x86_cpu.cc:1688: warn: kvm-x86: MSR (0x48b) unsupported by gem5. Skipping.
src/arch/x86/kvm/x86_cpu.cc:1688: warn: kvm-x86: MSR (0x48c) unsupported by gem5. Skipping.
src/arch/x86/kvm/x86_cpu.cc:1688: warn: kvm-x86: MSR (0x491) unsupported by gem5. Skipping.
src/arch/x86/kvm/x86_cpu.cc:1688: warn: kvm-x86: MSR (0xc0010015) unsupported by gem5. Skipping.
src/arch/x86/kvm/x86_cpu.cc:1688: warn: kvm-x86: MSR (0x4b564d05) unsupported by gem5. Skipping.
src/arch/x86/kvm/x86_cpu.cc:563: warn: cs limit (0xffffffff) and g (0) combination is illegal.
src/arch/x86/kvm/x86_cpu.cc:563: warn: cs limit (0xffffffff) and g (0) combination is illegal.
src/arch/x86/kvm/x86_cpu.cc:563: warn: cs limit (0xffffffff) and g (0) combination is illegal.
src/arch/x86/kvm/x86_cpu.cc:1688: warn: kvm-x86: MSR (0x3a) unsupported by gem5. Skipping.
src/arch/x86/kvm/x86_cpu.cc:1688: warn: kvm-x86: MSR (0x48) unsupported by gem5. Skipping.
src/arch/x86/kvm/x86_cpu.cc:1688: warn: kvm-x86: MSR (0xe1) unsupported by gem5. Skipping.
src/arch/x86/kvm/x86_cpu.cc:1688: warn: kvm-x86: MSR (0x12) unsupported by gem5. Skipping.
src/arch/x86/kvm/x86_cpu.cc:1688: warn: kvm-x86: MSR (0x11) unsupported by gem5. Skipping.
src/arch/x86/kvm/x86_cpu.cc:1688: warn: kvm-x86: MSR (0x4b564d01) unsupported by gem5. Skipping.
src/arch/x86/kvm/x86_cpu.cc:1688: warn: kvm-x86: MSR (0x4b564d00) unsupported by gem5. Skipping.
src/arch/x86/kvm/x86_cpu.cc:1688: warn: kvm-x86: MSR (0x40000000) unsupported by gem5. Skipping.
src/arch/x86/kvm/x86_cpu.cc:1688: warn: kvm-x86: MSR (0x40000001) unsupported by gem5. Skipping.
src/arch/x86/kvm/x86_cpu.cc:1688: warn: kvm-x86: MSR (0x40000020) unsupported by gem5. Skipping.
src/arch/x86/kvm/x86_cpu.cc:1688: warn: kvm-x86: MSR (0x40000021) unsupported by gem5. Skipping.
src/arch/x86/kvm/x86_cpu.cc:1688: warn: kvm-x86: MSR (0x40000022) unsupported by gem5. Skipping.
src/arch/x86/kvm/x86_cpu.cc:1688: warn: kvm-x86: MSR (0x40000023) unsupported by gem5. Skipping.
src/arch/x86/kvm/x86_cpu.cc:1688: warn: kvm-x86: MSR (0x40000100) unsupported by gem5. Skipping.
src/arch/x86/kvm/x86_cpu.cc:1688: warn: kvm-x86: MSR (0x40000101) unsupported by gem5. Skipping.
src/arch/x86/kvm/x86_cpu.cc:1688: warn: kvm-x86: MSR (0x40000102) unsupported by gem5. Skipping.
src/arch/x86/kvm/x86_cpu.cc:1688: warn: kvm-x86: MSR (0x40000103) unsupported by gem5. Skipping.
src/arch/x86/kvm/x86_cpu.cc:1688: warn: kvm-x86: MSR (0x40000104) unsupported by gem5. Skipping.
src/arch/x86/kvm/x86_cpu.cc:1688: warn: kvm-x86: MSR (0x40000105) unsupported by gem5. Skipping.
src/arch/x86/kvm/x86_cpu.cc:1688: warn: kvm-x86: MSR (0x40000003) unsupported by gem5. Skipping.
src/arch/x86/kvm/x86_cpu.cc:1688: warn: kvm-x86: MSR (0x40000002) unsupported by gem5. Skipping.
src/arch/x86/kvm/x86_cpu.cc:1688: warn: kvm-x86: MSR (0x40000010) unsupported by gem5. Skipping.
src/arch/x86/kvm/x86_cpu.cc:1688: warn: kvm-x86: MSR (0x40000080) unsupported by gem5. Skipping.
src/arch/x86/kvm/x86_cpu.cc:1688: warn: kvm-x86: MSR (0x400000b0) unsupported by gem5. Skipping.
src/arch/x86/kvm/x86_cpu.cc:1688: warn: kvm-x86: MSR (0x40000073) unsupported by gem5. Skipping.
src/arch/x86/kvm/x86_cpu.cc:1688: warn: kvm-x86: MSR (0x40000106) unsupported by gem5. Skipping.
src/arch/x86/kvm/x86_cpu.cc:1688: warn: kvm-x86: MSR (0x40000107) unsupported by gem5. Skipping.
src/arch/x86/kvm/x86_cpu.cc:1688: warn: kvm-x86: MSR (0x40000108) unsupported by gem5. Skipping.
src/arch/x86/kvm/x86_cpu.cc:1688: warn: kvm-x86: MSR (0x40000118) unsupported by gem5. Skipping.
src/arch/x86/kvm/x86_cpu.cc:1688: warn: kvm-x86: MSR (0x400000ff) unsupported by gem5. Skipping.
src/arch/x86/kvm/x86_cpu.cc:1688: warn: kvm-x86: MSR (0x400000f1) unsupported by gem5. Skipping.
src/arch/x86/kvm/x86_cpu.cc:1688: warn: kvm-x86: MSR (0x400000f2) unsupported by gem5. Skipping.
src/arch/x86/kvm/x86_cpu.cc:1688: warn: kvm-x86: MSR (0x400000f3) unsupported by gem5. Skipping.
src/arch/x86/kvm/x86_cpu.cc:1688: warn: kvm-x86: MSR (0x400000f4) unsupported by gem5. Skipping.
src/arch/x86/kvm/x86_cpu.cc:1688: warn: kvm-x86: MSR (0x400000f5) unsupported by gem5. Skipping.
src/arch/x86/kvm/x86_cpu.cc:1688: warn: kvm-x86: MSR (0x4b564d02) unsupported by gem5. Skipping.
src/arch/x86/kvm/x86_cpu.cc:1688: warn: kvm-x86: MSR (0x4b564d03) unsupported by gem5. Skipping.
src/arch/x86/kvm/x86_cpu.cc:1688: warn: kvm-x86: MSR (0x4b564d04) unsupported by gem5. Skipping.
src/arch/x86/kvm/x86_cpu.cc:1688: warn: kvm-x86: MSR (0x4b564d06) unsupported by gem5. Skipping.
src/arch/x86/kvm/x86_cpu.cc:1688: warn: kvm-x86: MSR (0x4b564d07) unsupported by gem5. Skipping.
src/arch/x86/kvm/x86_cpu.cc:1688: warn: kvm-x86: MSR (0x3b) unsupported by gem5. Skipping.
src/arch/x86/kvm/x86_cpu.cc:1688: warn: kvm-x86: MSR (0x6e0) unsupported by gem5. Skipping.
src/arch/x86/kvm/x86_cpu.cc:1688: warn: kvm-x86: MSR (0x10a) unsupported by gem5. Skipping.
src/arch/x86/kvm/x86_cpu.cc:1688: warn: kvm-x86: MSR (0x345) unsupported by gem5. Skipping.
src/arch/x86/kvm/x86_cpu.cc:1688: warn: kvm-x86: MSR (0x1a0) unsupported by gem5. Skipping.
src/arch/x86/kvm/x86_cpu.cc:1688: warn: kvm-x86: MSR (0x4d0) unsupported by gem5. Skipping.
src/arch/x86/kvm/x86_cpu.cc:1688: warn: kvm-x86: MSR (0x9e) unsupported by gem5. Skipping.
src/arch/x86/kvm/x86_cpu.cc:1688: warn: kvm-x86: MSR (0x34) unsupported by gem5. Skipping.
src/arch/x86/kvm/x86_cpu.cc:1688: warn: kvm-x86: MSR (0xce) unsupported by gem5. Skipping.
src/arch/x86/kvm/x86_cpu.cc:1688: warn: kvm-x86: MSR (0x140) unsupported by gem5. Skipping.
src/arch/x86/kvm/x86_cpu.cc:1688: warn: kvm-x86: MSR (0x1fc) unsupported by gem5. Skipping.
src/arch/x86/kvm/x86_cpu.cc:1688: warn: kvm-x86: MSR (0x8b) unsupported by gem5. Skipping.
src/arch/x86/kvm/x86_cpu.cc:1688: warn: kvm-x86: MSR (0x480) unsupported by gem5. Skipping.
src/arch/x86/kvm/x86_cpu.cc:1688: warn: kvm-x86: MSR (0x48d) unsupported by gem5. Skipping.
src/arch/x86/kvm/x86_cpu.cc:1688: warn: kvm-x86: MSR (0x48e) unsupported by gem5. Skipping.
src/arch/x86/kvm/x86_cpu.cc:1688: warn: kvm-x86: MSR (0x48f) unsupported by gem5. Skipping.
src/arch/x86/kvm/x86_cpu.cc:1688: warn: kvm-x86: MSR (0x490) unsupported by gem5. Skipping.
src/arch/x86/kvm/x86_cpu.cc:1688: warn: kvm-x86: MSR (0x485) unsupported by gem5. Skipping.
src/arch/x86/kvm/x86_cpu.cc:1688: warn: kvm-x86: MSR (0x486) unsupported by gem5. Skipping.
src/arch/x86/kvm/x86_cpu.cc:1688: warn: kvm-x86: MSR (0x488) unsupported by gem5. Skipping.
src/arch/x86/kvm/x86_cpu.cc:1688: warn: kvm-x86: MSR (0x48a) unsupported by gem5. Skipping.
src/arch/x86/kvm/x86_cpu.cc:1688: warn: kvm-x86: MSR (0x48b) unsupported by gem5. Skipping.
src/arch/x86/kvm/x86_cpu.cc:1688: warn: kvm-x86: MSR (0x48c) unsupported by gem5. Skipping.
src/arch/x86/kvm/x86_cpu.cc:1688: warn: kvm-x86: MSR (0x491) unsupported by gem5. Skipping.
src/arch/x86/kvm/x86_cpu.cc:1688: warn: kvm-x86: MSR (0xc0010015) unsupported by gem5. Skipping.
src/arch/x86/kvm/x86_cpu.cc:1688: warn: kvm-x86: MSR (0x4b564d05) unsupported by gem5. Skipping.
src/arch/x86/kvm/x86_cpu.cc:563: warn: cs limit (0xffffffff) and g (0) combination is illegal.
src/arch/x86/kvm/x86_cpu.cc:563: warn: cs limit (0xffffffff) and g (0) combination is illegal.
src/arch/x86/kvm/x86_cpu.cc:563: warn: cs limit (0xffffffff) and g (0) combination is illegal.
src/arch/x86/kvm/x86_cpu.cc:1688: warn: kvm-x86: MSR (0x3a) unsupported by gem5. Skipping.
src/arch/x86/kvm/x86_cpu.cc:1688: warn: kvm-x86: MSR (0x48) unsupported by gem5. Skipping.
src/arch/x86/kvm/x86_cpu.cc:1688: warn: kvm-x86: MSR (0xe1) unsupported by gem5. Skipping.
src/arch/x86/kvm/x86_cpu.cc:1688: warn: kvm-x86: MSR (0x12) unsupported by gem5. Skipping.
src/arch/x86/kvm/x86_cpu.cc:1688: warn: kvm-x86: MSR (0x11) unsupported by gem5. Skipping.
src/arch/x86/kvm/x86_cpu.cc:1688: warn: kvm-x86: MSR (0x4b564d01) unsupported by gem5. Skipping.
src/arch/x86/kvm/x86_cpu.cc:1688: warn: kvm-x86: MSR (0x4b564d00) unsupported by gem5. Skipping.
src/arch/x86/kvm/x86_cpu.cc:1688: warn: kvm-x86: MSR (0x40000000) unsupported by gem5. Skipping.
src/arch/x86/kvm/x86_cpu.cc:1688: warn: kvm-x86: MSR (0x40000001) unsupported by gem5. Skipping.
src/arch/x86/kvm/x86_cpu.cc:1688: warn: kvm-x86: MSR (0x40000020) unsupported by gem5. Skipping.
src/arch/x86/kvm/x86_cpu.cc:1688: warn: kvm-x86: MSR (0x40000021) unsupported by gem5. Skipping.
src/arch/x86/kvm/x86_cpu.cc:1688: warn: kvm-x86: MSR (0x40000022) unsupported by gem5. Skipping.
src/arch/x86/kvm/x86_cpu.cc:1688: warn: kvm-x86: MSR (0x40000023) unsupported by gem5. Skipping.
src/arch/x86/kvm/x86_cpu.cc:1688: warn: kvm-x86: MSR (0x40000100) unsupported by gem5. Skipping.
src/arch/x86/kvm/x86_cpu.cc:1688: warn: kvm-x86: MSR (0x40000101) unsupported by gem5. Skipping.
src/arch/x86/kvm/x86_cpu.cc:1688: warn: kvm-x86: MSR (0x40000102) unsupported by gem5. Skipping.
src/arch/x86/kvm/x86_cpu.cc:1688: warn: kvm-x86: MSR (0x40000103) unsupported by gem5. Skipping.
src/arch/x86/kvm/x86_cpu.cc:1688: warn: kvm-x86: MSR (0x40000104) unsupported by gem5. Skipping.
src/arch/x86/kvm/x86_cpu.cc:1688: warn: kvm-x86: MSR (0x40000105) unsupported by gem5. Skipping.
src/arch/x86/kvm/x86_cpu.cc:1688: warn: kvm-x86: MSR (0x40000003) unsupported by gem5. Skipping.
src/arch/x86/kvm/x86_cpu.cc:1688: warn: kvm-x86: MSR (0x40000002) unsupported by gem5. Skipping.
src/arch/x86/kvm/x86_cpu.cc:1688: warn: kvm-x86: MSR (0x40000010) unsupported by gem5. Skipping.
src/arch/x86/kvm/x86_cpu.cc:1688: warn: kvm-x86: MSR (0x40000080) unsupported by gem5. Skipping.
src/arch/x86/kvm/x86_cpu.cc:1688: warn: kvm-x86: MSR (0x400000b0) unsupported by gem5. Skipping.
src/arch/x86/kvm/x86_cpu.cc:1688: warn: kvm-x86: MSR (0x40000073) unsupported by gem5. Skipping.
src/arch/x86/kvm/x86_cpu.cc:1688: warn: kvm-x86: MSR (0x40000106) unsupported by gem5. Skipping.
src/arch/x86/kvm/x86_cpu.cc:1688: warn: kvm-x86: MSR (0x40000107) unsupported by gem5. Skipping.
src/arch/x86/kvm/x86_cpu.cc:1688: warn: kvm-x86: MSR (0x40000108) unsupported by gem5. Skipping.
src/arch/x86/kvm/x86_cpu.cc:1688: warn: kvm-x86: MSR (0x40000118) unsupported by gem5. Skipping.
src/arch/x86/kvm/x86_cpu.cc:1688: warn: kvm-x86: MSR (0x400000ff) unsupported by gem5. Skipping.
src/arch/x86/kvm/x86_cpu.cc:1688: warn: kvm-x86: MSR (0x400000f1) unsupported by gem5. Skipping.
src/arch/x86/kvm/x86_cpu.cc:1688: warn: kvm-x86: MSR (0x400000f2) unsupported by gem5. Skipping.
src/arch/x86/kvm/x86_cpu.cc:1688: warn: kvm-x86: MSR (0x400000f3) unsupported by gem5. Skipping.
src/arch/x86/kvm/x86_cpu.cc:1688: warn: kvm-x86: MSR (0x400000f4) unsupported by gem5. Skipping.
src/arch/x86/kvm/x86_cpu.cc:1688: warn: kvm-x86: MSR (0x400000f5) unsupported by gem5. Skipping.
src/arch/x86/kvm/x86_cpu.cc:1688: warn: kvm-x86: MSR (0x4b564d02) unsupported by gem5. Skipping.
src/arch/x86/kvm/x86_cpu.cc:1688: warn: kvm-x86: MSR (0x4b564d03) unsupported by gem5. Skipping.
src/arch/x86/kvm/x86_cpu.cc:1688: warn: kvm-x86: MSR (0x4b564d04) unsupported by gem5. Skipping.
src/arch/x86/kvm/x86_cpu.cc:1688: warn: kvm-x86: MSR (0x4b564d06) unsupported by gem5. Skipping.
src/arch/x86/kvm/x86_cpu.cc:1688: warn: kvm-x86: MSR (0x4b564d07) unsupported by gem5. Skipping.
src/arch/x86/kvm/x86_cpu.cc:1688: warn: kvm-x86: MSR (0x3b) unsupported by gem5. Skipping.
src/arch/x86/kvm/x86_cpu.cc:1688: warn: kvm-x86: MSR (0x6e0) unsupported by gem5. Skipping.
src/arch/x86/kvm/x86_cpu.cc:1688: warn: kvm-x86: MSR (0x10a) unsupported by gem5. Skipping.
src/arch/x86/kvm/x86_cpu.cc:1688: warn: kvm-x86: MSR (0x345) unsupported by gem5. Skipping.
src/arch/x86/kvm/x86_cpu.cc:1688: warn: kvm-x86: MSR (0x1a0) unsupported by gem5. Skipping.
src/arch/x86/kvm/x86_cpu.cc:1688: warn: kvm-x86: MSR (0x4d0) unsupported by gem5. Skipping.
src/arch/x86/kvm/x86_cpu.cc:1688: warn: kvm-x86: MSR (0x9e) unsupported by gem5. Skipping.
src/arch/x86/kvm/x86_cpu.cc:1688: warn: kvm-x86: MSR (0x34) unsupported by gem5. Skipping.
src/arch/x86/kvm/x86_cpu.cc:1688: warn: kvm-x86: MSR (0xce) unsupported by gem5. Skipping.
src/arch/x86/kvm/x86_cpu.cc:1688: warn: kvm-x86: MSR (0x140) unsupported by gem5. Skipping.
src/arch/x86/kvm/x86_cpu.cc:1688: warn: kvm-x86: MSR (0x1fc) unsupported by gem5. Skipping.
src/arch/x86/kvm/x86_cpu.cc:1688: warn: kvm-x86: MSR (0x8b) unsupported by gem5. Skipping.
src/arch/x86/kvm/x86_cpu.cc:1688: warn: kvm-x86: MSR (0x480) unsupported by gem5. Skipping.
src/arch/x86/kvm/x86_cpu.cc:1688: warn: kvm-x86: MSR (0x48d) unsupported by gem5. Skipping.
src/arch/x86/kvm/x86_cpu.cc:1688: warn: kvm-x86: MSR (0x48e) unsupported by gem5. Skipping.
src/arch/x86/kvm/x86_cpu.cc:1688: warn: kvm-x86: MSR (0x48f) unsupported by gem5. Skipping.
src/arch/x86/kvm/x86_cpu.cc:1688: warn: kvm-x86: MSR (0x490) unsupported by gem5. Skipping.
src/arch/x86/kvm/x86_cpu.cc:1688: warn: kvm-x86: MSR (0x485) unsupported by gem5. Skipping.
src/arch/x86/kvm/x86_cpu.cc:1688: warn: kvm-x86: MSR (0x486) unsupported by gem5. Skipping.
src/arch/x86/kvm/x86_cpu.cc:1688: warn: kvm-x86: MSR (0x488) unsupported by gem5. Skipping.
src/arch/x86/kvm/x86_cpu.cc:1688: warn: kvm-x86: MSR (0x48a) unsupported by gem5. Skipping.
src/arch/x86/kvm/x86_cpu.cc:1688: warn: kvm-x86: MSR (0x48b) unsupported by gem5. Skipping.
src/arch/x86/kvm/x86_cpu.cc:1688: warn: kvm-x86: MSR (0x48c) unsupported by gem5. Skipping.
src/arch/x86/kvm/x86_cpu.cc:1688: warn: kvm-x86: MSR (0x491) unsupported by gem5. Skipping.
src/arch/x86/kvm/x86_cpu.cc:1688: warn: kvm-x86: MSR (0xc0010015) unsupported by gem5. Skipping.
src/arch/x86/kvm/x86_cpu.cc:1688: warn: kvm-x86: MSR (0x4b564d05) unsupported by gem5. Skipping.
src/arch/x86/kvm/x86_cpu.cc:563: warn: cs limit (0xffffffff) and g (0) combination is illegal.
src/arch/x86/kvm/x86_cpu.cc:563: warn: cs limit (0xffffffff) and g (0) combination is illegal.
src/dev/x86/pc.cc:117: warn: Don't know what interrupt to clear for console.
src/dev/x86/i8042.cc:290: warn: Write to unknown i8042 (keyboard controller) command port.
src/sim/power_state.cc:105: warn: PowerState: Already in the requested power state, request ignored
Done booting Linux
Resetting stats at the start of ROI!
switching cpus
src/sim/simulate.cc:199: info: Entering event queue @ 18807485191498.  Starting simulation...
src/mem/ruby/system/Sequencer.cc:704: warn: Replacement policy updates recently became the responsibility of SLICC state machines. Make sure to setMRU() near callbacks in .sm files!
build/X86/arch/x86/generated/exec-ns.cc.inc:27: warn: instruction 'verw_Mw_or_Rv' unimplemented
build/X86/arch/x86/generated/exec-ns.cc.inc:27: warn: instruction 'verw_Mw_or_Rv' unimplemented
build/X86/arch/x86/generated/exec-ns.cc.inc:27: warn: instruction 'verw_Mw_or_Rv' unimplemented
build/X86/arch/x86/generated/exec-ns.cc.inc:27: warn: instruction 'verw_Mw_or_Rv' unimplemented
build/X86/arch/x86/generated/exec-ns.cc.inc:27: warn: instruction 'verw_Mw_or_Rv' unimplemented
build/X86/arch/x86/generated/exec-ns.cc.inc:27: warn: instruction 'verw_Mw_or_Rv' unimplemented
build/X86/arch/x86/generated/exec-ns.cc.inc:27: warn: instruction 'verw_Mw_or_Rv' unimplemented
build/X86/arch/x86/generated/exec-ns.cc.inc:27: warn: instruction 'verw_Mw_or_Rv' unimplemented
build/X86/arch/x86/generated/exec-ns.cc.inc:27: warn: instruction 'verw_Mw_or_Rv' unimplemented
build/X86/arch/x86/generated/exec-ns.cc.inc:27: warn: instruction 'verw_Mw_or_Rv' unimplemented
build/X86/arch/x86/generated/exec-ns.cc.inc:27: warn: instruction 'verw_Mw_or_Rv' unimplemented
build/X86/arch/x86/generated/exec-ns.cc.inc:27: warn: instruction 'verw_Mw_or_Rv' unimplemented
build/X86/arch/x86/generated/exec-ns.cc.inc:27: warn: instruction 'verw_Mw_or_Rv' unimplemented
build/X86/arch/x86/generated/exec-ns.cc.inc:27: warn: instruction 'verw_Mw_or_Rv' unimplemented
build/X86/arch/x86/generated/exec-ns.cc.inc:27: warn: instruction 'verw_Mw_or_Rv' unimplemented
build/X86/arch/x86/generated/exec-ns.cc.inc:27: warn: instruction 'verw_Mw_or_Rv' unimplemented
build/X86/arch/x86/generated/exec-ns.cc.inc:27: warn: instruction 'verw_Mw_or_Rv' unimplemented
build/X86/arch/x86/generated/exec-ns.cc.inc:27: warn: instruction 'verw_Mw_or_Rv' unimplemented
build/X86/arch/x86/generated/exec-ns.cc.inc:27: warn: instruction 'verw_Mw_or_Rv' unimplemented
build/X86/arch/x86/generated/exec-ns.cc.inc:27: warn: instruction 'verw_Mw_or_Rv' unimplemented
build/X86/arch/x86/generated/exec-ns.cc.inc:27: warn: instruction 'verw_Mw_or_Rv' unimplemented
build/X86/arch/x86/generated/exec-ns.cc.inc:27: warn: instruction 'verw_Mw_or_Rv' unimplemented
build/X86/arch/x86/generated/exec-ns.cc.inc:27: warn: instruction 'verw_Mw_or_Rv' unimplemented
build/X86/arch/x86/generated/exec-ns.cc.inc:27: warn: instruction 'verw_Mw_or_Rv' unimplemented
build/X86/arch/x86/generated/exec-ns.cc.inc:27: warn: instruction 'verw_Mw_or_Rv' unimplemented
build/X86/arch/x86/generated/exec-ns.cc.inc:27: warn: instruction 'verw_Mw_or_Rv' unimplemented
build/X86/arch/x86/generated/exec-ns.cc.inc:27: warn: instruction 'verw_Mw_or_Rv' unimplemented
src/arch/generic/debugfaults.hh:145: warn: MOVNTDQ: Ignoring non-temporal hint, modeling as cacheable!
build/X86/arch/x86/generated/exec-ns.cc.inc:27: warn: instruction 'fwait' unimplemented
build/X86/arch/x86/generated/exec-ns.cc.inc:27: warn: instruction 'fwait' unimplemented
build/X86/arch/x86/generated/exec-ns.cc.inc:27: warn: instruction 'fwait' unimplemented
build/X86/arch/x86/generated/exec-ns.cc.inc:27: warn: instruction 'fwait' unimplemented
build/X86/arch/x86/generated/exec-ns.cc.inc:27: warn: instruction 'fwait' unimplemented
build/X86/arch/x86/generated/exec-ns.cc.inc:27: warn: instruction 'fwait' unimplemented
build/X86/arch/x86/generated/exec-ns.cc.inc:27: warn: instruction 'fwait' unimplemented
build/X86/arch/x86/generated/exec-ns.cc.inc:27: warn: instruction 'fwait' unimplemented
build/X86/arch/x86/generated/exec-ns.cc.inc:27: warn: instruction 'fwait' unimplemented
build/X86/arch/x86/generated/exec-ns.cc.inc:27: warn: instruction 'fwait' unimplemented
build/X86/arch/x86/generated/exec-ns.cc.inc:27: warn: instruction 'fwait' unimplemented
build/X86/arch/x86/generated/exec-ns.cc.inc:27: warn: instruction 'fwait' unimplemented
build/X86/arch/x86/generated/exec-ns.cc.inc:27: warn: instruction 'verw_Mw_or_Rv' unimplemented
build/X86/arch/x86/generated/exec-ns.cc.inc:27: warn: instruction 'verw_Mw_or_Rv' unimplemented
Dump stats at the end of the ROI!
All simulation events were successful.
Done with the simulation

Performance statistics:
Simulated time in ROI: 179237777140
Ran a total of 18.986722968638 simulated seconds
Total wallclock time: 1924.56s, 32.08 min

==========================================================
FINAL L2 MISS LATENCY REPORT (Per Memory Bank)
==========================================================
Config: 16 Banks, 64 bytes per stripe.
Controller: 0
  [Bank 0] EWMA: 109.52 cycles | Samples: 1820
  [Bank 1] EWMA: 129.039 cycles | Samples: 1303
  [Bank 2] EWMA: 139.671 cycles | Samples: 1829
  [Bank 3] EWMA: 192.641 cycles | Samples: 1369
  [Bank 4] EWMA: 61.0773 cycles | Samples: 1820
  [Bank 5] EWMA: 133.513 cycles | Samples: 1854
  [Bank 6] EWMA: 244.864 cycles | Samples: 1720
  [Bank 7] EWMA: 182.228 cycles | Samples: 1494
  [Bank 8] EWMA: 114.306 cycles | Samples: 1383
  [Bank 9] EWMA: 103.391 cycles | Samples: 1221
  [Bank 10] EWMA: 160.253 cycles | Samples: 1342
  [Bank 11] EWMA: 207.949 cycles | Samples: 996
  [Bank 12] EWMA: 137.752 cycles | Samples: 1838
  [Bank 13] EWMA: 212.988 cycles | Samples: 1038
  [Bank 14] EWMA: 193.725 cycles | Samples: 2033
  [Bank 15] EWMA: 170.028 cycles | Samples: 1559
----------------------------------------------------------
Controller: 1
  [Bank 0] EWMA: 72.5815 cycles | Samples: 1935
  [Bank 1] EWMA: 66.5776 cycles | Samples: 1447
  [Bank 2] EWMA: 88.9544 cycles | Samples: 1493
  [Bank 3] EWMA: 84.8605 cycles | Samples: 1075
  [Bank 4] EWMA: 90.243 cycles | Samples: 1483
  [Bank 5] EWMA: 78.0143 cycles | Samples: 1473
  [Bank 6] EWMA: 82.4243 cycles | Samples: 1669
  [Bank 7] EWMA: 101.393 cycles | Samples: 1754
  [Bank 8] EWMA: 150.163 cycles | Samples: 1128
  [Bank 9] EWMA: 125.737 cycles | Samples: 1013
  [Bank 10] EWMA: 106.962 cycles | Samples: 1150
  [Bank 11] EWMA: 126.164 cycles | Samples: 915
  [Bank 12] EWMA: 107.796 cycles | Samples: 1409
  [Bank 13] EWMA: 112.146 cycles | Samples: 1004
  [Bank 14] EWMA: 118.679 cycles | Samples: 1905
  [Bank 15] EWMA: 124.563 cycles | Samples: 1314
----------------------------------------------------------
Controller: 2
  [Bank 0] EWMA: 76.4564 cycles | Samples: 2313
  [Bank 1] EWMA: 82.7881 cycles | Samples: 1437
  [Bank 2] EWMA: 100.739 cycles | Samples: 1562
  [Bank 3] EWMA: 1.89466e+06 cycles | Samples: 1179
  [Bank 4] EWMA: 94.6585 cycles | Samples: 1601
  [Bank 5] EWMA: 87.3437 cycles | Samples: 1639
  [Bank 6] EWMA: 117.452 cycles | Samples: 1851
  [Bank 7] EWMA: 110.248 cycles | Samples: 1386
  [Bank 8] EWMA: 133.493 cycles | Samples: 1236
  [Bank 9] EWMA: 110.743 cycles | Samples: 1089
  [Bank 10] EWMA: 272.291 cycles | Samples: 1172
  [Bank 11] EWMA: 126.548 cycles | Samples: 970
  [Bank 12] EWMA: 127.134 cycles | Samples: 1608
  [Bank 13] EWMA: 141.507 cycles | Samples: 1131
  [Bank 14] EWMA: 94.0014 cycles | Samples: 2353
  [Bank 15] EWMA: 124.157 cycles | Samples: 1424
----------------------------------------------------------
Controller: 3
  [Bank 0] EWMA: 91.0286 cycles | Samples: 1945
  [Bank 1] EWMA: 91.6047 cycles | Samples: 1322
  [Bank 2] EWMA: 88.204 cycles | Samples: 1532
  [Bank 3] EWMA: 56.5563 cycles | Samples: 1266
  [Bank 4] EWMA: 414.272 cycles | Samples: 1423
  [Bank 5] EWMA: 112.326 cycles | Samples: 1527
  [Bank 6] EWMA: 101.684 cycles | Samples: 1639
  [Bank 7] EWMA: 77.67 cycles | Samples: 1192
  [Bank 8] EWMA: 142.475 cycles | Samples: 1046
  [Bank 9] EWMA: 123.73 cycles | Samples: 1244
  [Bank 10] EWMA: 116.938 cycles | Samples: 1033
  [Bank 11] EWMA: 110.757 cycles | Samples: 1419
  [Bank 12] EWMA: 144.966 cycles | Samples: 1315
  [Bank 13] EWMA: 129.881 cycles | Samples: 927
  [Bank 14] EWMA: 109.304 cycles | Samples: 1746
  [Bank 15] EWMA: 97.363 cycles | Samples: 1553
----------------------------------------------------------
Controller: 4
  [Bank 0] EWMA: 59.2294 cycles | Samples: 2111
  [Bank 1] EWMA: 86.2309 cycles | Samples: 1404
  [Bank 2] EWMA: 113.46 cycles | Samples: 1280
  [Bank 3] EWMA: 620943 cycles | Samples: 1140
  [Bank 4] EWMA: 48.6754 cycles | Samples: 1381
  [Bank 5] EWMA: 89.1442 cycles | Samples: 1192
  [Bank 6] EWMA: 105.987 cycles | Samples: 1465
  [Bank 7] EWMA: 97.0072 cycles | Samples: 1254
  [Bank 8] EWMA: 76.7158 cycles | Samples: 1097
  [Bank 9] EWMA: 174.685 cycles | Samples: 971
  [Bank 10] EWMA: 108.435 cycles | Samples: 1093
  [Bank 11] EWMA: 122.572 cycles | Samples: 868
  [Bank 12] EWMA: 83.0774 cycles | Samples: 1921
  [Bank 13] EWMA: 102.635 cycles | Samples: 985
  [Bank 14] EWMA: 110.46 cycles | Samples: 2568
  [Bank 15] EWMA: 124.345 cycles | Samples: 1596
----------------------------------------------------------
Controller: 5
  [Bank 0] EWMA: 96.3274 cycles | Samples: 534
  [Bank 1] EWMA: 77.741 cycles | Samples: 259
  [Bank 2] EWMA: 111.824 cycles | Samples: 83
  [Bank 3] EWMA: 108.677 cycles | Samples: 80
  [Bank 4] EWMA: 66.608 cycles | Samples: 169
  [Bank 5] EWMA: 77.3015 cycles | Samples: 73
  [Bank 6] EWMA: 91.1918 cycles | Samples: 83
  [Bank 7] EWMA: 116.378 cycles | Samples: 64
  [Bank 8] EWMA: 91.7153 cycles | Samples: 75
  [Bank 9] EWMA: 183.305 cycles | Samples: 53
  [Bank 10] EWMA: 93.8252 cycles | Samples: 134
  [Bank 11] EWMA: 115.787 cycles | Samples: 73
  [Bank 12] EWMA: 160.786 cycles | Samples: 167
  [Bank 13] EWMA: 183.265 cycles | Samples: 59
  [Bank 14] EWMA: 93.3137 cycles | Samples: 431
  [Bank 15] EWMA: 132.375 cycles | Samples: 191
----------------------------------------------------------
Controller: 6
  [Bank 0] EWMA: 91.1434 cycles | Samples: 1944
  [Bank 1] EWMA: 158.646 cycles | Samples: 1326
  [Bank 2] EWMA: 97.658 cycles | Samples: 1246
  [Bank 3] EWMA: 6.73083e+07 cycles | Samples: 1029
  [Bank 4] EWMA: 4.85775e+07 cycles | Samples: 1970
  [Bank 5] EWMA: 73.8727 cycles | Samples: 1079
  [Bank 6] EWMA: 78.2472 cycles | Samples: 1292
  [Bank 7] EWMA: 77.8489 cycles | Samples: 1206
  [Bank 8] EWMA: 98.9706 cycles | Samples: 997
  [Bank 9] EWMA: 84.9815 cycles | Samples: 939
  [Bank 10] EWMA: 96.0847 cycles | Samples: 1167
  [Bank 11] EWMA: 92.4708 cycles | Samples: 828
  [Bank 12] EWMA: 109.867 cycles | Samples: 1284
  [Bank 13] EWMA: 106.434 cycles | Samples: 943
  [Bank 14] EWMA: 77.2493 cycles | Samples: 1835
  [Bank 15] EWMA: 94.8988 cycles | Samples: 1225
----------------------------------------------------------
Controller: 7
  [Bank 0] EWMA: 109.52 cycles | Samples: 2184
  [Bank 1] EWMA: 100.607 cycles | Samples: 1386
  [Bank 2] EWMA: 137.578 cycles | Samples: 1498
  [Bank 3] EWMA: 102.248 cycles | Samples: 1169
  [Bank 4] EWMA: 100.224 cycles | Samples: 1457
  [Bank 5] EWMA: 1620.33 cycles | Samples: 1328
  [Bank 6] EWMA: 64.5407 cycles | Samples: 1674
  [Bank 7] EWMA: 67.6784 cycles | Samples: 1344
  [Bank 8] EWMA: 1.53042e+09 cycles | Samples: 1195
  [Bank 9] EWMA: 107.276 cycles | Samples: 1054
  [Bank 10] EWMA: 91.3863 cycles | Samples: 1091
  [Bank 11] EWMA: 98.8254 cycles | Samples: 987
  [Bank 12] EWMA: 130.068 cycles | Samples: 1771
  [Bank 13] EWMA: 124.114 cycles | Samples: 1199
  [Bank 14] EWMA: 117.082 cycles | Samples: 2307
  [Bank 15] EWMA: 106.55 cycles | Samples: 1874
----------------------------------------------------------
Controller: 8
  [Bank 0] EWMA: 98.8715 cycles | Samples: 580
  [Bank 1] EWMA: 121.503 cycles | Samples: 275
  [Bank 2] EWMA: 148.116 cycles | Samples: 112
  [Bank 3] EWMA: 132.783 cycles | Samples: 115
  [Bank 4] EWMA: 102.946 cycles | Samples: 189
  [Bank 5] EWMA: 184.912 cycles | Samples: 102
  [Bank 6] EWMA: 159.838 cycles | Samples: 96
  [Bank 7] EWMA: 132.552 cycles | Samples: 106
  [Bank 8] EWMA: 96.3937 cycles | Samples: 105
  [Bank 9] EWMA: 125.221 cycles | Samples: 96
  [Bank 10] EWMA: 150.539 cycles | Samples: 155
  [Bank 11] EWMA: 227.264 cycles | Samples: 90
  [Bank 12] EWMA: 103.911 cycles | Samples: 200
  [Bank 13] EWMA: 86.7416 cycles | Samples: 85
  [Bank 14] EWMA: 128.624 cycles | Samples: 467
  [Bank 15] EWMA: 134.463 cycles | Samples: 202
----------------------------------------------------------
Controller: 9
  [Bank 0] EWMA: 109.185 cycles | Samples: 597
  [Bank 1] EWMA: 112.711 cycles | Samples: 280
  [Bank 2] EWMA: 114.399 cycles | Samples: 130
  [Bank 3] EWMA: 141.227 cycles | Samples: 121
  [Bank 4] EWMA: 84.194 cycles | Samples: 160
  [Bank 5] EWMA: 90.6252 cycles | Samples: 108
  [Bank 6] EWMA: 114.687 cycles | Samples: 109
  [Bank 7] EWMA: 154.635 cycles | Samples: 118
  [Bank 8] EWMA: 76.1542 cycles | Samples: 117
  [Bank 9] EWMA: 67.9393 cycles | Samples: 101
  [Bank 10] EWMA: 88.4387 cycles | Samples: 167
  [Bank 11] EWMA: 172.466 cycles | Samples: 96
  [Bank 12] EWMA: 118.029 cycles | Samples: 203
  [Bank 13] EWMA: 113.338 cycles | Samples: 89
  [Bank 14] EWMA: 144.265 cycles | Samples: 450
  [Bank 15] EWMA: 132.478 cycles | Samples: 234
----------------------------------------------------------
Controller: 10
  [Bank 0] EWMA: 262.508 cycles | Samples: 20061
  [Bank 1] EWMA: 400.401 cycles | Samples: 19018
  [Bank 2] EWMA: 274.026 cycles | Samples: 18597
  [Bank 3] EWMA: 269.412 cycles | Samples: 19001
  [Bank 4] EWMA: 244.147 cycles | Samples: 19658
  [Bank 5] EWMA: 283.619 cycles | Samples: 19392
  [Bank 6] EWMA: 261.193 cycles | Samples: 18780
  [Bank 7] EWMA: 271.598 cycles | Samples: 18401
  [Bank 8] EWMA: 256.147 cycles | Samples: 18774
  [Bank 9] EWMA: 246.086 cycles | Samples: 18988
  [Bank 10] EWMA: 259.387 cycles | Samples: 18858
  [Bank 11] EWMA: 285.599 cycles | Samples: 18585
  [Bank 12] EWMA: 313.583 cycles | Samples: 19004
  [Bank 13] EWMA: 275.055 cycles | Samples: 18687
  [Bank 14] EWMA: 304.686 cycles | Samples: 19355
  [Bank 15] EWMA: 306.401 cycles | Samples: 19223
----------------------------------------------------------
Controller: 11
  [Bank 0] EWMA: 127.653 cycles | Samples: 1974
  [Bank 1] EWMA: 116.143 cycles | Samples: 1370
  [Bank 2] EWMA: 127.003 cycles | Samples: 1594
  [Bank 3] EWMA: 114.891 cycles | Samples: 1125
  [Bank 4] EWMA: 110.386 cycles | Samples: 1507
  [Bank 5] EWMA: 110.4 cycles | Samples: 1376
  [Bank 6] EWMA: 81.7802 cycles | Samples: 1556
  [Bank 7] EWMA: 77.3426 cycles | Samples: 1247
  [Bank 8] EWMA: 100.805 cycles | Samples: 1205
  [Bank 9] EWMA: 82.0267 cycles | Samples: 1261
  [Bank 10] EWMA: 71.3905 cycles | Samples: 1148
  [Bank 11] EWMA: 84.9973 cycles | Samples: 885
  [Bank 12] EWMA: 123.619 cycles | Samples: 1484
  [Bank 13] EWMA: 96.6948 cycles | Samples: 984
  [Bank 14] EWMA: 80.7833 cycles | Samples: 2097
  [Bank 15] EWMA: 91.5526 cycles | Samples: 1551
----------------------------------------------------------
Controller: 12
  [Bank 0] EWMA: 91.313 cycles | Samples: 1892
  [Bank 1] EWMA: 114.654 cycles | Samples: 1313
  [Bank 2] EWMA: 172.002 cycles | Samples: 1371
  [Bank 3] EWMA: 130342 cycles | Samples: 1067
  [Bank 4] EWMA: 11260.3 cycles | Samples: 1413
  [Bank 5] EWMA: 4.62549e+06 cycles | Samples: 1113
  [Bank 6] EWMA: 111.743 cycles | Samples: 1339
  [Bank 7] EWMA: 127.131 cycles | Samples: 1634
  [Bank 8] EWMA: 73.5775 cycles | Samples: 1151
  [Bank 9] EWMA: 91.2147 cycles | Samples: 1450
  [Bank 10] EWMA: 100.694 cycles | Samples: 1025
  [Bank 11] EWMA: 149.046 cycles | Samples: 839
  [Bank 12] EWMA: 45.2544 cycles | Samples: 1314
  [Bank 13] EWMA: 70.527 cycles | Samples: 978
  [Bank 14] EWMA: 79.609 cycles | Samples: 1904
  [Bank 15] EWMA: 92.1296 cycles | Samples: 1175
----------------------------------------------------------
Controller: 13
  [Bank 0] EWMA: 107.132 cycles | Samples: 2055
  [Bank 1] EWMA: 124.51 cycles | Samples: 1294
  [Bank 2] EWMA: 109.427 cycles | Samples: 1284
  [Bank 3] EWMA: 129.877 cycles | Samples: 1039
  [Bank 4] EWMA: 91.539 cycles | Samples: 1174
  [Bank 5] EWMA: 88.8835 cycles | Samples: 1051
  [Bank 6] EWMA: 98.2519 cycles | Samples: 1331
  [Bank 7] EWMA: 109.331 cycles | Samples: 1160
  [Bank 8] EWMA: 77.2885 cycles | Samples: 1078
  [Bank 9] EWMA: 106.315 cycles | Samples: 1009
  [Bank 10] EWMA: 96.5298 cycles | Samples: 998
  [Bank 11] EWMA: 102.28 cycles | Samples: 865
  [Bank 12] EWMA: 59.75 cycles | Samples: 1195
  [Bank 13] EWMA: 44.0974 cycles | Samples: 915
  [Bank 14] EWMA: 63.4459 cycles | Samples: 1744
  [Bank 15] EWMA: 75.184 cycles | Samples: 1141
----------------------------------------------------------
Controller: 14
  [Bank 0] EWMA: 123.183 cycles | Samples: 2497
  [Bank 1] EWMA: 110.417 cycles | Samples: 1415
  [Bank 2] EWMA: 99.0026 cycles | Samples: 1580
  [Bank 3] EWMA: 114.785 cycles | Samples: 1114
  [Bank 4] EWMA: 108.768 cycles | Samples: 1450
  [Bank 5] EWMA: 116.669 cycles | Samples: 1519
  [Bank 6] EWMA: 113.988 cycles | Samples: 1794
  [Bank 7] EWMA: 92.335 cycles | Samples: 1329
  [Bank 8] EWMA: 92.4591 cycles | Samples: 1157
  [Bank 9] EWMA: 83.5183 cycles | Samples: 1130
  [Bank 10] EWMA: 83.4857 cycles | Samples: 1220
  [Bank 11] EWMA: 109.693 cycles | Samples: 908
  [Bank 12] EWMA: 75.8127 cycles | Samples: 1769
  [Bank 13] EWMA: 64.3861 cycles | Samples: 988
  [Bank 14] EWMA: 47.3693 cycles | Samples: 2222
  [Bank 15] EWMA: 59.1896 cycles | Samples: 1427
----------------------------------------------------------
Controller: 15
  [Bank 0] EWMA: 141.059 cycles | Samples: 1680
  [Bank 1] EWMA: 152.528 cycles | Samples: 1274
  [Bank 2] EWMA: 112.588 cycles | Samples: 1333
  [Bank 3] EWMA: 94.1786 cycles | Samples: 1011
  [Bank 4] EWMA: 126.08 cycles | Samples: 1097
  [Bank 5] EWMA: 145.234 cycles | Samples: 1051
  [Bank 6] EWMA: 101.954 cycles | Samples: 1289
  [Bank 7] EWMA: 77.6155 cycles | Samples: 1154
  [Bank 8] EWMA: 109.012 cycles | Samples: 1023
  [Bank 9] EWMA: 138.968 cycles | Samples: 916
  [Bank 10] EWMA: 102.015 cycles | Samples: 1028
  [Bank 11] EWMA: 61.5096 cycles | Samples: 773
  [Bank 12] EWMA: 98.1864 cycles | Samples: 1094
  [Bank 13] EWMA: 86.0553 cycles | Samples: 1120
  [Bank 14] EWMA: 65.5975 cycles | Samples: 1579
  [Bank 15] EWMA: 99.2538 cycles | Samples: 1272
----------------------------------------------------------
