Global frequency set at 1000000000000 ticks per second
warn: board.cache_hierarchy.ruby_system.network adopting orphan SimObject param 'netifs'
warn: board.cache_hierarchy.ruby_system.network adopting orphan SimObject param 'ext_links'
warn: board.cache_hierarchy.ruby_system.network adopting orphan SimObject param 'int_links'
warn: board.workload.acpi_description_table_pointer.rsdt adopting orphan SimObject param 'entries'
warn: No dot file generated. Please install pydot to generate the dot file and pdf.
src/mem/dram_interface.cc:690: warn: DRAM device capacity (16384 Mbytes) does not match the address range assigned (2048 Mbytes)
src/mem/dram_interface.cc:690: warn: DRAM device capacity (16384 Mbytes) does not match the address range assigned (2048 Mbytes)
src/sim/kernel_workload.cc:46: info: kernel located at: /home/paridhi/.cache/gem5/x86-linux-kernel-4.19.83
src/base/statistics.hh:279: warn: One of the stats is a legacy stat. Legacy stat is a stat that does not belong to any statistics::Group. Legacy stat is deprecated.
src/base/statistics.hh:279: warn: One of the stats is a legacy stat. Legacy stat is a stat that does not belong to any statistics::Group. Legacy stat is deprecated.
src/base/statistics.hh:279: warn: One of the stats is a legacy stat. Legacy stat is a stat that does not belong to any statistics::Group. Legacy stat is deprecated.
src/base/statistics.hh:279: warn: One of the stats is a legacy stat. Legacy stat is a stat that does not belong to any statistics::Group. Legacy stat is deprecated.
src/mem/ruby/network/garnet/GarnetNetwork.cc:107: info: Garnet version 3.0
      0: board.pc.south_bridge.cmos.rtc: Real-time clock set to Sun Jan  1 00:00:00 2012
board.pc.com_1.device: Listening for connections on port 3457
src/dev/intel_8254_timer.cc:128: warn: Reading current count from inactive timer.
board.remote_gdb: Listening for connections on port 7001
src/cpu/kvm/base.cc:169: info: KVM: Coalesced MMIO disabled by config.
src/cpu/kvm/base.cc:169: info: KVM: Coalesced MMIO disabled by config.
src/cpu/kvm/base.cc:169: info: KVM: Coalesced MMIO disabled by config.
src/cpu/kvm/base.cc:169: info: KVM: Coalesced MMIO disabled by config.
src/cpu/kvm/base.cc:169: info: KVM: Coalesced MMIO disabled by config.
src/cpu/kvm/base.cc:169: info: KVM: Coalesced MMIO disabled by config.
src/cpu/kvm/base.cc:169: info: KVM: Coalesced MMIO disabled by config.
src/cpu/kvm/base.cc:169: info: KVM: Coalesced MMIO disabled by config.
src/cpu/kvm/base.cc:169: info: KVM: Coalesced MMIO disabled by config.
src/cpu/kvm/base.cc:169: info: KVM: Coalesced MMIO disabled by config.
src/cpu/kvm/base.cc:169: info: KVM: Coalesced MMIO disabled by config.
src/cpu/kvm/base.cc:169: info: KVM: Coalesced MMIO disabled by config.
src/cpu/kvm/base.cc:169: info: KVM: Coalesced MMIO disabled by config.
src/cpu/kvm/base.cc:169: info: KVM: Coalesced MMIO disabled by config.
src/cpu/kvm/base.cc:169: info: KVM: Coalesced MMIO disabled by config.
src/cpu/kvm/base.cc:169: info: KVM: Coalesced MMIO disabled by config.
src/cpu/kvm/base.cc:591: hack: Pretending totalOps is equivalent to totalInsts()
gem5 Simulator System.  https://www.gem5.org
gem5 is copyrighted software; use the --copyright option for details.

gem5 version 24.1.0.3
gem5 compiled Dec  7 2025 00:51:10
gem5 started Dec  7 2025 11:25:27
gem5 executing on labpc-pid, pid 1984346
command line: ./build/X86/gem5.opt --outdir=m5out/fluidanimate configs/example/gem5_library/x86-parsec-benchmarks.py --benchmark=fluidanimate --size=simsmall

Creating MESI Three Level Cache Hierarchy
info: Using default config
Running the simulation
Using KVM cpu
src/sim/simulate.cc:199: info: Entering event queue @ 0.  Starting simulation...
src/arch/x86/kvm/x86_cpu.cc:1688: warn: kvm-x86: MSR (0x3a) unsupported by gem5. Skipping.
src/arch/x86/kvm/x86_cpu.cc:1688: warn: kvm-x86: MSR (0x48) unsupported by gem5. Skipping.
src/arch/x86/kvm/x86_cpu.cc:1688: warn: kvm-x86: MSR (0xe1) unsupported by gem5. Skipping.
src/arch/x86/kvm/x86_cpu.cc:1688: warn: kvm-x86: MSR (0x12) unsupported by gem5. Skipping.
src/arch/x86/kvm/x86_cpu.cc:1688: warn: kvm-x86: MSR (0x11) unsupported by gem5. Skipping.
src/arch/x86/kvm/x86_cpu.cc:1688: warn: kvm-x86: MSR (0x4b564d01) unsupported by gem5. Skipping.
src/arch/x86/kvm/x86_cpu.cc:1688: warn: kvm-x86: MSR (0x4b564d00) unsupported by gem5. Skipping.
src/arch/x86/kvm/x86_cpu.cc:1688: warn: kvm-x86: MSR (0x40000000) unsupported by gem5. Skipping.
src/arch/x86/kvm/x86_cpu.cc:1688: warn: kvm-x86: MSR (0x40000001) unsupported by gem5. Skipping.
src/arch/x86/kvm/x86_cpu.cc:1688: warn: kvm-x86: MSR (0x40000020) unsupported by gem5. Skipping.
src/arch/x86/kvm/x86_cpu.cc:1688: warn: kvm-x86: MSR (0x40000021) unsupported by gem5. Skipping.
src/arch/x86/kvm/x86_cpu.cc:1688: warn: kvm-x86: MSR (0x40000022) unsupported by gem5. Skipping.
src/arch/x86/kvm/x86_cpu.cc:1688: warn: kvm-x86: MSR (0x40000023) unsupported by gem5. Skipping.
src/arch/x86/kvm/x86_cpu.cc:1688: warn: kvm-x86: MSR (0x40000100) unsupported by gem5. Skipping.
src/arch/x86/kvm/x86_cpu.cc:1688: warn: kvm-x86: MSR (0x40000101) unsupported by gem5. Skipping.
src/arch/x86/kvm/x86_cpu.cc:1688: warn: kvm-x86: MSR (0x40000102) unsupported by gem5. Skipping.
src/arch/x86/kvm/x86_cpu.cc:1688: warn: kvm-x86: MSR (0x40000103) unsupported by gem5. Skipping.
src/arch/x86/kvm/x86_cpu.cc:1688: warn: kvm-x86: MSR (0x40000104) unsupported by gem5. Skipping.
src/arch/x86/kvm/x86_cpu.cc:1688: warn: kvm-x86: MSR (0x40000105) unsupported by gem5. Skipping.
src/arch/x86/kvm/x86_cpu.cc:1688: warn: kvm-x86: MSR (0x40000003) unsupported by gem5. Skipping.
src/arch/x86/kvm/x86_cpu.cc:1688: warn: kvm-x86: MSR (0x40000002) unsupported by gem5. Skipping.
src/arch/x86/kvm/x86_cpu.cc:1688: warn: kvm-x86: MSR (0x40000010) unsupported by gem5. Skipping.
src/arch/x86/kvm/x86_cpu.cc:1688: warn: kvm-x86: MSR (0x40000080) unsupported by gem5. Skipping.
src/arch/x86/kvm/x86_cpu.cc:1688: warn: kvm-x86: MSR (0x400000b0) unsupported by gem5. Skipping.
src/arch/x86/kvm/x86_cpu.cc:1688: warn: kvm-x86: MSR (0x40000073) unsupported by gem5. Skipping.
src/arch/x86/kvm/x86_cpu.cc:1688: warn: kvm-x86: MSR (0x40000106) unsupported by gem5. Skipping.
src/arch/x86/kvm/x86_cpu.cc:1688: warn: kvm-x86: MSR (0x40000107) unsupported by gem5. Skipping.
src/arch/x86/kvm/x86_cpu.cc:1688: warn: kvm-x86: MSR (0x40000108) unsupported by gem5. Skipping.
src/arch/x86/kvm/x86_cpu.cc:1688: warn: kvm-x86: MSR (0x40000118) unsupported by gem5. Skipping.
src/arch/x86/kvm/x86_cpu.cc:1688: warn: kvm-x86: MSR (0x400000ff) unsupported by gem5. Skipping.
src/arch/x86/kvm/x86_cpu.cc:1688: warn: kvm-x86: MSR (0x400000f1) unsupported by gem5. Skipping.
src/arch/x86/kvm/x86_cpu.cc:1688: warn: kvm-x86: MSR (0x400000f2) unsupported by gem5. Skipping.
src/arch/x86/kvm/x86_cpu.cc:1688: warn: kvm-x86: MSR (0x400000f3) unsupported by gem5. Skipping.
src/arch/x86/kvm/x86_cpu.cc:1688: warn: kvm-x86: MSR (0x400000f4) unsupported by gem5. Skipping.
src/arch/x86/kvm/x86_cpu.cc:1688: warn: kvm-x86: MSR (0x400000f5) unsupported by gem5. Skipping.
src/arch/x86/kvm/x86_cpu.cc:1688: warn: kvm-x86: MSR (0x4b564d02) unsupported by gem5. Skipping.
src/arch/x86/kvm/x86_cpu.cc:1688: warn: kvm-x86: MSR (0x4b564d03) unsupported by gem5. Skipping.
src/arch/x86/kvm/x86_cpu.cc:1688: warn: kvm-x86: MSR (0x4b564d04) unsupported by gem5. Skipping.
src/arch/x86/kvm/x86_cpu.cc:1688: warn: kvm-x86: MSR (0x4b564d06) unsupported by gem5. Skipping.
src/arch/x86/kvm/x86_cpu.cc:1688: warn: kvm-x86: MSR (0x4b564d07) unsupported by gem5. Skipping.
src/arch/x86/kvm/x86_cpu.cc:1688: warn: kvm-x86: MSR (0x3b) unsupported by gem5. Skipping.
src/arch/x86/kvm/x86_cpu.cc:1688: warn: kvm-x86: MSR (0x6e0) unsupported by gem5. Skipping.
src/arch/x86/kvm/x86_cpu.cc:1688: warn: kvm-x86: MSR (0x10a) unsupported by gem5. Skipping.
src/arch/x86/kvm/x86_cpu.cc:1688: warn: kvm-x86: MSR (0x345) unsupported by gem5. Skipping.
src/arch/x86/kvm/x86_cpu.cc:1688: warn: kvm-x86: MSR (0x1a0) unsupported by gem5. Skipping.
src/arch/x86/kvm/x86_cpu.cc:1688: warn: kvm-x86: MSR (0x4d0) unsupported by gem5. Skipping.
src/arch/x86/kvm/x86_cpu.cc:1688: warn: kvm-x86: MSR (0x9e) unsupported by gem5. Skipping.
src/arch/x86/kvm/x86_cpu.cc:1688: warn: kvm-x86: MSR (0x34) unsupported by gem5. Skipping.
src/arch/x86/kvm/x86_cpu.cc:1688: warn: kvm-x86: MSR (0xce) unsupported by gem5. Skipping.
src/arch/x86/kvm/x86_cpu.cc:1688: warn: kvm-x86: MSR (0x140) unsupported by gem5. Skipping.
src/arch/x86/kvm/x86_cpu.cc:1688: warn: kvm-x86: MSR (0x1fc) unsupported by gem5. Skipping.
src/arch/x86/kvm/x86_cpu.cc:1688: warn: kvm-x86: MSR (0x8b) unsupported by gem5. Skipping.
src/arch/x86/kvm/x86_cpu.cc:1688: warn: kvm-x86: MSR (0x480) unsupported by gem5. Skipping.
src/arch/x86/kvm/x86_cpu.cc:1688: warn: kvm-x86: MSR (0x48d) unsupported by gem5. Skipping.
src/arch/x86/kvm/x86_cpu.cc:1688: warn: kvm-x86: MSR (0x48e) unsupported by gem5. Skipping.
src/arch/x86/kvm/x86_cpu.cc:1688: warn: kvm-x86: MSR (0x48f) unsupported by gem5. Skipping.
src/arch/x86/kvm/x86_cpu.cc:1688: warn: kvm-x86: MSR (0x490) unsupported by gem5. Skipping.
src/arch/x86/kvm/x86_cpu.cc:1688: warn: kvm-x86: MSR (0x485) unsupported by gem5. Skipping.
src/arch/x86/kvm/x86_cpu.cc:1688: warn: kvm-x86: MSR (0x486) unsupported by gem5. Skipping.
src/arch/x86/kvm/x86_cpu.cc:1688: warn: kvm-x86: MSR (0x488) unsupported by gem5. Skipping.
src/arch/x86/kvm/x86_cpu.cc:1688: warn: kvm-x86: MSR (0x48a) unsupported by gem5. Skipping.
src/arch/x86/kvm/x86_cpu.cc:1688: warn: kvm-x86: MSR (0x48b) unsupported by gem5. Skipping.
src/arch/x86/kvm/x86_cpu.cc:1688: warn: kvm-x86: MSR (0x48c) unsupported by gem5. Skipping.
src/arch/x86/kvm/x86_cpu.cc:1688: warn: kvm-x86: MSR (0x491) unsupported by gem5. Skipping.
src/arch/x86/kvm/x86_cpu.cc:1688: warn: kvm-x86: MSR (0xc0010015) unsupported by gem5. Skipping.
src/arch/x86/kvm/x86_cpu.cc:1688: warn: kvm-x86: MSR (0x4b564d05) unsupported by gem5. Skipping.
src/arch/x86/kvm/x86_cpu.cc:563: warn: cs limit (0xffffffff) and g (0) combination is illegal.
src/arch/x86/kvm/x86_cpu.cc:1688: warn: kvm-x86: MSR (0x3a) unsupported by gem5. Skipping.
src/arch/x86/kvm/x86_cpu.cc:1688: warn: kvm-x86: MSR (0x48) unsupported by gem5. Skipping.
src/arch/x86/kvm/x86_cpu.cc:1688: warn: kvm-x86: MSR (0xe1) unsupported by gem5. Skipping.
src/arch/x86/kvm/x86_cpu.cc:1688: warn: kvm-x86: MSR (0x12) unsupported by gem5. Skipping.
src/arch/x86/kvm/x86_cpu.cc:1688: warn: kvm-x86: MSR (0x11) unsupported by gem5. Skipping.
src/arch/x86/kvm/x86_cpu.cc:1688: warn: kvm-x86: MSR (0x4b564d01) unsupported by gem5. Skipping.
src/arch/x86/kvm/x86_cpu.cc:1688: warn: kvm-x86: MSR (0x4b564d00) unsupported by gem5. Skipping.
src/arch/x86/kvm/x86_cpu.cc:1688: warn: kvm-x86: MSR (0x40000000) unsupported by gem5. Skipping.
src/arch/x86/kvm/x86_cpu.cc:1688: warn: kvm-x86: MSR (0x40000001) unsupported by gem5. Skipping.
src/arch/x86/kvm/x86_cpu.cc:1688: warn: kvm-x86: MSR (0x40000020) unsupported by gem5. Skipping.
src/arch/x86/kvm/x86_cpu.cc:1688: warn: kvm-x86: MSR (0x40000021) unsupported by gem5. Skipping.
src/arch/x86/kvm/x86_cpu.cc:1688: warn: kvm-x86: MSR (0x40000022) unsupported by gem5. Skipping.
src/arch/x86/kvm/x86_cpu.cc:1688: warn: kvm-x86: MSR (0x40000023) unsupported by gem5. Skipping.
src/arch/x86/kvm/x86_cpu.cc:1688: warn: kvm-x86: MSR (0x40000100) unsupported by gem5. Skipping.
src/arch/x86/kvm/x86_cpu.cc:1688: warn: kvm-x86: MSR (0x40000101) unsupported by gem5. Skipping.
src/arch/x86/kvm/x86_cpu.cc:1688: warn: kvm-x86: MSR (0x40000102) unsupported by gem5. Skipping.
src/arch/x86/kvm/x86_cpu.cc:1688: warn: kvm-x86: MSR (0x40000103) unsupported by gem5. Skipping.
src/arch/x86/kvm/x86_cpu.cc:1688: warn: kvm-x86: MSR (0x40000104) unsupported by gem5. Skipping.
src/arch/x86/kvm/x86_cpu.cc:1688: warn: kvm-x86: MSR (0x40000105) unsupported by gem5. Skipping.
src/arch/x86/kvm/x86_cpu.cc:1688: warn: kvm-x86: MSR (0x40000003) unsupported by gem5. Skipping.
src/arch/x86/kvm/x86_cpu.cc:1688: warn: kvm-x86: MSR (0x40000002) unsupported by gem5. Skipping.
src/arch/x86/kvm/x86_cpu.cc:1688: warn: kvm-x86: MSR (0x40000010) unsupported by gem5. Skipping.
src/arch/x86/kvm/x86_cpu.cc:1688: warn: kvm-x86: MSR (0x40000080) unsupported by gem5. Skipping.
src/arch/x86/kvm/x86_cpu.cc:1688: warn: kvm-x86: MSR (0x400000b0) unsupported by gem5. Skipping.
src/arch/x86/kvm/x86_cpu.cc:1688: warn: kvm-x86: MSR (0x40000073) unsupported by gem5. Skipping.
src/arch/x86/kvm/x86_cpu.cc:1688: warn: kvm-x86: MSR (0x40000106) unsupported by gem5. Skipping.
src/arch/x86/kvm/x86_cpu.cc:1688: warn: kvm-x86: MSR (0x40000107) unsupported by gem5. Skipping.
src/arch/x86/kvm/x86_cpu.cc:1688: warn: kvm-x86: MSR (0x40000108) unsupported by gem5. Skipping.
src/arch/x86/kvm/x86_cpu.cc:1688: warn: kvm-x86: MSR (0x40000118) unsupported by gem5. Skipping.
src/arch/x86/kvm/x86_cpu.cc:1688: warn: kvm-x86: MSR (0x400000ff) unsupported by gem5. Skipping.
src/arch/x86/kvm/x86_cpu.cc:1688: warn: kvm-x86: MSR (0x400000f1) unsupported by gem5. Skipping.
src/arch/x86/kvm/x86_cpu.cc:1688: warn: kvm-x86: MSR (0x400000f2) unsupported by gem5. Skipping.
src/arch/x86/kvm/x86_cpu.cc:1688: warn: kvm-x86: MSR (0x400000f3) unsupported by gem5. Skipping.
src/arch/x86/kvm/x86_cpu.cc:1688: warn: kvm-x86: MSR (0x400000f4) unsupported by gem5. Skipping.
src/arch/x86/kvm/x86_cpu.cc:1688: warn: kvm-x86: MSR (0x400000f5) unsupported by gem5. Skipping.
src/arch/x86/kvm/x86_cpu.cc:1688: warn: kvm-x86: MSR (0x4b564d02) unsupported by gem5. Skipping.
src/arch/x86/kvm/x86_cpu.cc:1688: warn: kvm-x86: MSR (0x4b564d03) unsupported by gem5. Skipping.
src/arch/x86/kvm/x86_cpu.cc:1688: warn: kvm-x86: MSR (0x4b564d04) unsupported by gem5. Skipping.
src/arch/x86/kvm/x86_cpu.cc:1688: warn: kvm-x86: MSR (0x4b564d06) unsupported by gem5. Skipping.
src/arch/x86/kvm/x86_cpu.cc:1688: warn: kvm-x86: MSR (0x4b564d07) unsupported by gem5. Skipping.
src/arch/x86/kvm/x86_cpu.cc:1688: warn: kvm-x86: MSR (0x3b) unsupported by gem5. Skipping.
src/arch/x86/kvm/x86_cpu.cc:1688: warn: kvm-x86: MSR (0x6e0) unsupported by gem5. Skipping.
src/arch/x86/kvm/x86_cpu.cc:1688: warn: kvm-x86: MSR (0x10a) unsupported by gem5. Skipping.
src/arch/x86/kvm/x86_cpu.cc:1688: warn: kvm-x86: MSR (0x345) unsupported by gem5. Skipping.
src/arch/x86/kvm/x86_cpu.cc:1688: warn: kvm-x86: MSR (0x1a0) unsupported by gem5. Skipping.
src/arch/x86/kvm/x86_cpu.cc:1688: warn: kvm-x86: MSR (0x4d0) unsupported by gem5. Skipping.
src/arch/x86/kvm/x86_cpu.cc:1688: warn: kvm-x86: MSR (0x9e) unsupported by gem5. Skipping.
src/arch/x86/kvm/x86_cpu.cc:1688: warn: kvm-x86: MSR (0x34) unsupported by gem5. Skipping.
src/arch/x86/kvm/x86_cpu.cc:1688: warn: kvm-x86: MSR (0xce) unsupported by gem5. Skipping.
src/arch/x86/kvm/x86_cpu.cc:1688: warn: kvm-x86: MSR (0x140) unsupported by gem5. Skipping.
src/arch/x86/kvm/x86_cpu.cc:1688: warn: kvm-x86: MSR (0x1fc) unsupported by gem5. Skipping.
src/arch/x86/kvm/x86_cpu.cc:1688: warn: kvm-x86: MSR (0x8b) unsupported by gem5. Skipping.
src/arch/x86/kvm/x86_cpu.cc:1688: warn: kvm-x86: MSR (0x480) unsupported by gem5. Skipping.
src/arch/x86/kvm/x86_cpu.cc:1688: warn: kvm-x86: MSR (0x48d) unsupported by gem5. Skipping.
src/arch/x86/kvm/x86_cpu.cc:1688: warn: kvm-x86: MSR (0x48e) unsupported by gem5. Skipping.
src/arch/x86/kvm/x86_cpu.cc:1688: warn: kvm-x86: MSR (0x48f) unsupported by gem5. Skipping.
src/arch/x86/kvm/x86_cpu.cc:1688: warn: kvm-x86: MSR (0x490) unsupported by gem5. Skipping.
src/arch/x86/kvm/x86_cpu.cc:1688: warn: kvm-x86: MSR (0x485) unsupported by gem5. Skipping.
src/arch/x86/kvm/x86_cpu.cc:1688: warn: kvm-x86: MSR (0x486) unsupported by gem5. Skipping.
src/arch/x86/kvm/x86_cpu.cc:1688: warn: kvm-x86: MSR (0x488) unsupported by gem5. Skipping.
src/arch/x86/kvm/x86_cpu.cc:1688: warn: kvm-x86: MSR (0x48a) unsupported by gem5. Skipping.
src/arch/x86/kvm/x86_cpu.cc:1688: warn: kvm-x86: MSR (0x48b) unsupported by gem5. Skipping.
src/arch/x86/kvm/x86_cpu.cc:1688: warn: kvm-x86: MSR (0x48c) unsupported by gem5. Skipping.
src/arch/x86/kvm/x86_cpu.cc:1688: warn: kvm-x86: MSR (0x491) unsupported by gem5. Skipping.
src/arch/x86/kvm/x86_cpu.cc:1688: warn: kvm-x86: MSR (0xc0010015) unsupported by gem5. Skipping.
src/arch/x86/kvm/x86_cpu.cc:1688: warn: kvm-x86: MSR (0x4b564d05) unsupported by gem5. Skipping.
src/arch/x86/kvm/x86_cpu.cc:563: warn: cs limit (0xffffffff) and g (0) combination is illegal.
src/arch/x86/kvm/x86_cpu.cc:563: warn: cs limit (0xffffffff) and g (0) combination is illegal.
src/arch/x86/kvm/x86_cpu.cc:563: warn: cs limit (0xffffffff) and g (0) combination is illegal.
src/arch/x86/kvm/x86_cpu.cc:1688: warn: kvm-x86: MSR (0x3a) unsupported by gem5. Skipping.
src/arch/x86/kvm/x86_cpu.cc:1688: warn: kvm-x86: MSR (0x48) unsupported by gem5. Skipping.
src/arch/x86/kvm/x86_cpu.cc:1688: warn: kvm-x86: MSR (0xe1) unsupported by gem5. Skipping.
src/arch/x86/kvm/x86_cpu.cc:1688: warn: kvm-x86: MSR (0x12) unsupported by gem5. Skipping.
src/arch/x86/kvm/x86_cpu.cc:1688: warn: kvm-x86: MSR (0x11) unsupported by gem5. Skipping.
src/arch/x86/kvm/x86_cpu.cc:1688: warn: kvm-x86: MSR (0x4b564d01) unsupported by gem5. Skipping.
src/arch/x86/kvm/x86_cpu.cc:1688: warn: kvm-x86: MSR (0x4b564d00) unsupported by gem5. Skipping.
src/arch/x86/kvm/x86_cpu.cc:1688: warn: kvm-x86: MSR (0x40000000) unsupported by gem5. Skipping.
src/arch/x86/kvm/x86_cpu.cc:1688: warn: kvm-x86: MSR (0x40000001) unsupported by gem5. Skipping.
src/arch/x86/kvm/x86_cpu.cc:1688: warn: kvm-x86: MSR (0x40000020) unsupported by gem5. Skipping.
src/arch/x86/kvm/x86_cpu.cc:1688: warn: kvm-x86: MSR (0x40000021) unsupported by gem5. Skipping.
src/arch/x86/kvm/x86_cpu.cc:1688: warn: kvm-x86: MSR (0x40000022) unsupported by gem5. Skipping.
src/arch/x86/kvm/x86_cpu.cc:1688: warn: kvm-x86: MSR (0x40000023) unsupported by gem5. Skipping.
src/arch/x86/kvm/x86_cpu.cc:1688: warn: kvm-x86: MSR (0x40000100) unsupported by gem5. Skipping.
src/arch/x86/kvm/x86_cpu.cc:1688: warn: kvm-x86: MSR (0x40000101) unsupported by gem5. Skipping.
src/arch/x86/kvm/x86_cpu.cc:1688: warn: kvm-x86: MSR (0x40000102) unsupported by gem5. Skipping.
src/arch/x86/kvm/x86_cpu.cc:1688: warn: kvm-x86: MSR (0x40000103) unsupported by gem5. Skipping.
src/arch/x86/kvm/x86_cpu.cc:1688: warn: kvm-x86: MSR (0x40000104) unsupported by gem5. Skipping.
src/arch/x86/kvm/x86_cpu.cc:1688: warn: kvm-x86: MSR (0x40000105) unsupported by gem5. Skipping.
src/arch/x86/kvm/x86_cpu.cc:1688: warn: kvm-x86: MSR (0x40000003) unsupported by gem5. Skipping.
src/arch/x86/kvm/x86_cpu.cc:1688: warn: kvm-x86: MSR (0x40000002) unsupported by gem5. Skipping.
src/arch/x86/kvm/x86_cpu.cc:1688: warn: kvm-x86: MSR (0x40000010) unsupported by gem5. Skipping.
src/arch/x86/kvm/x86_cpu.cc:1688: warn: kvm-x86: MSR (0x40000080) unsupported by gem5. Skipping.
src/arch/x86/kvm/x86_cpu.cc:1688: warn: kvm-x86: MSR (0x400000b0) unsupported by gem5. Skipping.
src/arch/x86/kvm/x86_cpu.cc:1688: warn: kvm-x86: MSR (0x40000073) unsupported by gem5. Skipping.
src/arch/x86/kvm/x86_cpu.cc:1688: warn: kvm-x86: MSR (0x40000106) unsupported by gem5. Skipping.
src/arch/x86/kvm/x86_cpu.cc:1688: warn: kvm-x86: MSR (0x40000107) unsupported by gem5. Skipping.
src/arch/x86/kvm/x86_cpu.cc:1688: warn: kvm-x86: MSR (0x40000108) unsupported by gem5. Skipping.
src/arch/x86/kvm/x86_cpu.cc:1688: warn: kvm-x86: MSR (0x40000118) unsupported by gem5. Skipping.
src/arch/x86/kvm/x86_cpu.cc:1688: warn: kvm-x86: MSR (0x400000ff) unsupported by gem5. Skipping.
src/arch/x86/kvm/x86_cpu.cc:1688: warn: kvm-x86: MSR (0x400000f1) unsupported by gem5. Skipping.
src/arch/x86/kvm/x86_cpu.cc:1688: warn: kvm-x86: MSR (0x400000f2) unsupported by gem5. Skipping.
src/arch/x86/kvm/x86_cpu.cc:1688: warn: kvm-x86: MSR (0x400000f3) unsupported by gem5. Skipping.
src/arch/x86/kvm/x86_cpu.cc:1688: warn: kvm-x86: MSR (0x400000f4) unsupported by gem5. Skipping.
src/arch/x86/kvm/x86_cpu.cc:1688: warn: kvm-x86: MSR (0x400000f5) unsupported by gem5. Skipping.
src/arch/x86/kvm/x86_cpu.cc:1688: warn: kvm-x86: MSR (0x4b564d02) unsupported by gem5. Skipping.
src/arch/x86/kvm/x86_cpu.cc:1688: warn: kvm-x86: MSR (0x4b564d03) unsupported by gem5. Skipping.
src/arch/x86/kvm/x86_cpu.cc:1688: warn: kvm-x86: MSR (0x4b564d04) unsupported by gem5. Skipping.
src/arch/x86/kvm/x86_cpu.cc:1688: warn: kvm-x86: MSR (0x4b564d06) unsupported by gem5. Skipping.
src/arch/x86/kvm/x86_cpu.cc:1688: warn: kvm-x86: MSR (0x4b564d07) unsupported by gem5. Skipping.
src/arch/x86/kvm/x86_cpu.cc:1688: warn: kvm-x86: MSR (0x3b) unsupported by gem5. Skipping.
src/arch/x86/kvm/x86_cpu.cc:1688: warn: kvm-x86: MSR (0x6e0) unsupported by gem5. Skipping.
src/arch/x86/kvm/x86_cpu.cc:1688: warn: kvm-x86: MSR (0x10a) unsupported by gem5. Skipping.
src/arch/x86/kvm/x86_cpu.cc:1688: warn: kvm-x86: MSR (0x345) unsupported by gem5. Skipping.
src/arch/x86/kvm/x86_cpu.cc:1688: warn: kvm-x86: MSR (0x1a0) unsupported by gem5. Skipping.
src/arch/x86/kvm/x86_cpu.cc:1688: warn: kvm-x86: MSR (0x4d0) unsupported by gem5. Skipping.
src/arch/x86/kvm/x86_cpu.cc:1688: warn: kvm-x86: MSR (0x9e) unsupported by gem5. Skipping.
src/arch/x86/kvm/x86_cpu.cc:1688: warn: kvm-x86: MSR (0x34) unsupported by gem5. Skipping.
src/arch/x86/kvm/x86_cpu.cc:1688: warn: kvm-x86: MSR (0xce) unsupported by gem5. Skipping.
src/arch/x86/kvm/x86_cpu.cc:1688: warn: kvm-x86: MSR (0x140) unsupported by gem5. Skipping.
src/arch/x86/kvm/x86_cpu.cc:1688: warn: kvm-x86: MSR (0x1fc) unsupported by gem5. Skipping.
src/arch/x86/kvm/x86_cpu.cc:1688: warn: kvm-x86: MSR (0x8b) unsupported by gem5. Skipping.
src/arch/x86/kvm/x86_cpu.cc:1688: warn: kvm-x86: MSR (0x480) unsupported by gem5. Skipping.
src/arch/x86/kvm/x86_cpu.cc:1688: warn: kvm-x86: MSR (0x48d) unsupported by gem5. Skipping.
src/arch/x86/kvm/x86_cpu.cc:1688: warn: kvm-x86: MSR (0x48e) unsupported by gem5. Skipping.
src/arch/x86/kvm/x86_cpu.cc:1688: warn: kvm-x86: MSR (0x48f) unsupported by gem5. Skipping.
src/arch/x86/kvm/x86_cpu.cc:1688: warn: kvm-x86: MSR (0x490) unsupported by gem5. Skipping.
src/arch/x86/kvm/x86_cpu.cc:1688: warn: kvm-x86: MSR (0x485) unsupported by gem5. Skipping.
src/arch/x86/kvm/x86_cpu.cc:1688: warn: kvm-x86: MSR (0x486) unsupported by gem5. Skipping.
src/arch/x86/kvm/x86_cpu.cc:1688: warn: kvm-x86: MSR (0x488) unsupported by gem5. Skipping.
src/arch/x86/kvm/x86_cpu.cc:1688: warn: kvm-x86: MSR (0x48a) unsupported by gem5. Skipping.
src/arch/x86/kvm/x86_cpu.cc:1688: warn: kvm-x86: MSR (0x48b) unsupported by gem5. Skipping.
src/arch/x86/kvm/x86_cpu.cc:1688: warn: kvm-x86: MSR (0x48c) unsupported by gem5. Skipping.
src/arch/x86/kvm/x86_cpu.cc:1688: warn: kvm-x86: MSR (0x491) unsupported by gem5. Skipping.
src/arch/x86/kvm/x86_cpu.cc:1688: warn: kvm-x86: MSR (0xc0010015) unsupported by gem5. Skipping.
src/arch/x86/kvm/x86_cpu.cc:1688: warn: kvm-x86: MSR (0x4b564d05) unsupported by gem5. Skipping.
src/arch/x86/kvm/x86_cpu.cc:563: warn: cs limit (0xffffffff) and g (0) combination is illegal.
src/arch/x86/kvm/x86_cpu.cc:563: warn: cs limit (0xffffffff) and g (0) combination is illegal.
src/arch/x86/kvm/x86_cpu.cc:563: warn: cs limit (0xffffffff) and g (0) combination is illegal.
src/arch/x86/kvm/x86_cpu.cc:1688: warn: kvm-x86: MSR (0x3a) unsupported by gem5. Skipping.
src/arch/x86/kvm/x86_cpu.cc:1688: warn: kvm-x86: MSR (0x48) unsupported by gem5. Skipping.
src/arch/x86/kvm/x86_cpu.cc:1688: warn: kvm-x86: MSR (0xe1) unsupported by gem5. Skipping.
src/arch/x86/kvm/x86_cpu.cc:1688: warn: kvm-x86: MSR (0x12) unsupported by gem5. Skipping.
src/arch/x86/kvm/x86_cpu.cc:1688: warn: kvm-x86: MSR (0x11) unsupported by gem5. Skipping.
src/arch/x86/kvm/x86_cpu.cc:1688: warn: kvm-x86: MSR (0x4b564d01) unsupported by gem5. Skipping.
src/arch/x86/kvm/x86_cpu.cc:1688: warn: kvm-x86: MSR (0x4b564d00) unsupported by gem5. Skipping.
src/arch/x86/kvm/x86_cpu.cc:1688: warn: kvm-x86: MSR (0x40000000) unsupported by gem5. Skipping.
src/arch/x86/kvm/x86_cpu.cc:1688: warn: kvm-x86: MSR (0x40000001) unsupported by gem5. Skipping.
src/arch/x86/kvm/x86_cpu.cc:1688: warn: kvm-x86: MSR (0x40000020) unsupported by gem5. Skipping.
src/arch/x86/kvm/x86_cpu.cc:1688: warn: kvm-x86: MSR (0x40000021) unsupported by gem5. Skipping.
src/arch/x86/kvm/x86_cpu.cc:1688: warn: kvm-x86: MSR (0x40000022) unsupported by gem5. Skipping.
src/arch/x86/kvm/x86_cpu.cc:1688: warn: kvm-x86: MSR (0x40000023) unsupported by gem5. Skipping.
src/arch/x86/kvm/x86_cpu.cc:1688: warn: kvm-x86: MSR (0x40000100) unsupported by gem5. Skipping.
src/arch/x86/kvm/x86_cpu.cc:1688: warn: kvm-x86: MSR (0x40000101) unsupported by gem5. Skipping.
src/arch/x86/kvm/x86_cpu.cc:1688: warn: kvm-x86: MSR (0x40000102) unsupported by gem5. Skipping.
src/arch/x86/kvm/x86_cpu.cc:1688: warn: kvm-x86: MSR (0x40000103) unsupported by gem5. Skipping.
src/arch/x86/kvm/x86_cpu.cc:1688: warn: kvm-x86: MSR (0x40000104) unsupported by gem5. Skipping.
src/arch/x86/kvm/x86_cpu.cc:1688: warn: kvm-x86: MSR (0x40000105) unsupported by gem5. Skipping.
src/arch/x86/kvm/x86_cpu.cc:1688: warn: kvm-x86: MSR (0x40000003) unsupported by gem5. Skipping.
src/arch/x86/kvm/x86_cpu.cc:1688: warn: kvm-x86: MSR (0x40000002) unsupported by gem5. Skipping.
src/arch/x86/kvm/x86_cpu.cc:1688: warn: kvm-x86: MSR (0x40000010) unsupported by gem5. Skipping.
src/arch/x86/kvm/x86_cpu.cc:1688: warn: kvm-x86: MSR (0x40000080) unsupported by gem5. Skipping.
src/arch/x86/kvm/x86_cpu.cc:1688: warn: kvm-x86: MSR (0x400000b0) unsupported by gem5. Skipping.
src/arch/x86/kvm/x86_cpu.cc:1688: warn: kvm-x86: MSR (0x40000073) unsupported by gem5. Skipping.
src/arch/x86/kvm/x86_cpu.cc:1688: warn: kvm-x86: MSR (0x40000106) unsupported by gem5. Skipping.
src/arch/x86/kvm/x86_cpu.cc:1688: warn: kvm-x86: MSR (0x40000107) unsupported by gem5. Skipping.
src/arch/x86/kvm/x86_cpu.cc:1688: warn: kvm-x86: MSR (0x40000108) unsupported by gem5. Skipping.
src/arch/x86/kvm/x86_cpu.cc:1688: warn: kvm-x86: MSR (0x40000118) unsupported by gem5. Skipping.
src/arch/x86/kvm/x86_cpu.cc:1688: warn: kvm-x86: MSR (0x400000ff) unsupported by gem5. Skipping.
src/arch/x86/kvm/x86_cpu.cc:1688: warn: kvm-x86: MSR (0x400000f1) unsupported by gem5. Skipping.
src/arch/x86/kvm/x86_cpu.cc:1688: warn: kvm-x86: MSR (0x400000f2) unsupported by gem5. Skipping.
src/arch/x86/kvm/x86_cpu.cc:1688: warn: kvm-x86: MSR (0x400000f3) unsupported by gem5. Skipping.
src/arch/x86/kvm/x86_cpu.cc:1688: warn: kvm-x86: MSR (0x400000f4) unsupported by gem5. Skipping.
src/arch/x86/kvm/x86_cpu.cc:1688: warn: kvm-x86: MSR (0x400000f5) unsupported by gem5. Skipping.
src/arch/x86/kvm/x86_cpu.cc:1688: warn: kvm-x86: MSR (0x4b564d02) unsupported by gem5. Skipping.
src/arch/x86/kvm/x86_cpu.cc:1688: warn: kvm-x86: MSR (0x4b564d03) unsupported by gem5. Skipping.
src/arch/x86/kvm/x86_cpu.cc:1688: warn: kvm-x86: MSR (0x4b564d04) unsupported by gem5. Skipping.
src/arch/x86/kvm/x86_cpu.cc:1688: warn: kvm-x86: MSR (0x4b564d06) unsupported by gem5. Skipping.
src/arch/x86/kvm/x86_cpu.cc:1688: warn: kvm-x86: MSR (0x4b564d07) unsupported by gem5. Skipping.
src/arch/x86/kvm/x86_cpu.cc:1688: warn: kvm-x86: MSR (0x3b) unsupported by gem5. Skipping.
src/arch/x86/kvm/x86_cpu.cc:1688: warn: kvm-x86: MSR (0x6e0) unsupported by gem5. Skipping.
src/arch/x86/kvm/x86_cpu.cc:1688: warn: kvm-x86: MSR (0x10a) unsupported by gem5. Skipping.
src/arch/x86/kvm/x86_cpu.cc:1688: warn: kvm-x86: MSR (0x345) unsupported by gem5. Skipping.
src/arch/x86/kvm/x86_cpu.cc:1688: warn: kvm-x86: MSR (0x1a0) unsupported by gem5. Skipping.
src/arch/x86/kvm/x86_cpu.cc:1688: warn: kvm-x86: MSR (0x4d0) unsupported by gem5. Skipping.
src/arch/x86/kvm/x86_cpu.cc:1688: warn: kvm-x86: MSR (0x9e) unsupported by gem5. Skipping.
src/arch/x86/kvm/x86_cpu.cc:1688: warn: kvm-x86: MSR (0x34) unsupported by gem5. Skipping.
src/arch/x86/kvm/x86_cpu.cc:1688: warn: kvm-x86: MSR (0xce) unsupported by gem5. Skipping.
src/arch/x86/kvm/x86_cpu.cc:1688: warn: kvm-x86: MSR (0x140) unsupported by gem5. Skipping.
src/arch/x86/kvm/x86_cpu.cc:1688: warn: kvm-x86: MSR (0x1fc) unsupported by gem5. Skipping.
src/arch/x86/kvm/x86_cpu.cc:1688: warn: kvm-x86: MSR (0x8b) unsupported by gem5. Skipping.
src/arch/x86/kvm/x86_cpu.cc:1688: warn: kvm-x86: MSR (0x480) unsupported by gem5. Skipping.
src/arch/x86/kvm/x86_cpu.cc:1688: warn: kvm-x86: MSR (0x48d) unsupported by gem5. Skipping.
src/arch/x86/kvm/x86_cpu.cc:1688: warn: kvm-x86: MSR (0x48e) unsupported by gem5. Skipping.
src/arch/x86/kvm/x86_cpu.cc:1688: warn: kvm-x86: MSR (0x48f) unsupported by gem5. Skipping.
src/arch/x86/kvm/x86_cpu.cc:1688: warn: kvm-x86: MSR (0x490) unsupported by gem5. Skipping.
src/arch/x86/kvm/x86_cpu.cc:1688: warn: kvm-x86: MSR (0x485) unsupported by gem5. Skipping.
src/arch/x86/kvm/x86_cpu.cc:1688: warn: kvm-x86: MSR (0x486) unsupported by gem5. Skipping.
src/arch/x86/kvm/x86_cpu.cc:1688: warn: kvm-x86: MSR (0x488) unsupported by gem5. Skipping.
src/arch/x86/kvm/x86_cpu.cc:1688: warn: kvm-x86: MSR (0x48a) unsupported by gem5. Skipping.
src/arch/x86/kvm/x86_cpu.cc:1688: warn: kvm-x86: MSR (0x48b) unsupported by gem5. Skipping.
src/arch/x86/kvm/x86_cpu.cc:1688: warn: kvm-x86: MSR (0x48c) unsupported by gem5. Skipping.
src/arch/x86/kvm/x86_cpu.cc:1688: warn: kvm-x86: MSR (0x491) unsupported by gem5. Skipping.
src/arch/x86/kvm/x86_cpu.cc:1688: warn: kvm-x86: MSR (0xc0010015) unsupported by gem5. Skipping.
src/arch/x86/kvm/x86_cpu.cc:1688: warn: kvm-x86: MSR (0x4b564d05) unsupported by gem5. Skipping.
src/arch/x86/kvm/x86_cpu.cc:563: warn: cs limit (0xffffffff) and g (0) combination is illegal.
src/arch/x86/kvm/x86_cpu.cc:563: warn: cs limit (0xffffffff) and g (0) combination is illegal.
src/arch/x86/kvm/x86_cpu.cc:563: warn: cs limit (0xffffffff) and g (0) combination is illegal.
src/arch/x86/kvm/x86_cpu.cc:1688: warn: kvm-x86: MSR (0x3a) unsupported by gem5. Skipping.
src/arch/x86/kvm/x86_cpu.cc:1688: warn: kvm-x86: MSR (0x48) unsupported by gem5. Skipping.
src/arch/x86/kvm/x86_cpu.cc:1688: warn: kvm-x86: MSR (0xe1) unsupported by gem5. Skipping.
src/arch/x86/kvm/x86_cpu.cc:1688: warn: kvm-x86: MSR (0x12) unsupported by gem5. Skipping.
src/arch/x86/kvm/x86_cpu.cc:1688: warn: kvm-x86: MSR (0x11) unsupported by gem5. Skipping.
src/arch/x86/kvm/x86_cpu.cc:1688: warn: kvm-x86: MSR (0x4b564d01) unsupported by gem5. Skipping.
src/arch/x86/kvm/x86_cpu.cc:1688: warn: kvm-x86: MSR (0x4b564d00) unsupported by gem5. Skipping.
src/arch/x86/kvm/x86_cpu.cc:1688: warn: kvm-x86: MSR (0x40000000) unsupported by gem5. Skipping.
src/arch/x86/kvm/x86_cpu.cc:1688: warn: kvm-x86: MSR (0x40000001) unsupported by gem5. Skipping.
src/arch/x86/kvm/x86_cpu.cc:1688: warn: kvm-x86: MSR (0x40000020) unsupported by gem5. Skipping.
src/arch/x86/kvm/x86_cpu.cc:1688: warn: kvm-x86: MSR (0x40000021) unsupported by gem5. Skipping.
src/arch/x86/kvm/x86_cpu.cc:1688: warn: kvm-x86: MSR (0x40000022) unsupported by gem5. Skipping.
src/arch/x86/kvm/x86_cpu.cc:1688: warn: kvm-x86: MSR (0x40000023) unsupported by gem5. Skipping.
src/arch/x86/kvm/x86_cpu.cc:1688: warn: kvm-x86: MSR (0x40000100) unsupported by gem5. Skipping.
src/arch/x86/kvm/x86_cpu.cc:1688: warn: kvm-x86: MSR (0x40000101) unsupported by gem5. Skipping.
src/arch/x86/kvm/x86_cpu.cc:1688: warn: kvm-x86: MSR (0x40000102) unsupported by gem5. Skipping.
src/arch/x86/kvm/x86_cpu.cc:1688: warn: kvm-x86: MSR (0x40000103) unsupported by gem5. Skipping.
src/arch/x86/kvm/x86_cpu.cc:1688: warn: kvm-x86: MSR (0x40000104) unsupported by gem5. Skipping.
src/arch/x86/kvm/x86_cpu.cc:1688: warn: kvm-x86: MSR (0x40000105) unsupported by gem5. Skipping.
src/arch/x86/kvm/x86_cpu.cc:1688: warn: kvm-x86: MSR (0x40000003) unsupported by gem5. Skipping.
src/arch/x86/kvm/x86_cpu.cc:1688: warn: kvm-x86: MSR (0x40000002) unsupported by gem5. Skipping.
src/arch/x86/kvm/x86_cpu.cc:1688: warn: kvm-x86: MSR (0x40000010) unsupported by gem5. Skipping.
src/arch/x86/kvm/x86_cpu.cc:1688: warn: kvm-x86: MSR (0x40000080) unsupported by gem5. Skipping.
src/arch/x86/kvm/x86_cpu.cc:1688: warn: kvm-x86: MSR (0x400000b0) unsupported by gem5. Skipping.
src/arch/x86/kvm/x86_cpu.cc:1688: warn: kvm-x86: MSR (0x40000073) unsupported by gem5. Skipping.
src/arch/x86/kvm/x86_cpu.cc:1688: warn: kvm-x86: MSR (0x40000106) unsupported by gem5. Skipping.
src/arch/x86/kvm/x86_cpu.cc:1688: warn: kvm-x86: MSR (0x40000107) unsupported by gem5. Skipping.
src/arch/x86/kvm/x86_cpu.cc:1688: warn: kvm-x86: MSR (0x40000108) unsupported by gem5. Skipping.
src/arch/x86/kvm/x86_cpu.cc:1688: warn: kvm-x86: MSR (0x40000118) unsupported by gem5. Skipping.
src/arch/x86/kvm/x86_cpu.cc:1688: warn: kvm-x86: MSR (0x400000ff) unsupported by gem5. Skipping.
src/arch/x86/kvm/x86_cpu.cc:1688: warn: kvm-x86: MSR (0x400000f1) unsupported by gem5. Skipping.
src/arch/x86/kvm/x86_cpu.cc:1688: warn: kvm-x86: MSR (0x400000f2) unsupported by gem5. Skipping.
src/arch/x86/kvm/x86_cpu.cc:1688: warn: kvm-x86: MSR (0x400000f3) unsupported by gem5. Skipping.
src/arch/x86/kvm/x86_cpu.cc:1688: warn: kvm-x86: MSR (0x400000f4) unsupported by gem5. Skipping.
src/arch/x86/kvm/x86_cpu.cc:1688: warn: kvm-x86: MSR (0x400000f5) unsupported by gem5. Skipping.
src/arch/x86/kvm/x86_cpu.cc:1688: warn: kvm-x86: MSR (0x4b564d02) unsupported by gem5. Skipping.
src/arch/x86/kvm/x86_cpu.cc:1688: warn: kvm-x86: MSR (0x4b564d03) unsupported by gem5. Skipping.
src/arch/x86/kvm/x86_cpu.cc:1688: warn: kvm-x86: MSR (0x4b564d04) unsupported by gem5. Skipping.
src/arch/x86/kvm/x86_cpu.cc:1688: warn: kvm-x86: MSR (0x4b564d06) unsupported by gem5. Skipping.
src/arch/x86/kvm/x86_cpu.cc:1688: warn: kvm-x86: MSR (0x4b564d07) unsupported by gem5. Skipping.
src/arch/x86/kvm/x86_cpu.cc:1688: warn: kvm-x86: MSR (0x3b) unsupported by gem5. Skipping.
src/arch/x86/kvm/x86_cpu.cc:1688: warn: kvm-x86: MSR (0x6e0) unsupported by gem5. Skipping.
src/arch/x86/kvm/x86_cpu.cc:1688: warn: kvm-x86: MSR (0x10a) unsupported by gem5. Skipping.
src/arch/x86/kvm/x86_cpu.cc:1688: warn: kvm-x86: MSR (0x345) unsupported by gem5. Skipping.
src/arch/x86/kvm/x86_cpu.cc:1688: warn: kvm-x86: MSR (0x1a0) unsupported by gem5. Skipping.
src/arch/x86/kvm/x86_cpu.cc:1688: warn: kvm-x86: MSR (0x4d0) unsupported by gem5. Skipping.
src/arch/x86/kvm/x86_cpu.cc:1688: warn: kvm-x86: MSR (0x9e) unsupported by gem5. Skipping.
src/arch/x86/kvm/x86_cpu.cc:1688: warn: kvm-x86: MSR (0x34) unsupported by gem5. Skipping.
src/arch/x86/kvm/x86_cpu.cc:1688: warn: kvm-x86: MSR (0xce) unsupported by gem5. Skipping.
src/arch/x86/kvm/x86_cpu.cc:1688: warn: kvm-x86: MSR (0x140) unsupported by gem5. Skipping.
src/arch/x86/kvm/x86_cpu.cc:1688: warn: kvm-x86: MSR (0x1fc) unsupported by gem5. Skipping.
src/arch/x86/kvm/x86_cpu.cc:1688: warn: kvm-x86: MSR (0x8b) unsupported by gem5. Skipping.
src/arch/x86/kvm/x86_cpu.cc:1688: warn: kvm-x86: MSR (0x480) unsupported by gem5. Skipping.
src/arch/x86/kvm/x86_cpu.cc:1688: warn: kvm-x86: MSR (0x48d) unsupported by gem5. Skipping.
src/arch/x86/kvm/x86_cpu.cc:1688: warn: kvm-x86: MSR (0x48e) unsupported by gem5. Skipping.
src/arch/x86/kvm/x86_cpu.cc:1688: warn: kvm-x86: MSR (0x48f) unsupported by gem5. Skipping.
src/arch/x86/kvm/x86_cpu.cc:1688: warn: kvm-x86: MSR (0x490) unsupported by gem5. Skipping.
src/arch/x86/kvm/x86_cpu.cc:1688: warn: kvm-x86: MSR (0x485) unsupported by gem5. Skipping.
src/arch/x86/kvm/x86_cpu.cc:1688: warn: kvm-x86: MSR (0x486) unsupported by gem5. Skipping.
src/arch/x86/kvm/x86_cpu.cc:1688: warn: kvm-x86: MSR (0x488) unsupported by gem5. Skipping.
src/arch/x86/kvm/x86_cpu.cc:1688: warn: kvm-x86: MSR (0x48a) unsupported by gem5. Skipping.
src/arch/x86/kvm/x86_cpu.cc:1688: warn: kvm-x86: MSR (0x48b) unsupported by gem5. Skipping.
src/arch/x86/kvm/x86_cpu.cc:1688: warn: kvm-x86: MSR (0x48c) unsupported by gem5. Skipping.
src/arch/x86/kvm/x86_cpu.cc:1688: warn: kvm-x86: MSR (0x491) unsupported by gem5. Skipping.
src/arch/x86/kvm/x86_cpu.cc:1688: warn: kvm-x86: MSR (0xc0010015) unsupported by gem5. Skipping.
src/arch/x86/kvm/x86_cpu.cc:1688: warn: kvm-x86: MSR (0x4b564d05) unsupported by gem5. Skipping.
src/arch/x86/kvm/x86_cpu.cc:563: warn: cs limit (0xffffffff) and g (0) combination is illegal.
src/arch/x86/kvm/x86_cpu.cc:563: warn: cs limit (0xffffffff) and g (0) combination is illegal.
src/arch/x86/kvm/x86_cpu.cc:563: warn: cs limit (0xffffffff) and g (0) combination is illegal.
src/arch/x86/kvm/x86_cpu.cc:1688: warn: kvm-x86: MSR (0x3a) unsupported by gem5. Skipping.
src/arch/x86/kvm/x86_cpu.cc:1688: warn: kvm-x86: MSR (0x48) unsupported by gem5. Skipping.
src/arch/x86/kvm/x86_cpu.cc:1688: warn: kvm-x86: MSR (0xe1) unsupported by gem5. Skipping.
src/arch/x86/kvm/x86_cpu.cc:1688: warn: kvm-x86: MSR (0x12) unsupported by gem5. Skipping.
src/arch/x86/kvm/x86_cpu.cc:1688: warn: kvm-x86: MSR (0x11) unsupported by gem5. Skipping.
src/arch/x86/kvm/x86_cpu.cc:1688: warn: kvm-x86: MSR (0x4b564d01) unsupported by gem5. Skipping.
src/arch/x86/kvm/x86_cpu.cc:1688: warn: kvm-x86: MSR (0x4b564d00) unsupported by gem5. Skipping.
src/arch/x86/kvm/x86_cpu.cc:1688: warn: kvm-x86: MSR (0x40000000) unsupported by gem5. Skipping.
src/arch/x86/kvm/x86_cpu.cc:1688: warn: kvm-x86: MSR (0x40000001) unsupported by gem5. Skipping.
src/arch/x86/kvm/x86_cpu.cc:1688: warn: kvm-x86: MSR (0x40000020) unsupported by gem5. Skipping.
src/arch/x86/kvm/x86_cpu.cc:1688: warn: kvm-x86: MSR (0x40000021) unsupported by gem5. Skipping.
src/arch/x86/kvm/x86_cpu.cc:1688: warn: kvm-x86: MSR (0x40000022) unsupported by gem5. Skipping.
src/arch/x86/kvm/x86_cpu.cc:1688: warn: kvm-x86: MSR (0x40000023) unsupported by gem5. Skipping.
src/arch/x86/kvm/x86_cpu.cc:1688: warn: kvm-x86: MSR (0x40000100) unsupported by gem5. Skipping.
src/arch/x86/kvm/x86_cpu.cc:1688: warn: kvm-x86: MSR (0x40000101) unsupported by gem5. Skipping.
src/arch/x86/kvm/x86_cpu.cc:1688: warn: kvm-x86: MSR (0x40000102) unsupported by gem5. Skipping.
src/arch/x86/kvm/x86_cpu.cc:1688: warn: kvm-x86: MSR (0x40000103) unsupported by gem5. Skipping.
src/arch/x86/kvm/x86_cpu.cc:1688: warn: kvm-x86: MSR (0x40000104) unsupported by gem5. Skipping.
src/arch/x86/kvm/x86_cpu.cc:1688: warn: kvm-x86: MSR (0x40000105) unsupported by gem5. Skipping.
src/arch/x86/kvm/x86_cpu.cc:1688: warn: kvm-x86: MSR (0x40000003) unsupported by gem5. Skipping.
src/arch/x86/kvm/x86_cpu.cc:1688: warn: kvm-x86: MSR (0x40000002) unsupported by gem5. Skipping.
src/arch/x86/kvm/x86_cpu.cc:1688: warn: kvm-x86: MSR (0x40000010) unsupported by gem5. Skipping.
src/arch/x86/kvm/x86_cpu.cc:1688: warn: kvm-x86: MSR (0x40000080) unsupported by gem5. Skipping.
src/arch/x86/kvm/x86_cpu.cc:1688: warn: kvm-x86: MSR (0x400000b0) unsupported by gem5. Skipping.
src/arch/x86/kvm/x86_cpu.cc:1688: warn: kvm-x86: MSR (0x40000073) unsupported by gem5. Skipping.
src/arch/x86/kvm/x86_cpu.cc:1688: warn: kvm-x86: MSR (0x40000106) unsupported by gem5. Skipping.
src/arch/x86/kvm/x86_cpu.cc:1688: warn: kvm-x86: MSR (0x40000107) unsupported by gem5. Skipping.
src/arch/x86/kvm/x86_cpu.cc:1688: warn: kvm-x86: MSR (0x40000108) unsupported by gem5. Skipping.
src/arch/x86/kvm/x86_cpu.cc:1688: warn: kvm-x86: MSR (0x40000118) unsupported by gem5. Skipping.
src/arch/x86/kvm/x86_cpu.cc:1688: warn: kvm-x86: MSR (0x400000ff) unsupported by gem5. Skipping.
src/arch/x86/kvm/x86_cpu.cc:1688: warn: kvm-x86: MSR (0x400000f1) unsupported by gem5. Skipping.
src/arch/x86/kvm/x86_cpu.cc:1688: warn: kvm-x86: MSR (0x400000f2) unsupported by gem5. Skipping.
src/arch/x86/kvm/x86_cpu.cc:1688: warn: kvm-x86: MSR (0x400000f3) unsupported by gem5. Skipping.
src/arch/x86/kvm/x86_cpu.cc:1688: warn: kvm-x86: MSR (0x400000f4) unsupported by gem5. Skipping.
src/arch/x86/kvm/x86_cpu.cc:1688: warn: kvm-x86: MSR (0x400000f5) unsupported by gem5. Skipping.
src/arch/x86/kvm/x86_cpu.cc:1688: warn: kvm-x86: MSR (0x4b564d02) unsupported by gem5. Skipping.
src/arch/x86/kvm/x86_cpu.cc:1688: warn: kvm-x86: MSR (0x4b564d03) unsupported by gem5. Skipping.
src/arch/x86/kvm/x86_cpu.cc:1688: warn: kvm-x86: MSR (0x4b564d04) unsupported by gem5. Skipping.
src/arch/x86/kvm/x86_cpu.cc:1688: warn: kvm-x86: MSR (0x4b564d06) unsupported by gem5. Skipping.
src/arch/x86/kvm/x86_cpu.cc:1688: warn: kvm-x86: MSR (0x4b564d07) unsupported by gem5. Skipping.
src/arch/x86/kvm/x86_cpu.cc:1688: warn: kvm-x86: MSR (0x3b) unsupported by gem5. Skipping.
src/arch/x86/kvm/x86_cpu.cc:1688: warn: kvm-x86: MSR (0x6e0) unsupported by gem5. Skipping.
src/arch/x86/kvm/x86_cpu.cc:1688: warn: kvm-x86: MSR (0x10a) unsupported by gem5. Skipping.
src/arch/x86/kvm/x86_cpu.cc:1688: warn: kvm-x86: MSR (0x345) unsupported by gem5. Skipping.
src/arch/x86/kvm/x86_cpu.cc:1688: warn: kvm-x86: MSR (0x1a0) unsupported by gem5. Skipping.
src/arch/x86/kvm/x86_cpu.cc:1688: warn: kvm-x86: MSR (0x4d0) unsupported by gem5. Skipping.
src/arch/x86/kvm/x86_cpu.cc:1688: warn: kvm-x86: MSR (0x9e) unsupported by gem5. Skipping.
src/arch/x86/kvm/x86_cpu.cc:1688: warn: kvm-x86: MSR (0x34) unsupported by gem5. Skipping.
src/arch/x86/kvm/x86_cpu.cc:1688: warn: kvm-x86: MSR (0xce) unsupported by gem5. Skipping.
src/arch/x86/kvm/x86_cpu.cc:1688: warn: kvm-x86: MSR (0x140) unsupported by gem5. Skipping.
src/arch/x86/kvm/x86_cpu.cc:1688: warn: kvm-x86: MSR (0x1fc) unsupported by gem5. Skipping.
src/arch/x86/kvm/x86_cpu.cc:1688: warn: kvm-x86: MSR (0x8b) unsupported by gem5. Skipping.
src/arch/x86/kvm/x86_cpu.cc:1688: warn: kvm-x86: MSR (0x480) unsupported by gem5. Skipping.
src/arch/x86/kvm/x86_cpu.cc:1688: warn: kvm-x86: MSR (0x48d) unsupported by gem5. Skipping.
src/arch/x86/kvm/x86_cpu.cc:1688: warn: kvm-x86: MSR (0x48e) unsupported by gem5. Skipping.
src/arch/x86/kvm/x86_cpu.cc:1688: warn: kvm-x86: MSR (0x48f) unsupported by gem5. Skipping.
src/arch/x86/kvm/x86_cpu.cc:1688: warn: kvm-x86: MSR (0x490) unsupported by gem5. Skipping.
src/arch/x86/kvm/x86_cpu.cc:1688: warn: kvm-x86: MSR (0x485) unsupported by gem5. Skipping.
src/arch/x86/kvm/x86_cpu.cc:1688: warn: kvm-x86: MSR (0x486) unsupported by gem5. Skipping.
src/arch/x86/kvm/x86_cpu.cc:1688: warn: kvm-x86: MSR (0x488) unsupported by gem5. Skipping.
src/arch/x86/kvm/x86_cpu.cc:1688: warn: kvm-x86: MSR (0x48a) unsupported by gem5. Skipping.
src/arch/x86/kvm/x86_cpu.cc:1688: warn: kvm-x86: MSR (0x48b) unsupported by gem5. Skipping.
src/arch/x86/kvm/x86_cpu.cc:1688: warn: kvm-x86: MSR (0x48c) unsupported by gem5. Skipping.
src/arch/x86/kvm/x86_cpu.cc:1688: warn: kvm-x86: MSR (0x491) unsupported by gem5. Skipping.
src/arch/x86/kvm/x86_cpu.cc:1688: warn: kvm-x86: MSR (0xc0010015) unsupported by gem5. Skipping.
src/arch/x86/kvm/x86_cpu.cc:1688: warn: kvm-x86: MSR (0x4b564d05) unsupported by gem5. Skipping.
src/arch/x86/kvm/x86_cpu.cc:563: warn: cs limit (0xffffffff) and g (0) combination is illegal.
src/arch/x86/kvm/x86_cpu.cc:563: warn: cs limit (0xffffffff) and g (0) combination is illegal.
src/arch/x86/kvm/x86_cpu.cc:563: warn: cs limit (0xffffffff) and g (0) combination is illegal.
src/arch/x86/kvm/x86_cpu.cc:1688: warn: kvm-x86: MSR (0x3a) unsupported by gem5. Skipping.
src/arch/x86/kvm/x86_cpu.cc:1688: warn: kvm-x86: MSR (0x48) unsupported by gem5. Skipping.
src/arch/x86/kvm/x86_cpu.cc:1688: warn: kvm-x86: MSR (0xe1) unsupported by gem5. Skipping.
src/arch/x86/kvm/x86_cpu.cc:1688: warn: kvm-x86: MSR (0x12) unsupported by gem5. Skipping.
src/arch/x86/kvm/x86_cpu.cc:1688: warn: kvm-x86: MSR (0x11) unsupported by gem5. Skipping.
src/arch/x86/kvm/x86_cpu.cc:1688: warn: kvm-x86: MSR (0x4b564d01) unsupported by gem5. Skipping.
src/arch/x86/kvm/x86_cpu.cc:1688: warn: kvm-x86: MSR (0x4b564d00) unsupported by gem5. Skipping.
src/arch/x86/kvm/x86_cpu.cc:1688: warn: kvm-x86: MSR (0x40000000) unsupported by gem5. Skipping.
src/arch/x86/kvm/x86_cpu.cc:1688: warn: kvm-x86: MSR (0x40000001) unsupported by gem5. Skipping.
src/arch/x86/kvm/x86_cpu.cc:1688: warn: kvm-x86: MSR (0x40000020) unsupported by gem5. Skipping.
src/arch/x86/kvm/x86_cpu.cc:1688: warn: kvm-x86: MSR (0x40000021) unsupported by gem5. Skipping.
src/arch/x86/kvm/x86_cpu.cc:1688: warn: kvm-x86: MSR (0x40000022) unsupported by gem5. Skipping.
src/arch/x86/kvm/x86_cpu.cc:1688: warn: kvm-x86: MSR (0x40000023) unsupported by gem5. Skipping.
src/arch/x86/kvm/x86_cpu.cc:1688: warn: kvm-x86: MSR (0x40000100) unsupported by gem5. Skipping.
src/arch/x86/kvm/x86_cpu.cc:1688: warn: kvm-x86: MSR (0x40000101) unsupported by gem5. Skipping.
src/arch/x86/kvm/x86_cpu.cc:1688: warn: kvm-x86: MSR (0x40000102) unsupported by gem5. Skipping.
src/arch/x86/kvm/x86_cpu.cc:1688: warn: kvm-x86: MSR (0x40000103) unsupported by gem5. Skipping.
src/arch/x86/kvm/x86_cpu.cc:1688: warn: kvm-x86: MSR (0x40000104) unsupported by gem5. Skipping.
src/arch/x86/kvm/x86_cpu.cc:1688: warn: kvm-x86: MSR (0x40000105) unsupported by gem5. Skipping.
src/arch/x86/kvm/x86_cpu.cc:1688: warn: kvm-x86: MSR (0x40000003) unsupported by gem5. Skipping.
src/arch/x86/kvm/x86_cpu.cc:1688: warn: kvm-x86: MSR (0x40000002) unsupported by gem5. Skipping.
src/arch/x86/kvm/x86_cpu.cc:1688: warn: kvm-x86: MSR (0x40000010) unsupported by gem5. Skipping.
src/arch/x86/kvm/x86_cpu.cc:1688: warn: kvm-x86: MSR (0x40000080) unsupported by gem5. Skipping.
src/arch/x86/kvm/x86_cpu.cc:1688: warn: kvm-x86: MSR (0x400000b0) unsupported by gem5. Skipping.
src/arch/x86/kvm/x86_cpu.cc:1688: warn: kvm-x86: MSR (0x40000073) unsupported by gem5. Skipping.
src/arch/x86/kvm/x86_cpu.cc:1688: warn: kvm-x86: MSR (0x40000106) unsupported by gem5. Skipping.
src/arch/x86/kvm/x86_cpu.cc:1688: warn: kvm-x86: MSR (0x40000107) unsupported by gem5. Skipping.
src/arch/x86/kvm/x86_cpu.cc:1688: warn: kvm-x86: MSR (0x40000108) unsupported by gem5. Skipping.
src/arch/x86/kvm/x86_cpu.cc:1688: warn: kvm-x86: MSR (0x40000118) unsupported by gem5. Skipping.
src/arch/x86/kvm/x86_cpu.cc:1688: warn: kvm-x86: MSR (0x400000ff) unsupported by gem5. Skipping.
src/arch/x86/kvm/x86_cpu.cc:1688: warn: kvm-x86: MSR (0x400000f1) unsupported by gem5. Skipping.
src/arch/x86/kvm/x86_cpu.cc:1688: warn: kvm-x86: MSR (0x400000f2) unsupported by gem5. Skipping.
src/arch/x86/kvm/x86_cpu.cc:1688: warn: kvm-x86: MSR (0x400000f3) unsupported by gem5. Skipping.
src/arch/x86/kvm/x86_cpu.cc:1688: warn: kvm-x86: MSR (0x400000f4) unsupported by gem5. Skipping.
src/arch/x86/kvm/x86_cpu.cc:1688: warn: kvm-x86: MSR (0x400000f5) unsupported by gem5. Skipping.
src/arch/x86/kvm/x86_cpu.cc:1688: warn: kvm-x86: MSR (0x4b564d02) unsupported by gem5. Skipping.
src/arch/x86/kvm/x86_cpu.cc:1688: warn: kvm-x86: MSR (0x4b564d03) unsupported by gem5. Skipping.
src/arch/x86/kvm/x86_cpu.cc:1688: warn: kvm-x86: MSR (0x4b564d04) unsupported by gem5. Skipping.
src/arch/x86/kvm/x86_cpu.cc:1688: warn: kvm-x86: MSR (0x4b564d06) unsupported by gem5. Skipping.
src/arch/x86/kvm/x86_cpu.cc:1688: warn: kvm-x86: MSR (0x4b564d07) unsupported by gem5. Skipping.
src/arch/x86/kvm/x86_cpu.cc:1688: warn: kvm-x86: MSR (0x3b) unsupported by gem5. Skipping.
src/arch/x86/kvm/x86_cpu.cc:1688: warn: kvm-x86: MSR (0x6e0) unsupported by gem5. Skipping.
src/arch/x86/kvm/x86_cpu.cc:1688: warn: kvm-x86: MSR (0x10a) unsupported by gem5. Skipping.
src/arch/x86/kvm/x86_cpu.cc:1688: warn: kvm-x86: MSR (0x345) unsupported by gem5. Skipping.
src/arch/x86/kvm/x86_cpu.cc:1688: warn: kvm-x86: MSR (0x1a0) unsupported by gem5. Skipping.
src/arch/x86/kvm/x86_cpu.cc:1688: warn: kvm-x86: MSR (0x4d0) unsupported by gem5. Skipping.
src/arch/x86/kvm/x86_cpu.cc:1688: warn: kvm-x86: MSR (0x9e) unsupported by gem5. Skipping.
src/arch/x86/kvm/x86_cpu.cc:1688: warn: kvm-x86: MSR (0x34) unsupported by gem5. Skipping.
src/arch/x86/kvm/x86_cpu.cc:1688: warn: kvm-x86: MSR (0xce) unsupported by gem5. Skipping.
src/arch/x86/kvm/x86_cpu.cc:1688: warn: kvm-x86: MSR (0x140) unsupported by gem5. Skipping.
src/arch/x86/kvm/x86_cpu.cc:1688: warn: kvm-x86: MSR (0x1fc) unsupported by gem5. Skipping.
src/arch/x86/kvm/x86_cpu.cc:1688: warn: kvm-x86: MSR (0x8b) unsupported by gem5. Skipping.
src/arch/x86/kvm/x86_cpu.cc:1688: warn: kvm-x86: MSR (0x480) unsupported by gem5. Skipping.
src/arch/x86/kvm/x86_cpu.cc:1688: warn: kvm-x86: MSR (0x48d) unsupported by gem5. Skipping.
src/arch/x86/kvm/x86_cpu.cc:1688: warn: kvm-x86: MSR (0x48e) unsupported by gem5. Skipping.
src/arch/x86/kvm/x86_cpu.cc:1688: warn: kvm-x86: MSR (0x48f) unsupported by gem5. Skipping.
src/arch/x86/kvm/x86_cpu.cc:1688: warn: kvm-x86: MSR (0x490) unsupported by gem5. Skipping.
src/arch/x86/kvm/x86_cpu.cc:1688: warn: kvm-x86: MSR (0x485) unsupported by gem5. Skipping.
src/arch/x86/kvm/x86_cpu.cc:1688: warn: kvm-x86: MSR (0x486) unsupported by gem5. Skipping.
src/arch/x86/kvm/x86_cpu.cc:1688: warn: kvm-x86: MSR (0x488) unsupported by gem5. Skipping.
src/arch/x86/kvm/x86_cpu.cc:1688: warn: kvm-x86: MSR (0x48a) unsupported by gem5. Skipping.
src/arch/x86/kvm/x86_cpu.cc:1688: warn: kvm-x86: MSR (0x48b) unsupported by gem5. Skipping.
src/arch/x86/kvm/x86_cpu.cc:1688: warn: kvm-x86: MSR (0x48c) unsupported by gem5. Skipping.
src/arch/x86/kvm/x86_cpu.cc:1688: warn: kvm-x86: MSR (0x491) unsupported by gem5. Skipping.
src/arch/x86/kvm/x86_cpu.cc:1688: warn: kvm-x86: MSR (0xc0010015) unsupported by gem5. Skipping.
src/arch/x86/kvm/x86_cpu.cc:1688: warn: kvm-x86: MSR (0x4b564d05) unsupported by gem5. Skipping.
src/arch/x86/kvm/x86_cpu.cc:563: warn: cs limit (0xffffffff) and g (0) combination is illegal.
src/arch/x86/kvm/x86_cpu.cc:563: warn: cs limit (0xffffffff) and g (0) combination is illegal.
src/arch/x86/kvm/x86_cpu.cc:563: warn: cs limit (0xffffffff) and g (0) combination is illegal.
src/arch/x86/kvm/x86_cpu.cc:1688: warn: kvm-x86: MSR (0x3a) unsupported by gem5. Skipping.
src/arch/x86/kvm/x86_cpu.cc:1688: warn: kvm-x86: MSR (0x48) unsupported by gem5. Skipping.
src/arch/x86/kvm/x86_cpu.cc:1688: warn: kvm-x86: MSR (0xe1) unsupported by gem5. Skipping.
src/arch/x86/kvm/x86_cpu.cc:1688: warn: kvm-x86: MSR (0x12) unsupported by gem5. Skipping.
src/arch/x86/kvm/x86_cpu.cc:1688: warn: kvm-x86: MSR (0x11) unsupported by gem5. Skipping.
src/arch/x86/kvm/x86_cpu.cc:1688: warn: kvm-x86: MSR (0x4b564d01) unsupported by gem5. Skipping.
src/arch/x86/kvm/x86_cpu.cc:1688: warn: kvm-x86: MSR (0x4b564d00) unsupported by gem5. Skipping.
src/arch/x86/kvm/x86_cpu.cc:1688: warn: kvm-x86: MSR (0x40000000) unsupported by gem5. Skipping.
src/arch/x86/kvm/x86_cpu.cc:1688: warn: kvm-x86: MSR (0x40000001) unsupported by gem5. Skipping.
src/arch/x86/kvm/x86_cpu.cc:1688: warn: kvm-x86: MSR (0x40000020) unsupported by gem5. Skipping.
src/arch/x86/kvm/x86_cpu.cc:1688: warn: kvm-x86: MSR (0x40000021) unsupported by gem5. Skipping.
src/arch/x86/kvm/x86_cpu.cc:1688: warn: kvm-x86: MSR (0x40000022) unsupported by gem5. Skipping.
src/arch/x86/kvm/x86_cpu.cc:1688: warn: kvm-x86: MSR (0x40000023) unsupported by gem5. Skipping.
src/arch/x86/kvm/x86_cpu.cc:1688: warn: kvm-x86: MSR (0x40000100) unsupported by gem5. Skipping.
src/arch/x86/kvm/x86_cpu.cc:1688: warn: kvm-x86: MSR (0x40000101) unsupported by gem5. Skipping.
src/arch/x86/kvm/x86_cpu.cc:1688: warn: kvm-x86: MSR (0x40000102) unsupported by gem5. Skipping.
src/arch/x86/kvm/x86_cpu.cc:1688: warn: kvm-x86: MSR (0x40000103) unsupported by gem5. Skipping.
src/arch/x86/kvm/x86_cpu.cc:1688: warn: kvm-x86: MSR (0x40000104) unsupported by gem5. Skipping.
src/arch/x86/kvm/x86_cpu.cc:1688: warn: kvm-x86: MSR (0x40000105) unsupported by gem5. Skipping.
src/arch/x86/kvm/x86_cpu.cc:1688: warn: kvm-x86: MSR (0x40000003) unsupported by gem5. Skipping.
src/arch/x86/kvm/x86_cpu.cc:1688: warn: kvm-x86: MSR (0x40000002) unsupported by gem5. Skipping.
src/arch/x86/kvm/x86_cpu.cc:1688: warn: kvm-x86: MSR (0x40000010) unsupported by gem5. Skipping.
src/arch/x86/kvm/x86_cpu.cc:1688: warn: kvm-x86: MSR (0x40000080) unsupported by gem5. Skipping.
src/arch/x86/kvm/x86_cpu.cc:1688: warn: kvm-x86: MSR (0x400000b0) unsupported by gem5. Skipping.
src/arch/x86/kvm/x86_cpu.cc:1688: warn: kvm-x86: MSR (0x40000073) unsupported by gem5. Skipping.
src/arch/x86/kvm/x86_cpu.cc:1688: warn: kvm-x86: MSR (0x40000106) unsupported by gem5. Skipping.
src/arch/x86/kvm/x86_cpu.cc:1688: warn: kvm-x86: MSR (0x40000107) unsupported by gem5. Skipping.
src/arch/x86/kvm/x86_cpu.cc:1688: warn: kvm-x86: MSR (0x40000108) unsupported by gem5. Skipping.
src/arch/x86/kvm/x86_cpu.cc:1688: warn: kvm-x86: MSR (0x40000118) unsupported by gem5. Skipping.
src/arch/x86/kvm/x86_cpu.cc:1688: warn: kvm-x86: MSR (0x400000ff) unsupported by gem5. Skipping.
src/arch/x86/kvm/x86_cpu.cc:1688: warn: kvm-x86: MSR (0x400000f1) unsupported by gem5. Skipping.
src/arch/x86/kvm/x86_cpu.cc:1688: warn: kvm-x86: MSR (0x400000f2) unsupported by gem5. Skipping.
src/arch/x86/kvm/x86_cpu.cc:1688: warn: kvm-x86: MSR (0x400000f3) unsupported by gem5. Skipping.
src/arch/x86/kvm/x86_cpu.cc:1688: warn: kvm-x86: MSR (0x400000f4) unsupported by gem5. Skipping.
src/arch/x86/kvm/x86_cpu.cc:1688: warn: kvm-x86: MSR (0x400000f5) unsupported by gem5. Skipping.
src/arch/x86/kvm/x86_cpu.cc:1688: warn: kvm-x86: MSR (0x4b564d02) unsupported by gem5. Skipping.
src/arch/x86/kvm/x86_cpu.cc:1688: warn: kvm-x86: MSR (0x4b564d03) unsupported by gem5. Skipping.
src/arch/x86/kvm/x86_cpu.cc:1688: warn: kvm-x86: MSR (0x4b564d04) unsupported by gem5. Skipping.
src/arch/x86/kvm/x86_cpu.cc:1688: warn: kvm-x86: MSR (0x4b564d06) unsupported by gem5. Skipping.
src/arch/x86/kvm/x86_cpu.cc:1688: warn: kvm-x86: MSR (0x4b564d07) unsupported by gem5. Skipping.
src/arch/x86/kvm/x86_cpu.cc:1688: warn: kvm-x86: MSR (0x3b) unsupported by gem5. Skipping.
src/arch/x86/kvm/x86_cpu.cc:1688: warn: kvm-x86: MSR (0x6e0) unsupported by gem5. Skipping.
src/arch/x86/kvm/x86_cpu.cc:1688: warn: kvm-x86: MSR (0x10a) unsupported by gem5. Skipping.
src/arch/x86/kvm/x86_cpu.cc:1688: warn: kvm-x86: MSR (0x345) unsupported by gem5. Skipping.
src/arch/x86/kvm/x86_cpu.cc:1688: warn: kvm-x86: MSR (0x1a0) unsupported by gem5. Skipping.
src/arch/x86/kvm/x86_cpu.cc:1688: warn: kvm-x86: MSR (0x4d0) unsupported by gem5. Skipping.
src/arch/x86/kvm/x86_cpu.cc:1688: warn: kvm-x86: MSR (0x9e) unsupported by gem5. Skipping.
src/arch/x86/kvm/x86_cpu.cc:1688: warn: kvm-x86: MSR (0x34) unsupported by gem5. Skipping.
src/arch/x86/kvm/x86_cpu.cc:1688: warn: kvm-x86: MSR (0xce) unsupported by gem5. Skipping.
src/arch/x86/kvm/x86_cpu.cc:1688: warn: kvm-x86: MSR (0x140) unsupported by gem5. Skipping.
src/arch/x86/kvm/x86_cpu.cc:1688: warn: kvm-x86: MSR (0x1fc) unsupported by gem5. Skipping.
src/arch/x86/kvm/x86_cpu.cc:1688: warn: kvm-x86: MSR (0x8b) unsupported by gem5. Skipping.
src/arch/x86/kvm/x86_cpu.cc:1688: warn: kvm-x86: MSR (0x480) unsupported by gem5. Skipping.
src/arch/x86/kvm/x86_cpu.cc:1688: warn: kvm-x86: MSR (0x48d) unsupported by gem5. Skipping.
src/arch/x86/kvm/x86_cpu.cc:1688: warn: kvm-x86: MSR (0x48e) unsupported by gem5. Skipping.
src/arch/x86/kvm/x86_cpu.cc:1688: warn: kvm-x86: MSR (0x48f) unsupported by gem5. Skipping.
src/arch/x86/kvm/x86_cpu.cc:1688: warn: kvm-x86: MSR (0x490) unsupported by gem5. Skipping.
src/arch/x86/kvm/x86_cpu.cc:1688: warn: kvm-x86: MSR (0x485) unsupported by gem5. Skipping.
src/arch/x86/kvm/x86_cpu.cc:1688: warn: kvm-x86: MSR (0x486) unsupported by gem5. Skipping.
src/arch/x86/kvm/x86_cpu.cc:1688: warn: kvm-x86: MSR (0x488) unsupported by gem5. Skipping.
src/arch/x86/kvm/x86_cpu.cc:1688: warn: kvm-x86: MSR (0x48a) unsupported by gem5. Skipping.
src/arch/x86/kvm/x86_cpu.cc:1688: warn: kvm-x86: MSR (0x48b) unsupported by gem5. Skipping.
src/arch/x86/kvm/x86_cpu.cc:1688: warn: kvm-x86: MSR (0x48c) unsupported by gem5. Skipping.
src/arch/x86/kvm/x86_cpu.cc:1688: warn: kvm-x86: MSR (0x491) unsupported by gem5. Skipping.
src/arch/x86/kvm/x86_cpu.cc:1688: warn: kvm-x86: MSR (0xc0010015) unsupported by gem5. Skipping.
src/arch/x86/kvm/x86_cpu.cc:1688: warn: kvm-x86: MSR (0x4b564d05) unsupported by gem5. Skipping.
src/arch/x86/kvm/x86_cpu.cc:563: warn: cs limit (0xffffffff) and g (0) combination is illegal.
src/arch/x86/kvm/x86_cpu.cc:563: warn: cs limit (0xffffffff) and g (0) combination is illegal.
src/arch/x86/kvm/x86_cpu.cc:563: warn: cs limit (0xffffffff) and g (0) combination is illegal.
src/arch/x86/kvm/x86_cpu.cc:1688: warn: kvm-x86: MSR (0x3a) unsupported by gem5. Skipping.
src/arch/x86/kvm/x86_cpu.cc:1688: warn: kvm-x86: MSR (0x48) unsupported by gem5. Skipping.
src/arch/x86/kvm/x86_cpu.cc:1688: warn: kvm-x86: MSR (0xe1) unsupported by gem5. Skipping.
src/arch/x86/kvm/x86_cpu.cc:1688: warn: kvm-x86: MSR (0x12) unsupported by gem5. Skipping.
src/arch/x86/kvm/x86_cpu.cc:1688: warn: kvm-x86: MSR (0x11) unsupported by gem5. Skipping.
src/arch/x86/kvm/x86_cpu.cc:1688: warn: kvm-x86: MSR (0x4b564d01) unsupported by gem5. Skipping.
src/arch/x86/kvm/x86_cpu.cc:1688: warn: kvm-x86: MSR (0x4b564d00) unsupported by gem5. Skipping.
src/arch/x86/kvm/x86_cpu.cc:1688: warn: kvm-x86: MSR (0x40000000) unsupported by gem5. Skipping.
src/arch/x86/kvm/x86_cpu.cc:1688: warn: kvm-x86: MSR (0x40000001) unsupported by gem5. Skipping.
src/arch/x86/kvm/x86_cpu.cc:1688: warn: kvm-x86: MSR (0x40000020) unsupported by gem5. Skipping.
src/arch/x86/kvm/x86_cpu.cc:1688: warn: kvm-x86: MSR (0x40000021) unsupported by gem5. Skipping.
src/arch/x86/kvm/x86_cpu.cc:1688: warn: kvm-x86: MSR (0x40000022) unsupported by gem5. Skipping.
src/arch/x86/kvm/x86_cpu.cc:1688: warn: kvm-x86: MSR (0x40000023) unsupported by gem5. Skipping.
src/arch/x86/kvm/x86_cpu.cc:1688: warn: kvm-x86: MSR (0x40000100) unsupported by gem5. Skipping.
src/arch/x86/kvm/x86_cpu.cc:1688: warn: kvm-x86: MSR (0x40000101) unsupported by gem5. Skipping.
src/arch/x86/kvm/x86_cpu.cc:1688: warn: kvm-x86: MSR (0x40000102) unsupported by gem5. Skipping.
src/arch/x86/kvm/x86_cpu.cc:1688: warn: kvm-x86: MSR (0x40000103) unsupported by gem5. Skipping.
src/arch/x86/kvm/x86_cpu.cc:1688: warn: kvm-x86: MSR (0x40000104) unsupported by gem5. Skipping.
src/arch/x86/kvm/x86_cpu.cc:1688: warn: kvm-x86: MSR (0x40000105) unsupported by gem5. Skipping.
src/arch/x86/kvm/x86_cpu.cc:1688: warn: kvm-x86: MSR (0x40000003) unsupported by gem5. Skipping.
src/arch/x86/kvm/x86_cpu.cc:1688: warn: kvm-x86: MSR (0x40000002) unsupported by gem5. Skipping.
src/arch/x86/kvm/x86_cpu.cc:1688: warn: kvm-x86: MSR (0x40000010) unsupported by gem5. Skipping.
src/arch/x86/kvm/x86_cpu.cc:1688: warn: kvm-x86: MSR (0x40000080) unsupported by gem5. Skipping.
src/arch/x86/kvm/x86_cpu.cc:1688: warn: kvm-x86: MSR (0x400000b0) unsupported by gem5. Skipping.
src/arch/x86/kvm/x86_cpu.cc:1688: warn: kvm-x86: MSR (0x40000073) unsupported by gem5. Skipping.
src/arch/x86/kvm/x86_cpu.cc:1688: warn: kvm-x86: MSR (0x40000106) unsupported by gem5. Skipping.
src/arch/x86/kvm/x86_cpu.cc:1688: warn: kvm-x86: MSR (0x40000107) unsupported by gem5. Skipping.
src/arch/x86/kvm/x86_cpu.cc:1688: warn: kvm-x86: MSR (0x40000108) unsupported by gem5. Skipping.
src/arch/x86/kvm/x86_cpu.cc:1688: warn: kvm-x86: MSR (0x40000118) unsupported by gem5. Skipping.
src/arch/x86/kvm/x86_cpu.cc:1688: warn: kvm-x86: MSR (0x400000ff) unsupported by gem5. Skipping.
src/arch/x86/kvm/x86_cpu.cc:1688: warn: kvm-x86: MSR (0x400000f1) unsupported by gem5. Skipping.
src/arch/x86/kvm/x86_cpu.cc:1688: warn: kvm-x86: MSR (0x400000f2) unsupported by gem5. Skipping.
src/arch/x86/kvm/x86_cpu.cc:1688: warn: kvm-x86: MSR (0x400000f3) unsupported by gem5. Skipping.
src/arch/x86/kvm/x86_cpu.cc:1688: warn: kvm-x86: MSR (0x400000f4) unsupported by gem5. Skipping.
src/arch/x86/kvm/x86_cpu.cc:1688: warn: kvm-x86: MSR (0x400000f5) unsupported by gem5. Skipping.
src/arch/x86/kvm/x86_cpu.cc:1688: warn: kvm-x86: MSR (0x4b564d02) unsupported by gem5. Skipping.
src/arch/x86/kvm/x86_cpu.cc:1688: warn: kvm-x86: MSR (0x4b564d03) unsupported by gem5. Skipping.
src/arch/x86/kvm/x86_cpu.cc:1688: warn: kvm-x86: MSR (0x4b564d04) unsupported by gem5. Skipping.
src/arch/x86/kvm/x86_cpu.cc:1688: warn: kvm-x86: MSR (0x4b564d06) unsupported by gem5. Skipping.
src/arch/x86/kvm/x86_cpu.cc:1688: warn: kvm-x86: MSR (0x4b564d07) unsupported by gem5. Skipping.
src/arch/x86/kvm/x86_cpu.cc:1688: warn: kvm-x86: MSR (0x3b) unsupported by gem5. Skipping.
src/arch/x86/kvm/x86_cpu.cc:1688: warn: kvm-x86: MSR (0x6e0) unsupported by gem5. Skipping.
src/arch/x86/kvm/x86_cpu.cc:1688: warn: kvm-x86: MSR (0x10a) unsupported by gem5. Skipping.
src/arch/x86/kvm/x86_cpu.cc:1688: warn: kvm-x86: MSR (0x345) unsupported by gem5. Skipping.
src/arch/x86/kvm/x86_cpu.cc:1688: warn: kvm-x86: MSR (0x1a0) unsupported by gem5. Skipping.
src/arch/x86/kvm/x86_cpu.cc:1688: warn: kvm-x86: MSR (0x4d0) unsupported by gem5. Skipping.
src/arch/x86/kvm/x86_cpu.cc:1688: warn: kvm-x86: MSR (0x9e) unsupported by gem5. Skipping.
src/arch/x86/kvm/x86_cpu.cc:1688: warn: kvm-x86: MSR (0x34) unsupported by gem5. Skipping.
src/arch/x86/kvm/x86_cpu.cc:1688: warn: kvm-x86: MSR (0xce) unsupported by gem5. Skipping.
src/arch/x86/kvm/x86_cpu.cc:1688: warn: kvm-x86: MSR (0x140) unsupported by gem5. Skipping.
src/arch/x86/kvm/x86_cpu.cc:1688: warn: kvm-x86: MSR (0x1fc) unsupported by gem5. Skipping.
src/arch/x86/kvm/x86_cpu.cc:1688: warn: kvm-x86: MSR (0x8b) unsupported by gem5. Skipping.
src/arch/x86/kvm/x86_cpu.cc:1688: warn: kvm-x86: MSR (0x480) unsupported by gem5. Skipping.
src/arch/x86/kvm/x86_cpu.cc:1688: warn: kvm-x86: MSR (0x48d) unsupported by gem5. Skipping.
src/arch/x86/kvm/x86_cpu.cc:1688: warn: kvm-x86: MSR (0x48e) unsupported by gem5. Skipping.
src/arch/x86/kvm/x86_cpu.cc:1688: warn: kvm-x86: MSR (0x48f) unsupported by gem5. Skipping.
src/arch/x86/kvm/x86_cpu.cc:1688: warn: kvm-x86: MSR (0x490) unsupported by gem5. Skipping.
src/arch/x86/kvm/x86_cpu.cc:1688: warn: kvm-x86: MSR (0x485) unsupported by gem5. Skipping.
src/arch/x86/kvm/x86_cpu.cc:1688: warn: kvm-x86: MSR (0x486) unsupported by gem5. Skipping.
src/arch/x86/kvm/x86_cpu.cc:1688: warn: kvm-x86: MSR (0x488) unsupported by gem5. Skipping.
src/arch/x86/kvm/x86_cpu.cc:1688: warn: kvm-x86: MSR (0x48a) unsupported by gem5. Skipping.
src/arch/x86/kvm/x86_cpu.cc:1688: warn: kvm-x86: MSR (0x48b) unsupported by gem5. Skipping.
src/arch/x86/kvm/x86_cpu.cc:1688: warn: kvm-x86: MSR (0x48c) unsupported by gem5. Skipping.
src/arch/x86/kvm/x86_cpu.cc:1688: warn: kvm-x86: MSR (0x491) unsupported by gem5. Skipping.
src/arch/x86/kvm/x86_cpu.cc:1688: warn: kvm-x86: MSR (0xc0010015) unsupported by gem5. Skipping.
src/arch/x86/kvm/x86_cpu.cc:1688: warn: kvm-x86: MSR (0x4b564d05) unsupported by gem5. Skipping.
src/arch/x86/kvm/x86_cpu.cc:563: warn: cs limit (0xffffffff) and g (0) combination is illegal.
src/arch/x86/kvm/x86_cpu.cc:563: warn: cs limit (0xffffffff) and g (0) combination is illegal.
src/arch/x86/kvm/x86_cpu.cc:563: warn: cs limit (0xffffffff) and g (0) combination is illegal.
src/arch/x86/kvm/x86_cpu.cc:1688: warn: kvm-x86: MSR (0x3a) unsupported by gem5. Skipping.
src/arch/x86/kvm/x86_cpu.cc:1688: warn: kvm-x86: MSR (0x48) unsupported by gem5. Skipping.
src/arch/x86/kvm/x86_cpu.cc:1688: warn: kvm-x86: MSR (0xe1) unsupported by gem5. Skipping.
src/arch/x86/kvm/x86_cpu.cc:1688: warn: kvm-x86: MSR (0x12) unsupported by gem5. Skipping.
src/arch/x86/kvm/x86_cpu.cc:1688: warn: kvm-x86: MSR (0x11) unsupported by gem5. Skipping.
src/arch/x86/kvm/x86_cpu.cc:1688: warn: kvm-x86: MSR (0x4b564d01) unsupported by gem5. Skipping.
src/arch/x86/kvm/x86_cpu.cc:1688: warn: kvm-x86: MSR (0x4b564d00) unsupported by gem5. Skipping.
src/arch/x86/kvm/x86_cpu.cc:1688: warn: kvm-x86: MSR (0x40000000) unsupported by gem5. Skipping.
src/arch/x86/kvm/x86_cpu.cc:1688: warn: kvm-x86: MSR (0x40000001) unsupported by gem5. Skipping.
src/arch/x86/kvm/x86_cpu.cc:1688: warn: kvm-x86: MSR (0x40000020) unsupported by gem5. Skipping.
src/arch/x86/kvm/x86_cpu.cc:1688: warn: kvm-x86: MSR (0x40000021) unsupported by gem5. Skipping.
src/arch/x86/kvm/x86_cpu.cc:1688: warn: kvm-x86: MSR (0x40000022) unsupported by gem5. Skipping.
src/arch/x86/kvm/x86_cpu.cc:1688: warn: kvm-x86: MSR (0x40000023) unsupported by gem5. Skipping.
src/arch/x86/kvm/x86_cpu.cc:1688: warn: kvm-x86: MSR (0x40000100) unsupported by gem5. Skipping.
src/arch/x86/kvm/x86_cpu.cc:1688: warn: kvm-x86: MSR (0x40000101) unsupported by gem5. Skipping.
src/arch/x86/kvm/x86_cpu.cc:1688: warn: kvm-x86: MSR (0x40000102) unsupported by gem5. Skipping.
src/arch/x86/kvm/x86_cpu.cc:1688: warn: kvm-x86: MSR (0x40000103) unsupported by gem5. Skipping.
src/arch/x86/kvm/x86_cpu.cc:1688: warn: kvm-x86: MSR (0x40000104) unsupported by gem5. Skipping.
src/arch/x86/kvm/x86_cpu.cc:1688: warn: kvm-x86: MSR (0x40000105) unsupported by gem5. Skipping.
src/arch/x86/kvm/x86_cpu.cc:1688: warn: kvm-x86: MSR (0x40000003) unsupported by gem5. Skipping.
src/arch/x86/kvm/x86_cpu.cc:1688: warn: kvm-x86: MSR (0x40000002) unsupported by gem5. Skipping.
src/arch/x86/kvm/x86_cpu.cc:1688: warn: kvm-x86: MSR (0x40000010) unsupported by gem5. Skipping.
src/arch/x86/kvm/x86_cpu.cc:1688: warn: kvm-x86: MSR (0x40000080) unsupported by gem5. Skipping.
src/arch/x86/kvm/x86_cpu.cc:1688: warn: kvm-x86: MSR (0x400000b0) unsupported by gem5. Skipping.
src/arch/x86/kvm/x86_cpu.cc:1688: warn: kvm-x86: MSR (0x40000073) unsupported by gem5. Skipping.
src/arch/x86/kvm/x86_cpu.cc:1688: warn: kvm-x86: MSR (0x40000106) unsupported by gem5. Skipping.
src/arch/x86/kvm/x86_cpu.cc:1688: warn: kvm-x86: MSR (0x40000107) unsupported by gem5. Skipping.
src/arch/x86/kvm/x86_cpu.cc:1688: warn: kvm-x86: MSR (0x40000108) unsupported by gem5. Skipping.
src/arch/x86/kvm/x86_cpu.cc:1688: warn: kvm-x86: MSR (0x40000118) unsupported by gem5. Skipping.
src/arch/x86/kvm/x86_cpu.cc:1688: warn: kvm-x86: MSR (0x400000ff) unsupported by gem5. Skipping.
src/arch/x86/kvm/x86_cpu.cc:1688: warn: kvm-x86: MSR (0x400000f1) unsupported by gem5. Skipping.
src/arch/x86/kvm/x86_cpu.cc:1688: warn: kvm-x86: MSR (0x400000f2) unsupported by gem5. Skipping.
src/arch/x86/kvm/x86_cpu.cc:1688: warn: kvm-x86: MSR (0x400000f3) unsupported by gem5. Skipping.
src/arch/x86/kvm/x86_cpu.cc:1688: warn: kvm-x86: MSR (0x400000f4) unsupported by gem5. Skipping.
src/arch/x86/kvm/x86_cpu.cc:1688: warn: kvm-x86: MSR (0x400000f5) unsupported by gem5. Skipping.
src/arch/x86/kvm/x86_cpu.cc:1688: warn: kvm-x86: MSR (0x4b564d02) unsupported by gem5. Skipping.
src/arch/x86/kvm/x86_cpu.cc:1688: warn: kvm-x86: MSR (0x4b564d03) unsupported by gem5. Skipping.
src/arch/x86/kvm/x86_cpu.cc:1688: warn: kvm-x86: MSR (0x4b564d04) unsupported by gem5. Skipping.
src/arch/x86/kvm/x86_cpu.cc:1688: warn: kvm-x86: MSR (0x4b564d06) unsupported by gem5. Skipping.
src/arch/x86/kvm/x86_cpu.cc:1688: warn: kvm-x86: MSR (0x4b564d07) unsupported by gem5. Skipping.
src/arch/x86/kvm/x86_cpu.cc:1688: warn: kvm-x86: MSR (0x3b) unsupported by gem5. Skipping.
src/arch/x86/kvm/x86_cpu.cc:1688: warn: kvm-x86: MSR (0x6e0) unsupported by gem5. Skipping.
src/arch/x86/kvm/x86_cpu.cc:1688: warn: kvm-x86: MSR (0x10a) unsupported by gem5. Skipping.
src/arch/x86/kvm/x86_cpu.cc:1688: warn: kvm-x86: MSR (0x345) unsupported by gem5. Skipping.
src/arch/x86/kvm/x86_cpu.cc:1688: warn: kvm-x86: MSR (0x1a0) unsupported by gem5. Skipping.
src/arch/x86/kvm/x86_cpu.cc:1688: warn: kvm-x86: MSR (0x4d0) unsupported by gem5. Skipping.
src/arch/x86/kvm/x86_cpu.cc:1688: warn: kvm-x86: MSR (0x9e) unsupported by gem5. Skipping.
src/arch/x86/kvm/x86_cpu.cc:1688: warn: kvm-x86: MSR (0x34) unsupported by gem5. Skipping.
src/arch/x86/kvm/x86_cpu.cc:1688: warn: kvm-x86: MSR (0xce) unsupported by gem5. Skipping.
src/arch/x86/kvm/x86_cpu.cc:1688: warn: kvm-x86: MSR (0x140) unsupported by gem5. Skipping.
src/arch/x86/kvm/x86_cpu.cc:1688: warn: kvm-x86: MSR (0x1fc) unsupported by gem5. Skipping.
src/arch/x86/kvm/x86_cpu.cc:1688: warn: kvm-x86: MSR (0x8b) unsupported by gem5. Skipping.
src/arch/x86/kvm/x86_cpu.cc:1688: warn: kvm-x86: MSR (0x480) unsupported by gem5. Skipping.
src/arch/x86/kvm/x86_cpu.cc:1688: warn: kvm-x86: MSR (0x48d) unsupported by gem5. Skipping.
src/arch/x86/kvm/x86_cpu.cc:1688: warn: kvm-x86: MSR (0x48e) unsupported by gem5. Skipping.
src/arch/x86/kvm/x86_cpu.cc:1688: warn: kvm-x86: MSR (0x48f) unsupported by gem5. Skipping.
src/arch/x86/kvm/x86_cpu.cc:1688: warn: kvm-x86: MSR (0x490) unsupported by gem5. Skipping.
src/arch/x86/kvm/x86_cpu.cc:1688: warn: kvm-x86: MSR (0x485) unsupported by gem5. Skipping.
src/arch/x86/kvm/x86_cpu.cc:1688: warn: kvm-x86: MSR (0x486) unsupported by gem5. Skipping.
src/arch/x86/kvm/x86_cpu.cc:1688: warn: kvm-x86: MSR (0x488) unsupported by gem5. Skipping.
src/arch/x86/kvm/x86_cpu.cc:1688: warn: kvm-x86: MSR (0x48a) unsupported by gem5. Skipping.
src/arch/x86/kvm/x86_cpu.cc:1688: warn: kvm-x86: MSR (0x48b) unsupported by gem5. Skipping.
src/arch/x86/kvm/x86_cpu.cc:1688: warn: kvm-x86: MSR (0x48c) unsupported by gem5. Skipping.
src/arch/x86/kvm/x86_cpu.cc:1688: warn: kvm-x86: MSR (0x491) unsupported by gem5. Skipping.
src/arch/x86/kvm/x86_cpu.cc:1688: warn: kvm-x86: MSR (0xc0010015) unsupported by gem5. Skipping.
src/arch/x86/kvm/x86_cpu.cc:1688: warn: kvm-x86: MSR (0x4b564d05) unsupported by gem5. Skipping.
src/arch/x86/kvm/x86_cpu.cc:563: warn: cs limit (0xffffffff) and g (0) combination is illegal.
src/arch/x86/kvm/x86_cpu.cc:563: warn: cs limit (0xffffffff) and g (0) combination is illegal.
src/arch/x86/kvm/x86_cpu.cc:563: warn: cs limit (0xffffffff) and g (0) combination is illegal.
src/arch/x86/kvm/x86_cpu.cc:1688: warn: kvm-x86: MSR (0x3a) unsupported by gem5. Skipping.
src/arch/x86/kvm/x86_cpu.cc:1688: warn: kvm-x86: MSR (0x48) unsupported by gem5. Skipping.
src/arch/x86/kvm/x86_cpu.cc:1688: warn: kvm-x86: MSR (0xe1) unsupported by gem5. Skipping.
src/arch/x86/kvm/x86_cpu.cc:1688: warn: kvm-x86: MSR (0x12) unsupported by gem5. Skipping.
src/arch/x86/kvm/x86_cpu.cc:1688: warn: kvm-x86: MSR (0x11) unsupported by gem5. Skipping.
src/arch/x86/kvm/x86_cpu.cc:1688: warn: kvm-x86: MSR (0x4b564d01) unsupported by gem5. Skipping.
src/arch/x86/kvm/x86_cpu.cc:1688: warn: kvm-x86: MSR (0x4b564d00) unsupported by gem5. Skipping.
src/arch/x86/kvm/x86_cpu.cc:1688: warn: kvm-x86: MSR (0x40000000) unsupported by gem5. Skipping.
src/arch/x86/kvm/x86_cpu.cc:1688: warn: kvm-x86: MSR (0x40000001) unsupported by gem5. Skipping.
src/arch/x86/kvm/x86_cpu.cc:1688: warn: kvm-x86: MSR (0x40000020) unsupported by gem5. Skipping.
src/arch/x86/kvm/x86_cpu.cc:1688: warn: kvm-x86: MSR (0x40000021) unsupported by gem5. Skipping.
src/arch/x86/kvm/x86_cpu.cc:1688: warn: kvm-x86: MSR (0x40000022) unsupported by gem5. Skipping.
src/arch/x86/kvm/x86_cpu.cc:1688: warn: kvm-x86: MSR (0x40000023) unsupported by gem5. Skipping.
src/arch/x86/kvm/x86_cpu.cc:1688: warn: kvm-x86: MSR (0x40000100) unsupported by gem5. Skipping.
src/arch/x86/kvm/x86_cpu.cc:1688: warn: kvm-x86: MSR (0x40000101) unsupported by gem5. Skipping.
src/arch/x86/kvm/x86_cpu.cc:1688: warn: kvm-x86: MSR (0x40000102) unsupported by gem5. Skipping.
src/arch/x86/kvm/x86_cpu.cc:1688: warn: kvm-x86: MSR (0x40000103) unsupported by gem5. Skipping.
src/arch/x86/kvm/x86_cpu.cc:1688: warn: kvm-x86: MSR (0x40000104) unsupported by gem5. Skipping.
src/arch/x86/kvm/x86_cpu.cc:1688: warn: kvm-x86: MSR (0x40000105) unsupported by gem5. Skipping.
src/arch/x86/kvm/x86_cpu.cc:1688: warn: kvm-x86: MSR (0x40000003) unsupported by gem5. Skipping.
src/arch/x86/kvm/x86_cpu.cc:1688: warn: kvm-x86: MSR (0x40000002) unsupported by gem5. Skipping.
src/arch/x86/kvm/x86_cpu.cc:1688: warn: kvm-x86: MSR (0x40000010) unsupported by gem5. Skipping.
src/arch/x86/kvm/x86_cpu.cc:1688: warn: kvm-x86: MSR (0x40000080) unsupported by gem5. Skipping.
src/arch/x86/kvm/x86_cpu.cc:1688: warn: kvm-x86: MSR (0x400000b0) unsupported by gem5. Skipping.
src/arch/x86/kvm/x86_cpu.cc:1688: warn: kvm-x86: MSR (0x40000073) unsupported by gem5. Skipping.
src/arch/x86/kvm/x86_cpu.cc:1688: warn: kvm-x86: MSR (0x40000106) unsupported by gem5. Skipping.
src/arch/x86/kvm/x86_cpu.cc:1688: warn: kvm-x86: MSR (0x40000107) unsupported by gem5. Skipping.
src/arch/x86/kvm/x86_cpu.cc:1688: warn: kvm-x86: MSR (0x40000108) unsupported by gem5. Skipping.
src/arch/x86/kvm/x86_cpu.cc:1688: warn: kvm-x86: MSR (0x40000118) unsupported by gem5. Skipping.
src/arch/x86/kvm/x86_cpu.cc:1688: warn: kvm-x86: MSR (0x400000ff) unsupported by gem5. Skipping.
src/arch/x86/kvm/x86_cpu.cc:1688: warn: kvm-x86: MSR (0x400000f1) unsupported by gem5. Skipping.
src/arch/x86/kvm/x86_cpu.cc:1688: warn: kvm-x86: MSR (0x400000f2) unsupported by gem5. Skipping.
src/arch/x86/kvm/x86_cpu.cc:1688: warn: kvm-x86: MSR (0x400000f3) unsupported by gem5. Skipping.
src/arch/x86/kvm/x86_cpu.cc:1688: warn: kvm-x86: MSR (0x400000f4) unsupported by gem5. Skipping.
src/arch/x86/kvm/x86_cpu.cc:1688: warn: kvm-x86: MSR (0x400000f5) unsupported by gem5. Skipping.
src/arch/x86/kvm/x86_cpu.cc:1688: warn: kvm-x86: MSR (0x4b564d02) unsupported by gem5. Skipping.
src/arch/x86/kvm/x86_cpu.cc:1688: warn: kvm-x86: MSR (0x4b564d03) unsupported by gem5. Skipping.
src/arch/x86/kvm/x86_cpu.cc:1688: warn: kvm-x86: MSR (0x4b564d04) unsupported by gem5. Skipping.
src/arch/x86/kvm/x86_cpu.cc:1688: warn: kvm-x86: MSR (0x4b564d06) unsupported by gem5. Skipping.
src/arch/x86/kvm/x86_cpu.cc:1688: warn: kvm-x86: MSR (0x4b564d07) unsupported by gem5. Skipping.
src/arch/x86/kvm/x86_cpu.cc:1688: warn: kvm-x86: MSR (0x3b) unsupported by gem5. Skipping.
src/arch/x86/kvm/x86_cpu.cc:1688: warn: kvm-x86: MSR (0x6e0) unsupported by gem5. Skipping.
src/arch/x86/kvm/x86_cpu.cc:1688: warn: kvm-x86: MSR (0x10a) unsupported by gem5. Skipping.
src/arch/x86/kvm/x86_cpu.cc:1688: warn: kvm-x86: MSR (0x345) unsupported by gem5. Skipping.
src/arch/x86/kvm/x86_cpu.cc:1688: warn: kvm-x86: MSR (0x1a0) unsupported by gem5. Skipping.
src/arch/x86/kvm/x86_cpu.cc:1688: warn: kvm-x86: MSR (0x4d0) unsupported by gem5. Skipping.
src/arch/x86/kvm/x86_cpu.cc:1688: warn: kvm-x86: MSR (0x9e) unsupported by gem5. Skipping.
src/arch/x86/kvm/x86_cpu.cc:1688: warn: kvm-x86: MSR (0x34) unsupported by gem5. Skipping.
src/arch/x86/kvm/x86_cpu.cc:1688: warn: kvm-x86: MSR (0xce) unsupported by gem5. Skipping.
src/arch/x86/kvm/x86_cpu.cc:1688: warn: kvm-x86: MSR (0x140) unsupported by gem5. Skipping.
src/arch/x86/kvm/x86_cpu.cc:1688: warn: kvm-x86: MSR (0x1fc) unsupported by gem5. Skipping.
src/arch/x86/kvm/x86_cpu.cc:1688: warn: kvm-x86: MSR (0x8b) unsupported by gem5. Skipping.
src/arch/x86/kvm/x86_cpu.cc:1688: warn: kvm-x86: MSR (0x480) unsupported by gem5. Skipping.
src/arch/x86/kvm/x86_cpu.cc:1688: warn: kvm-x86: MSR (0x48d) unsupported by gem5. Skipping.
src/arch/x86/kvm/x86_cpu.cc:1688: warn: kvm-x86: MSR (0x48e) unsupported by gem5. Skipping.
src/arch/x86/kvm/x86_cpu.cc:1688: warn: kvm-x86: MSR (0x48f) unsupported by gem5. Skipping.
src/arch/x86/kvm/x86_cpu.cc:1688: warn: kvm-x86: MSR (0x490) unsupported by gem5. Skipping.
src/arch/x86/kvm/x86_cpu.cc:1688: warn: kvm-x86: MSR (0x485) unsupported by gem5. Skipping.
src/arch/x86/kvm/x86_cpu.cc:1688: warn: kvm-x86: MSR (0x486) unsupported by gem5. Skipping.
src/arch/x86/kvm/x86_cpu.cc:1688: warn: kvm-x86: MSR (0x488) unsupported by gem5. Skipping.
src/arch/x86/kvm/x86_cpu.cc:1688: warn: kvm-x86: MSR (0x48a) unsupported by gem5. Skipping.
src/arch/x86/kvm/x86_cpu.cc:1688: warn: kvm-x86: MSR (0x48b) unsupported by gem5. Skipping.
src/arch/x86/kvm/x86_cpu.cc:1688: warn: kvm-x86: MSR (0x48c) unsupported by gem5. Skipping.
src/arch/x86/kvm/x86_cpu.cc:1688: warn: kvm-x86: MSR (0x491) unsupported by gem5. Skipping.
src/arch/x86/kvm/x86_cpu.cc:1688: warn: kvm-x86: MSR (0xc0010015) unsupported by gem5. Skipping.
src/arch/x86/kvm/x86_cpu.cc:1688: warn: kvm-x86: MSR (0x4b564d05) unsupported by gem5. Skipping.
src/arch/x86/kvm/x86_cpu.cc:563: warn: cs limit (0xffffffff) and g (0) combination is illegal.
src/arch/x86/kvm/x86_cpu.cc:563: warn: cs limit (0xffffffff) and g (0) combination is illegal.
src/arch/x86/kvm/x86_cpu.cc:563: warn: cs limit (0xffffffff) and g (0) combination is illegal.
src/arch/x86/kvm/x86_cpu.cc:1688: warn: kvm-x86: MSR (0x3a) unsupported by gem5. Skipping.
src/arch/x86/kvm/x86_cpu.cc:1688: warn: kvm-x86: MSR (0x48) unsupported by gem5. Skipping.
src/arch/x86/kvm/x86_cpu.cc:1688: warn: kvm-x86: MSR (0xe1) unsupported by gem5. Skipping.
src/arch/x86/kvm/x86_cpu.cc:1688: warn: kvm-x86: MSR (0x12) unsupported by gem5. Skipping.
src/arch/x86/kvm/x86_cpu.cc:1688: warn: kvm-x86: MSR (0x11) unsupported by gem5. Skipping.
src/arch/x86/kvm/x86_cpu.cc:1688: warn: kvm-x86: MSR (0x4b564d01) unsupported by gem5. Skipping.
src/arch/x86/kvm/x86_cpu.cc:1688: warn: kvm-x86: MSR (0x4b564d00) unsupported by gem5. Skipping.
src/arch/x86/kvm/x86_cpu.cc:1688: warn: kvm-x86: MSR (0x40000000) unsupported by gem5. Skipping.
src/arch/x86/kvm/x86_cpu.cc:1688: warn: kvm-x86: MSR (0x40000001) unsupported by gem5. Skipping.
src/arch/x86/kvm/x86_cpu.cc:1688: warn: kvm-x86: MSR (0x40000020) unsupported by gem5. Skipping.
src/arch/x86/kvm/x86_cpu.cc:1688: warn: kvm-x86: MSR (0x40000021) unsupported by gem5. Skipping.
src/arch/x86/kvm/x86_cpu.cc:1688: warn: kvm-x86: MSR (0x40000022) unsupported by gem5. Skipping.
src/arch/x86/kvm/x86_cpu.cc:1688: warn: kvm-x86: MSR (0x40000023) unsupported by gem5. Skipping.
src/arch/x86/kvm/x86_cpu.cc:1688: warn: kvm-x86: MSR (0x40000100) unsupported by gem5. Skipping.
src/arch/x86/kvm/x86_cpu.cc:1688: warn: kvm-x86: MSR (0x40000101) unsupported by gem5. Skipping.
src/arch/x86/kvm/x86_cpu.cc:1688: warn: kvm-x86: MSR (0x40000102) unsupported by gem5. Skipping.
src/arch/x86/kvm/x86_cpu.cc:1688: warn: kvm-x86: MSR (0x40000103) unsupported by gem5. Skipping.
src/arch/x86/kvm/x86_cpu.cc:1688: warn: kvm-x86: MSR (0x40000104) unsupported by gem5. Skipping.
src/arch/x86/kvm/x86_cpu.cc:1688: warn: kvm-x86: MSR (0x40000105) unsupported by gem5. Skipping.
src/arch/x86/kvm/x86_cpu.cc:1688: warn: kvm-x86: MSR (0x40000003) unsupported by gem5. Skipping.
src/arch/x86/kvm/x86_cpu.cc:1688: warn: kvm-x86: MSR (0x40000002) unsupported by gem5. Skipping.
src/arch/x86/kvm/x86_cpu.cc:1688: warn: kvm-x86: MSR (0x40000010) unsupported by gem5. Skipping.
src/arch/x86/kvm/x86_cpu.cc:1688: warn: kvm-x86: MSR (0x40000080) unsupported by gem5. Skipping.
src/arch/x86/kvm/x86_cpu.cc:1688: warn: kvm-x86: MSR (0x400000b0) unsupported by gem5. Skipping.
src/arch/x86/kvm/x86_cpu.cc:1688: warn: kvm-x86: MSR (0x40000073) unsupported by gem5. Skipping.
src/arch/x86/kvm/x86_cpu.cc:1688: warn: kvm-x86: MSR (0x40000106) unsupported by gem5. Skipping.
src/arch/x86/kvm/x86_cpu.cc:1688: warn: kvm-x86: MSR (0x40000107) unsupported by gem5. Skipping.
src/arch/x86/kvm/x86_cpu.cc:1688: warn: kvm-x86: MSR (0x40000108) unsupported by gem5. Skipping.
src/arch/x86/kvm/x86_cpu.cc:1688: warn: kvm-x86: MSR (0x40000118) unsupported by gem5. Skipping.
src/arch/x86/kvm/x86_cpu.cc:1688: warn: kvm-x86: MSR (0x400000ff) unsupported by gem5. Skipping.
src/arch/x86/kvm/x86_cpu.cc:1688: warn: kvm-x86: MSR (0x400000f1) unsupported by gem5. Skipping.
src/arch/x86/kvm/x86_cpu.cc:1688: warn: kvm-x86: MSR (0x400000f2) unsupported by gem5. Skipping.
src/arch/x86/kvm/x86_cpu.cc:1688: warn: kvm-x86: MSR (0x400000f3) unsupported by gem5. Skipping.
src/arch/x86/kvm/x86_cpu.cc:1688: warn: kvm-x86: MSR (0x400000f4) unsupported by gem5. Skipping.
src/arch/x86/kvm/x86_cpu.cc:1688: warn: kvm-x86: MSR (0x400000f5) unsupported by gem5. Skipping.
src/arch/x86/kvm/x86_cpu.cc:1688: warn: kvm-x86: MSR (0x4b564d02) unsupported by gem5. Skipping.
src/arch/x86/kvm/x86_cpu.cc:1688: warn: kvm-x86: MSR (0x4b564d03) unsupported by gem5. Skipping.
src/arch/x86/kvm/x86_cpu.cc:1688: warn: kvm-x86: MSR (0x4b564d04) unsupported by gem5. Skipping.
src/arch/x86/kvm/x86_cpu.cc:1688: warn: kvm-x86: MSR (0x4b564d06) unsupported by gem5. Skipping.
src/arch/x86/kvm/x86_cpu.cc:1688: warn: kvm-x86: MSR (0x4b564d07) unsupported by gem5. Skipping.
src/arch/x86/kvm/x86_cpu.cc:1688: warn: kvm-x86: MSR (0x3b) unsupported by gem5. Skipping.
src/arch/x86/kvm/x86_cpu.cc:1688: warn: kvm-x86: MSR (0x6e0) unsupported by gem5. Skipping.
src/arch/x86/kvm/x86_cpu.cc:1688: warn: kvm-x86: MSR (0x10a) unsupported by gem5. Skipping.
src/arch/x86/kvm/x86_cpu.cc:1688: warn: kvm-x86: MSR (0x345) unsupported by gem5. Skipping.
src/arch/x86/kvm/x86_cpu.cc:1688: warn: kvm-x86: MSR (0x1a0) unsupported by gem5. Skipping.
src/arch/x86/kvm/x86_cpu.cc:1688: warn: kvm-x86: MSR (0x4d0) unsupported by gem5. Skipping.
src/arch/x86/kvm/x86_cpu.cc:1688: warn: kvm-x86: MSR (0x9e) unsupported by gem5. Skipping.
src/arch/x86/kvm/x86_cpu.cc:1688: warn: kvm-x86: MSR (0x34) unsupported by gem5. Skipping.
src/arch/x86/kvm/x86_cpu.cc:1688: warn: kvm-x86: MSR (0xce) unsupported by gem5. Skipping.
src/arch/x86/kvm/x86_cpu.cc:1688: warn: kvm-x86: MSR (0x140) unsupported by gem5. Skipping.
src/arch/x86/kvm/x86_cpu.cc:1688: warn: kvm-x86: MSR (0x1fc) unsupported by gem5. Skipping.
src/arch/x86/kvm/x86_cpu.cc:1688: warn: kvm-x86: MSR (0x8b) unsupported by gem5. Skipping.
src/arch/x86/kvm/x86_cpu.cc:1688: warn: kvm-x86: MSR (0x480) unsupported by gem5. Skipping.
src/arch/x86/kvm/x86_cpu.cc:1688: warn: kvm-x86: MSR (0x48d) unsupported by gem5. Skipping.
src/arch/x86/kvm/x86_cpu.cc:1688: warn: kvm-x86: MSR (0x48e) unsupported by gem5. Skipping.
src/arch/x86/kvm/x86_cpu.cc:1688: warn: kvm-x86: MSR (0x48f) unsupported by gem5. Skipping.
src/arch/x86/kvm/x86_cpu.cc:1688: warn: kvm-x86: MSR (0x490) unsupported by gem5. Skipping.
src/arch/x86/kvm/x86_cpu.cc:1688: warn: kvm-x86: MSR (0x485) unsupported by gem5. Skipping.
src/arch/x86/kvm/x86_cpu.cc:1688: warn: kvm-x86: MSR (0x486) unsupported by gem5. Skipping.
src/arch/x86/kvm/x86_cpu.cc:1688: warn: kvm-x86: MSR (0x488) unsupported by gem5. Skipping.
src/arch/x86/kvm/x86_cpu.cc:1688: warn: kvm-x86: MSR (0x48a) unsupported by gem5. Skipping.
src/arch/x86/kvm/x86_cpu.cc:1688: warn: kvm-x86: MSR (0x48b) unsupported by gem5. Skipping.
src/arch/x86/kvm/x86_cpu.cc:1688: warn: kvm-x86: MSR (0x48c) unsupported by gem5. Skipping.
src/arch/x86/kvm/x86_cpu.cc:1688: warn: kvm-x86: MSR (0x491) unsupported by gem5. Skipping.
src/arch/x86/kvm/x86_cpu.cc:1688: warn: kvm-x86: MSR (0xc0010015) unsupported by gem5. Skipping.
src/arch/x86/kvm/x86_cpu.cc:1688: warn: kvm-x86: MSR (0x4b564d05) unsupported by gem5. Skipping.
src/arch/x86/kvm/x86_cpu.cc:563: warn: cs limit (0xffffffff) and g (0) combination is illegal.
src/arch/x86/kvm/x86_cpu.cc:563: warn: cs limit (0xffffffff) and g (0) combination is illegal.
src/arch/x86/kvm/x86_cpu.cc:563: warn: cs limit (0xffffffff) and g (0) combination is illegal.
src/arch/x86/kvm/x86_cpu.cc:1688: warn: kvm-x86: MSR (0x3a) unsupported by gem5. Skipping.
src/arch/x86/kvm/x86_cpu.cc:1688: warn: kvm-x86: MSR (0x48) unsupported by gem5. Skipping.
src/arch/x86/kvm/x86_cpu.cc:1688: warn: kvm-x86: MSR (0xe1) unsupported by gem5. Skipping.
src/arch/x86/kvm/x86_cpu.cc:1688: warn: kvm-x86: MSR (0x12) unsupported by gem5. Skipping.
src/arch/x86/kvm/x86_cpu.cc:1688: warn: kvm-x86: MSR (0x11) unsupported by gem5. Skipping.
src/arch/x86/kvm/x86_cpu.cc:1688: warn: kvm-x86: MSR (0x4b564d01) unsupported by gem5. Skipping.
src/arch/x86/kvm/x86_cpu.cc:1688: warn: kvm-x86: MSR (0x4b564d00) unsupported by gem5. Skipping.
src/arch/x86/kvm/x86_cpu.cc:1688: warn: kvm-x86: MSR (0x40000000) unsupported by gem5. Skipping.
src/arch/x86/kvm/x86_cpu.cc:1688: warn: kvm-x86: MSR (0x40000001) unsupported by gem5. Skipping.
src/arch/x86/kvm/x86_cpu.cc:1688: warn: kvm-x86: MSR (0x40000020) unsupported by gem5. Skipping.
src/arch/x86/kvm/x86_cpu.cc:1688: warn: kvm-x86: MSR (0x40000021) unsupported by gem5. Skipping.
src/arch/x86/kvm/x86_cpu.cc:1688: warn: kvm-x86: MSR (0x40000022) unsupported by gem5. Skipping.
src/arch/x86/kvm/x86_cpu.cc:1688: warn: kvm-x86: MSR (0x40000023) unsupported by gem5. Skipping.
src/arch/x86/kvm/x86_cpu.cc:1688: warn: kvm-x86: MSR (0x40000100) unsupported by gem5. Skipping.
src/arch/x86/kvm/x86_cpu.cc:1688: warn: kvm-x86: MSR (0x40000101) unsupported by gem5. Skipping.
src/arch/x86/kvm/x86_cpu.cc:1688: warn: kvm-x86: MSR (0x40000102) unsupported by gem5. Skipping.
src/arch/x86/kvm/x86_cpu.cc:1688: warn: kvm-x86: MSR (0x40000103) unsupported by gem5. Skipping.
src/arch/x86/kvm/x86_cpu.cc:1688: warn: kvm-x86: MSR (0x40000104) unsupported by gem5. Skipping.
src/arch/x86/kvm/x86_cpu.cc:1688: warn: kvm-x86: MSR (0x40000105) unsupported by gem5. Skipping.
src/arch/x86/kvm/x86_cpu.cc:1688: warn: kvm-x86: MSR (0x40000003) unsupported by gem5. Skipping.
src/arch/x86/kvm/x86_cpu.cc:1688: warn: kvm-x86: MSR (0x40000002) unsupported by gem5. Skipping.
src/arch/x86/kvm/x86_cpu.cc:1688: warn: kvm-x86: MSR (0x40000010) unsupported by gem5. Skipping.
src/arch/x86/kvm/x86_cpu.cc:1688: warn: kvm-x86: MSR (0x40000080) unsupported by gem5. Skipping.
src/arch/x86/kvm/x86_cpu.cc:1688: warn: kvm-x86: MSR (0x400000b0) unsupported by gem5. Skipping.
src/arch/x86/kvm/x86_cpu.cc:1688: warn: kvm-x86: MSR (0x40000073) unsupported by gem5. Skipping.
src/arch/x86/kvm/x86_cpu.cc:1688: warn: kvm-x86: MSR (0x40000106) unsupported by gem5. Skipping.
src/arch/x86/kvm/x86_cpu.cc:1688: warn: kvm-x86: MSR (0x40000107) unsupported by gem5. Skipping.
src/arch/x86/kvm/x86_cpu.cc:1688: warn: kvm-x86: MSR (0x40000108) unsupported by gem5. Skipping.
src/arch/x86/kvm/x86_cpu.cc:1688: warn: kvm-x86: MSR (0x40000118) unsupported by gem5. Skipping.
src/arch/x86/kvm/x86_cpu.cc:1688: warn: kvm-x86: MSR (0x400000ff) unsupported by gem5. Skipping.
src/arch/x86/kvm/x86_cpu.cc:1688: warn: kvm-x86: MSR (0x400000f1) unsupported by gem5. Skipping.
src/arch/x86/kvm/x86_cpu.cc:1688: warn: kvm-x86: MSR (0x400000f2) unsupported by gem5. Skipping.
src/arch/x86/kvm/x86_cpu.cc:1688: warn: kvm-x86: MSR (0x400000f3) unsupported by gem5. Skipping.
src/arch/x86/kvm/x86_cpu.cc:1688: warn: kvm-x86: MSR (0x400000f4) unsupported by gem5. Skipping.
src/arch/x86/kvm/x86_cpu.cc:1688: warn: kvm-x86: MSR (0x400000f5) unsupported by gem5. Skipping.
src/arch/x86/kvm/x86_cpu.cc:1688: warn: kvm-x86: MSR (0x4b564d02) unsupported by gem5. Skipping.
src/arch/x86/kvm/x86_cpu.cc:1688: warn: kvm-x86: MSR (0x4b564d03) unsupported by gem5. Skipping.
src/arch/x86/kvm/x86_cpu.cc:1688: warn: kvm-x86: MSR (0x4b564d04) unsupported by gem5. Skipping.
src/arch/x86/kvm/x86_cpu.cc:1688: warn: kvm-x86: MSR (0x4b564d06) unsupported by gem5. Skipping.
src/arch/x86/kvm/x86_cpu.cc:1688: warn: kvm-x86: MSR (0x4b564d07) unsupported by gem5. Skipping.
src/arch/x86/kvm/x86_cpu.cc:1688: warn: kvm-x86: MSR (0x3b) unsupported by gem5. Skipping.
src/arch/x86/kvm/x86_cpu.cc:1688: warn: kvm-x86: MSR (0x6e0) unsupported by gem5. Skipping.
src/arch/x86/kvm/x86_cpu.cc:1688: warn: kvm-x86: MSR (0x10a) unsupported by gem5. Skipping.
src/arch/x86/kvm/x86_cpu.cc:1688: warn: kvm-x86: MSR (0x345) unsupported by gem5. Skipping.
src/arch/x86/kvm/x86_cpu.cc:1688: warn: kvm-x86: MSR (0x1a0) unsupported by gem5. Skipping.
src/arch/x86/kvm/x86_cpu.cc:1688: warn: kvm-x86: MSR (0x4d0) unsupported by gem5. Skipping.
src/arch/x86/kvm/x86_cpu.cc:1688: warn: kvm-x86: MSR (0x9e) unsupported by gem5. Skipping.
src/arch/x86/kvm/x86_cpu.cc:1688: warn: kvm-x86: MSR (0x34) unsupported by gem5. Skipping.
src/arch/x86/kvm/x86_cpu.cc:1688: warn: kvm-x86: MSR (0xce) unsupported by gem5. Skipping.
src/arch/x86/kvm/x86_cpu.cc:1688: warn: kvm-x86: MSR (0x140) unsupported by gem5. Skipping.
src/arch/x86/kvm/x86_cpu.cc:1688: warn: kvm-x86: MSR (0x1fc) unsupported by gem5. Skipping.
src/arch/x86/kvm/x86_cpu.cc:1688: warn: kvm-x86: MSR (0x8b) unsupported by gem5. Skipping.
src/arch/x86/kvm/x86_cpu.cc:1688: warn: kvm-x86: MSR (0x480) unsupported by gem5. Skipping.
src/arch/x86/kvm/x86_cpu.cc:1688: warn: kvm-x86: MSR (0x48d) unsupported by gem5. Skipping.
src/arch/x86/kvm/x86_cpu.cc:1688: warn: kvm-x86: MSR (0x48e) unsupported by gem5. Skipping.
src/arch/x86/kvm/x86_cpu.cc:1688: warn: kvm-x86: MSR (0x48f) unsupported by gem5. Skipping.
src/arch/x86/kvm/x86_cpu.cc:1688: warn: kvm-x86: MSR (0x490) unsupported by gem5. Skipping.
src/arch/x86/kvm/x86_cpu.cc:1688: warn: kvm-x86: MSR (0x485) unsupported by gem5. Skipping.
src/arch/x86/kvm/x86_cpu.cc:1688: warn: kvm-x86: MSR (0x486) unsupported by gem5. Skipping.
src/arch/x86/kvm/x86_cpu.cc:1688: warn: kvm-x86: MSR (0x488) unsupported by gem5. Skipping.
src/arch/x86/kvm/x86_cpu.cc:1688: warn: kvm-x86: MSR (0x48a) unsupported by gem5. Skipping.
src/arch/x86/kvm/x86_cpu.cc:1688: warn: kvm-x86: MSR (0x48b) unsupported by gem5. Skipping.
src/arch/x86/kvm/x86_cpu.cc:1688: warn: kvm-x86: MSR (0x48c) unsupported by gem5. Skipping.
src/arch/x86/kvm/x86_cpu.cc:1688: warn: kvm-x86: MSR (0x491) unsupported by gem5. Skipping.
src/arch/x86/kvm/x86_cpu.cc:1688: warn: kvm-x86: MSR (0xc0010015) unsupported by gem5. Skipping.
src/arch/x86/kvm/x86_cpu.cc:1688: warn: kvm-x86: MSR (0x4b564d05) unsupported by gem5. Skipping.
src/arch/x86/kvm/x86_cpu.cc:563: warn: cs limit (0xffffffff) and g (0) combination is illegal.
src/arch/x86/kvm/x86_cpu.cc:563: warn: cs limit (0xffffffff) and g (0) combination is illegal.
src/arch/x86/kvm/x86_cpu.cc:563: warn: cs limit (0xffffffff) and g (0) combination is illegal.
src/arch/x86/kvm/x86_cpu.cc:1688: warn: kvm-x86: MSR (0x3a) unsupported by gem5. Skipping.
src/arch/x86/kvm/x86_cpu.cc:1688: warn: kvm-x86: MSR (0x48) unsupported by gem5. Skipping.
src/arch/x86/kvm/x86_cpu.cc:1688: warn: kvm-x86: MSR (0xe1) unsupported by gem5. Skipping.
src/arch/x86/kvm/x86_cpu.cc:1688: warn: kvm-x86: MSR (0x12) unsupported by gem5. Skipping.
src/arch/x86/kvm/x86_cpu.cc:1688: warn: kvm-x86: MSR (0x11) unsupported by gem5. Skipping.
src/arch/x86/kvm/x86_cpu.cc:1688: warn: kvm-x86: MSR (0x4b564d01) unsupported by gem5. Skipping.
src/arch/x86/kvm/x86_cpu.cc:1688: warn: kvm-x86: MSR (0x4b564d00) unsupported by gem5. Skipping.
src/arch/x86/kvm/x86_cpu.cc:1688: warn: kvm-x86: MSR (0x40000000) unsupported by gem5. Skipping.
src/arch/x86/kvm/x86_cpu.cc:1688: warn: kvm-x86: MSR (0x40000001) unsupported by gem5. Skipping.
src/arch/x86/kvm/x86_cpu.cc:1688: warn: kvm-x86: MSR (0x40000020) unsupported by gem5. Skipping.
src/arch/x86/kvm/x86_cpu.cc:1688: warn: kvm-x86: MSR (0x40000021) unsupported by gem5. Skipping.
src/arch/x86/kvm/x86_cpu.cc:1688: warn: kvm-x86: MSR (0x40000022) unsupported by gem5. Skipping.
src/arch/x86/kvm/x86_cpu.cc:1688: warn: kvm-x86: MSR (0x40000023) unsupported by gem5. Skipping.
src/arch/x86/kvm/x86_cpu.cc:1688: warn: kvm-x86: MSR (0x40000100) unsupported by gem5. Skipping.
src/arch/x86/kvm/x86_cpu.cc:1688: warn: kvm-x86: MSR (0x40000101) unsupported by gem5. Skipping.
src/arch/x86/kvm/x86_cpu.cc:1688: warn: kvm-x86: MSR (0x40000102) unsupported by gem5. Skipping.
src/arch/x86/kvm/x86_cpu.cc:1688: warn: kvm-x86: MSR (0x40000103) unsupported by gem5. Skipping.
src/arch/x86/kvm/x86_cpu.cc:1688: warn: kvm-x86: MSR (0x40000104) unsupported by gem5. Skipping.
src/arch/x86/kvm/x86_cpu.cc:1688: warn: kvm-x86: MSR (0x40000105) unsupported by gem5. Skipping.
src/arch/x86/kvm/x86_cpu.cc:1688: warn: kvm-x86: MSR (0x40000003) unsupported by gem5. Skipping.
src/arch/x86/kvm/x86_cpu.cc:1688: warn: kvm-x86: MSR (0x40000002) unsupported by gem5. Skipping.
src/arch/x86/kvm/x86_cpu.cc:1688: warn: kvm-x86: MSR (0x40000010) unsupported by gem5. Skipping.
src/arch/x86/kvm/x86_cpu.cc:1688: warn: kvm-x86: MSR (0x40000080) unsupported by gem5. Skipping.
src/arch/x86/kvm/x86_cpu.cc:1688: warn: kvm-x86: MSR (0x400000b0) unsupported by gem5. Skipping.
src/arch/x86/kvm/x86_cpu.cc:1688: warn: kvm-x86: MSR (0x40000073) unsupported by gem5. Skipping.
src/arch/x86/kvm/x86_cpu.cc:1688: warn: kvm-x86: MSR (0x40000106) unsupported by gem5. Skipping.
src/arch/x86/kvm/x86_cpu.cc:1688: warn: kvm-x86: MSR (0x40000107) unsupported by gem5. Skipping.
src/arch/x86/kvm/x86_cpu.cc:1688: warn: kvm-x86: MSR (0x40000108) unsupported by gem5. Skipping.
src/arch/x86/kvm/x86_cpu.cc:1688: warn: kvm-x86: MSR (0x40000118) unsupported by gem5. Skipping.
src/arch/x86/kvm/x86_cpu.cc:1688: warn: kvm-x86: MSR (0x400000ff) unsupported by gem5. Skipping.
src/arch/x86/kvm/x86_cpu.cc:1688: warn: kvm-x86: MSR (0x400000f1) unsupported by gem5. Skipping.
src/arch/x86/kvm/x86_cpu.cc:1688: warn: kvm-x86: MSR (0x400000f2) unsupported by gem5. Skipping.
src/arch/x86/kvm/x86_cpu.cc:1688: warn: kvm-x86: MSR (0x400000f3) unsupported by gem5. Skipping.
src/arch/x86/kvm/x86_cpu.cc:1688: warn: kvm-x86: MSR (0x400000f4) unsupported by gem5. Skipping.
src/arch/x86/kvm/x86_cpu.cc:1688: warn: kvm-x86: MSR (0x400000f5) unsupported by gem5. Skipping.
src/arch/x86/kvm/x86_cpu.cc:1688: warn: kvm-x86: MSR (0x4b564d02) unsupported by gem5. Skipping.
src/arch/x86/kvm/x86_cpu.cc:1688: warn: kvm-x86: MSR (0x4b564d03) unsupported by gem5. Skipping.
src/arch/x86/kvm/x86_cpu.cc:1688: warn: kvm-x86: MSR (0x4b564d04) unsupported by gem5. Skipping.
src/arch/x86/kvm/x86_cpu.cc:1688: warn: kvm-x86: MSR (0x4b564d06) unsupported by gem5. Skipping.
src/arch/x86/kvm/x86_cpu.cc:1688: warn: kvm-x86: MSR (0x4b564d07) unsupported by gem5. Skipping.
src/arch/x86/kvm/x86_cpu.cc:1688: warn: kvm-x86: MSR (0x3b) unsupported by gem5. Skipping.
src/arch/x86/kvm/x86_cpu.cc:1688: warn: kvm-x86: MSR (0x6e0) unsupported by gem5. Skipping.
src/arch/x86/kvm/x86_cpu.cc:1688: warn: kvm-x86: MSR (0x10a) unsupported by gem5. Skipping.
src/arch/x86/kvm/x86_cpu.cc:1688: warn: kvm-x86: MSR (0x345) unsupported by gem5. Skipping.
src/arch/x86/kvm/x86_cpu.cc:1688: warn: kvm-x86: MSR (0x1a0) unsupported by gem5. Skipping.
src/arch/x86/kvm/x86_cpu.cc:1688: warn: kvm-x86: MSR (0x4d0) unsupported by gem5. Skipping.
src/arch/x86/kvm/x86_cpu.cc:1688: warn: kvm-x86: MSR (0x9e) unsupported by gem5. Skipping.
src/arch/x86/kvm/x86_cpu.cc:1688: warn: kvm-x86: MSR (0x34) unsupported by gem5. Skipping.
src/arch/x86/kvm/x86_cpu.cc:1688: warn: kvm-x86: MSR (0xce) unsupported by gem5. Skipping.
src/arch/x86/kvm/x86_cpu.cc:1688: warn: kvm-x86: MSR (0x140) unsupported by gem5. Skipping.
src/arch/x86/kvm/x86_cpu.cc:1688: warn: kvm-x86: MSR (0x1fc) unsupported by gem5. Skipping.
src/arch/x86/kvm/x86_cpu.cc:1688: warn: kvm-x86: MSR (0x8b) unsupported by gem5. Skipping.
src/arch/x86/kvm/x86_cpu.cc:1688: warn: kvm-x86: MSR (0x480) unsupported by gem5. Skipping.
src/arch/x86/kvm/x86_cpu.cc:1688: warn: kvm-x86: MSR (0x48d) unsupported by gem5. Skipping.
src/arch/x86/kvm/x86_cpu.cc:1688: warn: kvm-x86: MSR (0x48e) unsupported by gem5. Skipping.
src/arch/x86/kvm/x86_cpu.cc:1688: warn: kvm-x86: MSR (0x48f) unsupported by gem5. Skipping.
src/arch/x86/kvm/x86_cpu.cc:1688: warn: kvm-x86: MSR (0x490) unsupported by gem5. Skipping.
src/arch/x86/kvm/x86_cpu.cc:1688: warn: kvm-x86: MSR (0x485) unsupported by gem5. Skipping.
src/arch/x86/kvm/x86_cpu.cc:1688: warn: kvm-x86: MSR (0x486) unsupported by gem5. Skipping.
src/arch/x86/kvm/x86_cpu.cc:1688: warn: kvm-x86: MSR (0x488) unsupported by gem5. Skipping.
src/arch/x86/kvm/x86_cpu.cc:1688: warn: kvm-x86: MSR (0x48a) unsupported by gem5. Skipping.
src/arch/x86/kvm/x86_cpu.cc:1688: warn: kvm-x86: MSR (0x48b) unsupported by gem5. Skipping.
src/arch/x86/kvm/x86_cpu.cc:1688: warn: kvm-x86: MSR (0x48c) unsupported by gem5. Skipping.
src/arch/x86/kvm/x86_cpu.cc:1688: warn: kvm-x86: MSR (0x491) unsupported by gem5. Skipping.
src/arch/x86/kvm/x86_cpu.cc:1688: warn: kvm-x86: MSR (0xc0010015) unsupported by gem5. Skipping.
src/arch/x86/kvm/x86_cpu.cc:1688: warn: kvm-x86: MSR (0x4b564d05) unsupported by gem5. Skipping.
src/arch/x86/kvm/x86_cpu.cc:563: warn: cs limit (0xffffffff) and g (0) combination is illegal.
src/arch/x86/kvm/x86_cpu.cc:563: warn: cs limit (0xffffffff) and g (0) combination is illegal.
src/arch/x86/kvm/x86_cpu.cc:563: warn: cs limit (0xffffffff) and g (0) combination is illegal.
src/arch/x86/kvm/x86_cpu.cc:1688: warn: kvm-x86: MSR (0x3a) unsupported by gem5. Skipping.
src/arch/x86/kvm/x86_cpu.cc:1688: warn: kvm-x86: MSR (0x48) unsupported by gem5. Skipping.
src/arch/x86/kvm/x86_cpu.cc:1688: warn: kvm-x86: MSR (0xe1) unsupported by gem5. Skipping.
src/arch/x86/kvm/x86_cpu.cc:1688: warn: kvm-x86: MSR (0x12) unsupported by gem5. Skipping.
src/arch/x86/kvm/x86_cpu.cc:1688: warn: kvm-x86: MSR (0x11) unsupported by gem5. Skipping.
src/arch/x86/kvm/x86_cpu.cc:1688: warn: kvm-x86: MSR (0x4b564d01) unsupported by gem5. Skipping.
src/arch/x86/kvm/x86_cpu.cc:1688: warn: kvm-x86: MSR (0x4b564d00) unsupported by gem5. Skipping.
src/arch/x86/kvm/x86_cpu.cc:1688: warn: kvm-x86: MSR (0x40000000) unsupported by gem5. Skipping.
src/arch/x86/kvm/x86_cpu.cc:1688: warn: kvm-x86: MSR (0x40000001) unsupported by gem5. Skipping.
src/arch/x86/kvm/x86_cpu.cc:1688: warn: kvm-x86: MSR (0x40000020) unsupported by gem5. Skipping.
src/arch/x86/kvm/x86_cpu.cc:1688: warn: kvm-x86: MSR (0x40000021) unsupported by gem5. Skipping.
src/arch/x86/kvm/x86_cpu.cc:1688: warn: kvm-x86: MSR (0x40000022) unsupported by gem5. Skipping.
src/arch/x86/kvm/x86_cpu.cc:1688: warn: kvm-x86: MSR (0x40000023) unsupported by gem5. Skipping.
src/arch/x86/kvm/x86_cpu.cc:1688: warn: kvm-x86: MSR (0x40000100) unsupported by gem5. Skipping.
src/arch/x86/kvm/x86_cpu.cc:1688: warn: kvm-x86: MSR (0x40000101) unsupported by gem5. Skipping.
src/arch/x86/kvm/x86_cpu.cc:1688: warn: kvm-x86: MSR (0x40000102) unsupported by gem5. Skipping.
src/arch/x86/kvm/x86_cpu.cc:1688: warn: kvm-x86: MSR (0x40000103) unsupported by gem5. Skipping.
src/arch/x86/kvm/x86_cpu.cc:1688: warn: kvm-x86: MSR (0x40000104) unsupported by gem5. Skipping.
src/arch/x86/kvm/x86_cpu.cc:1688: warn: kvm-x86: MSR (0x40000105) unsupported by gem5. Skipping.
src/arch/x86/kvm/x86_cpu.cc:1688: warn: kvm-x86: MSR (0x40000003) unsupported by gem5. Skipping.
src/arch/x86/kvm/x86_cpu.cc:1688: warn: kvm-x86: MSR (0x40000002) unsupported by gem5. Skipping.
src/arch/x86/kvm/x86_cpu.cc:1688: warn: kvm-x86: MSR (0x40000010) unsupported by gem5. Skipping.
src/arch/x86/kvm/x86_cpu.cc:1688: warn: kvm-x86: MSR (0x40000080) unsupported by gem5. Skipping.
src/arch/x86/kvm/x86_cpu.cc:1688: warn: kvm-x86: MSR (0x400000b0) unsupported by gem5. Skipping.
src/arch/x86/kvm/x86_cpu.cc:1688: warn: kvm-x86: MSR (0x40000073) unsupported by gem5. Skipping.
src/arch/x86/kvm/x86_cpu.cc:1688: warn: kvm-x86: MSR (0x40000106) unsupported by gem5. Skipping.
src/arch/x86/kvm/x86_cpu.cc:1688: warn: kvm-x86: MSR (0x40000107) unsupported by gem5. Skipping.
src/arch/x86/kvm/x86_cpu.cc:1688: warn: kvm-x86: MSR (0x40000108) unsupported by gem5. Skipping.
src/arch/x86/kvm/x86_cpu.cc:1688: warn: kvm-x86: MSR (0x40000118) unsupported by gem5. Skipping.
src/arch/x86/kvm/x86_cpu.cc:1688: warn: kvm-x86: MSR (0x400000ff) unsupported by gem5. Skipping.
src/arch/x86/kvm/x86_cpu.cc:1688: warn: kvm-x86: MSR (0x400000f1) unsupported by gem5. Skipping.
src/arch/x86/kvm/x86_cpu.cc:1688: warn: kvm-x86: MSR (0x400000f2) unsupported by gem5. Skipping.
src/arch/x86/kvm/x86_cpu.cc:1688: warn: kvm-x86: MSR (0x400000f3) unsupported by gem5. Skipping.
src/arch/x86/kvm/x86_cpu.cc:1688: warn: kvm-x86: MSR (0x400000f4) unsupported by gem5. Skipping.
src/arch/x86/kvm/x86_cpu.cc:1688: warn: kvm-x86: MSR (0x400000f5) unsupported by gem5. Skipping.
src/arch/x86/kvm/x86_cpu.cc:1688: warn: kvm-x86: MSR (0x4b564d02) unsupported by gem5. Skipping.
src/arch/x86/kvm/x86_cpu.cc:1688: warn: kvm-x86: MSR (0x4b564d03) unsupported by gem5. Skipping.
src/arch/x86/kvm/x86_cpu.cc:1688: warn: kvm-x86: MSR (0x4b564d04) unsupported by gem5. Skipping.
src/arch/x86/kvm/x86_cpu.cc:1688: warn: kvm-x86: MSR (0x4b564d06) unsupported by gem5. Skipping.
src/arch/x86/kvm/x86_cpu.cc:1688: warn: kvm-x86: MSR (0x4b564d07) unsupported by gem5. Skipping.
src/arch/x86/kvm/x86_cpu.cc:1688: warn: kvm-x86: MSR (0x3b) unsupported by gem5. Skipping.
src/arch/x86/kvm/x86_cpu.cc:1688: warn: kvm-x86: MSR (0x6e0) unsupported by gem5. Skipping.
src/arch/x86/kvm/x86_cpu.cc:1688: warn: kvm-x86: MSR (0x10a) unsupported by gem5. Skipping.
src/arch/x86/kvm/x86_cpu.cc:1688: warn: kvm-x86: MSR (0x345) unsupported by gem5. Skipping.
src/arch/x86/kvm/x86_cpu.cc:1688: warn: kvm-x86: MSR (0x1a0) unsupported by gem5. Skipping.
src/arch/x86/kvm/x86_cpu.cc:1688: warn: kvm-x86: MSR (0x4d0) unsupported by gem5. Skipping.
src/arch/x86/kvm/x86_cpu.cc:1688: warn: kvm-x86: MSR (0x9e) unsupported by gem5. Skipping.
src/arch/x86/kvm/x86_cpu.cc:1688: warn: kvm-x86: MSR (0x34) unsupported by gem5. Skipping.
src/arch/x86/kvm/x86_cpu.cc:1688: warn: kvm-x86: MSR (0xce) unsupported by gem5. Skipping.
src/arch/x86/kvm/x86_cpu.cc:1688: warn: kvm-x86: MSR (0x140) unsupported by gem5. Skipping.
src/arch/x86/kvm/x86_cpu.cc:1688: warn: kvm-x86: MSR (0x1fc) unsupported by gem5. Skipping.
src/arch/x86/kvm/x86_cpu.cc:1688: warn: kvm-x86: MSR (0x8b) unsupported by gem5. Skipping.
src/arch/x86/kvm/x86_cpu.cc:1688: warn: kvm-x86: MSR (0x480) unsupported by gem5. Skipping.
src/arch/x86/kvm/x86_cpu.cc:1688: warn: kvm-x86: MSR (0x48d) unsupported by gem5. Skipping.
src/arch/x86/kvm/x86_cpu.cc:1688: warn: kvm-x86: MSR (0x48e) unsupported by gem5. Skipping.
src/arch/x86/kvm/x86_cpu.cc:1688: warn: kvm-x86: MSR (0x48f) unsupported by gem5. Skipping.
src/arch/x86/kvm/x86_cpu.cc:1688: warn: kvm-x86: MSR (0x490) unsupported by gem5. Skipping.
src/arch/x86/kvm/x86_cpu.cc:1688: warn: kvm-x86: MSR (0x485) unsupported by gem5. Skipping.
src/arch/x86/kvm/x86_cpu.cc:1688: warn: kvm-x86: MSR (0x486) unsupported by gem5. Skipping.
src/arch/x86/kvm/x86_cpu.cc:1688: warn: kvm-x86: MSR (0x488) unsupported by gem5. Skipping.
src/arch/x86/kvm/x86_cpu.cc:1688: warn: kvm-x86: MSR (0x48a) unsupported by gem5. Skipping.
src/arch/x86/kvm/x86_cpu.cc:1688: warn: kvm-x86: MSR (0x48b) unsupported by gem5. Skipping.
src/arch/x86/kvm/x86_cpu.cc:1688: warn: kvm-x86: MSR (0x48c) unsupported by gem5. Skipping.
src/arch/x86/kvm/x86_cpu.cc:1688: warn: kvm-x86: MSR (0x491) unsupported by gem5. Skipping.
src/arch/x86/kvm/x86_cpu.cc:1688: warn: kvm-x86: MSR (0xc0010015) unsupported by gem5. Skipping.
src/arch/x86/kvm/x86_cpu.cc:1688: warn: kvm-x86: MSR (0x4b564d05) unsupported by gem5. Skipping.
src/arch/x86/kvm/x86_cpu.cc:563: warn: cs limit (0xffffffff) and g (0) combination is illegal.
src/arch/x86/kvm/x86_cpu.cc:563: warn: cs limit (0xffffffff) and g (0) combination is illegal.
src/arch/x86/kvm/x86_cpu.cc:563: warn: cs limit (0xffffffff) and g (0) combination is illegal.
src/arch/x86/kvm/x86_cpu.cc:1688: warn: kvm-x86: MSR (0x3a) unsupported by gem5. Skipping.
src/arch/x86/kvm/x86_cpu.cc:1688: warn: kvm-x86: MSR (0x48) unsupported by gem5. Skipping.
src/arch/x86/kvm/x86_cpu.cc:1688: warn: kvm-x86: MSR (0xe1) unsupported by gem5. Skipping.
src/arch/x86/kvm/x86_cpu.cc:1688: warn: kvm-x86: MSR (0x12) unsupported by gem5. Skipping.
src/arch/x86/kvm/x86_cpu.cc:1688: warn: kvm-x86: MSR (0x11) unsupported by gem5. Skipping.
src/arch/x86/kvm/x86_cpu.cc:1688: warn: kvm-x86: MSR (0x4b564d01) unsupported by gem5. Skipping.
src/arch/x86/kvm/x86_cpu.cc:1688: warn: kvm-x86: MSR (0x4b564d00) unsupported by gem5. Skipping.
src/arch/x86/kvm/x86_cpu.cc:1688: warn: kvm-x86: MSR (0x40000000) unsupported by gem5. Skipping.
src/arch/x86/kvm/x86_cpu.cc:1688: warn: kvm-x86: MSR (0x40000001) unsupported by gem5. Skipping.
src/arch/x86/kvm/x86_cpu.cc:1688: warn: kvm-x86: MSR (0x40000020) unsupported by gem5. Skipping.
src/arch/x86/kvm/x86_cpu.cc:1688: warn: kvm-x86: MSR (0x40000021) unsupported by gem5. Skipping.
src/arch/x86/kvm/x86_cpu.cc:1688: warn: kvm-x86: MSR (0x40000022) unsupported by gem5. Skipping.
src/arch/x86/kvm/x86_cpu.cc:1688: warn: kvm-x86: MSR (0x40000023) unsupported by gem5. Skipping.
src/arch/x86/kvm/x86_cpu.cc:1688: warn: kvm-x86: MSR (0x40000100) unsupported by gem5. Skipping.
src/arch/x86/kvm/x86_cpu.cc:1688: warn: kvm-x86: MSR (0x40000101) unsupported by gem5. Skipping.
src/arch/x86/kvm/x86_cpu.cc:1688: warn: kvm-x86: MSR (0x40000102) unsupported by gem5. Skipping.
src/arch/x86/kvm/x86_cpu.cc:1688: warn: kvm-x86: MSR (0x40000103) unsupported by gem5. Skipping.
src/arch/x86/kvm/x86_cpu.cc:1688: warn: kvm-x86: MSR (0x40000104) unsupported by gem5. Skipping.
src/arch/x86/kvm/x86_cpu.cc:1688: warn: kvm-x86: MSR (0x40000105) unsupported by gem5. Skipping.
src/arch/x86/kvm/x86_cpu.cc:1688: warn: kvm-x86: MSR (0x40000003) unsupported by gem5. Skipping.
src/arch/x86/kvm/x86_cpu.cc:1688: warn: kvm-x86: MSR (0x40000002) unsupported by gem5. Skipping.
src/arch/x86/kvm/x86_cpu.cc:1688: warn: kvm-x86: MSR (0x40000010) unsupported by gem5. Skipping.
src/arch/x86/kvm/x86_cpu.cc:1688: warn: kvm-x86: MSR (0x40000080) unsupported by gem5. Skipping.
src/arch/x86/kvm/x86_cpu.cc:1688: warn: kvm-x86: MSR (0x400000b0) unsupported by gem5. Skipping.
src/arch/x86/kvm/x86_cpu.cc:1688: warn: kvm-x86: MSR (0x40000073) unsupported by gem5. Skipping.
src/arch/x86/kvm/x86_cpu.cc:1688: warn: kvm-x86: MSR (0x40000106) unsupported by gem5. Skipping.
src/arch/x86/kvm/x86_cpu.cc:1688: warn: kvm-x86: MSR (0x40000107) unsupported by gem5. Skipping.
src/arch/x86/kvm/x86_cpu.cc:1688: warn: kvm-x86: MSR (0x40000108) unsupported by gem5. Skipping.
src/arch/x86/kvm/x86_cpu.cc:1688: warn: kvm-x86: MSR (0x40000118) unsupported by gem5. Skipping.
src/arch/x86/kvm/x86_cpu.cc:1688: warn: kvm-x86: MSR (0x400000ff) unsupported by gem5. Skipping.
src/arch/x86/kvm/x86_cpu.cc:1688: warn: kvm-x86: MSR (0x400000f1) unsupported by gem5. Skipping.
src/arch/x86/kvm/x86_cpu.cc:1688: warn: kvm-x86: MSR (0x400000f2) unsupported by gem5. Skipping.
src/arch/x86/kvm/x86_cpu.cc:1688: warn: kvm-x86: MSR (0x400000f3) unsupported by gem5. Skipping.
src/arch/x86/kvm/x86_cpu.cc:1688: warn: kvm-x86: MSR (0x400000f4) unsupported by gem5. Skipping.
src/arch/x86/kvm/x86_cpu.cc:1688: warn: kvm-x86: MSR (0x400000f5) unsupported by gem5. Skipping.
src/arch/x86/kvm/x86_cpu.cc:1688: warn: kvm-x86: MSR (0x4b564d02) unsupported by gem5. Skipping.
src/arch/x86/kvm/x86_cpu.cc:1688: warn: kvm-x86: MSR (0x4b564d03) unsupported by gem5. Skipping.
src/arch/x86/kvm/x86_cpu.cc:1688: warn: kvm-x86: MSR (0x4b564d04) unsupported by gem5. Skipping.
src/arch/x86/kvm/x86_cpu.cc:1688: warn: kvm-x86: MSR (0x4b564d06) unsupported by gem5. Skipping.
src/arch/x86/kvm/x86_cpu.cc:1688: warn: kvm-x86: MSR (0x4b564d07) unsupported by gem5. Skipping.
src/arch/x86/kvm/x86_cpu.cc:1688: warn: kvm-x86: MSR (0x3b) unsupported by gem5. Skipping.
src/arch/x86/kvm/x86_cpu.cc:1688: warn: kvm-x86: MSR (0x6e0) unsupported by gem5. Skipping.
src/arch/x86/kvm/x86_cpu.cc:1688: warn: kvm-x86: MSR (0x10a) unsupported by gem5. Skipping.
src/arch/x86/kvm/x86_cpu.cc:1688: warn: kvm-x86: MSR (0x345) unsupported by gem5. Skipping.
src/arch/x86/kvm/x86_cpu.cc:1688: warn: kvm-x86: MSR (0x1a0) unsupported by gem5. Skipping.
src/arch/x86/kvm/x86_cpu.cc:1688: warn: kvm-x86: MSR (0x4d0) unsupported by gem5. Skipping.
src/arch/x86/kvm/x86_cpu.cc:1688: warn: kvm-x86: MSR (0x9e) unsupported by gem5. Skipping.
src/arch/x86/kvm/x86_cpu.cc:1688: warn: kvm-x86: MSR (0x34) unsupported by gem5. Skipping.
src/arch/x86/kvm/x86_cpu.cc:1688: warn: kvm-x86: MSR (0xce) unsupported by gem5. Skipping.
src/arch/x86/kvm/x86_cpu.cc:1688: warn: kvm-x86: MSR (0x140) unsupported by gem5. Skipping.
src/arch/x86/kvm/x86_cpu.cc:1688: warn: kvm-x86: MSR (0x1fc) unsupported by gem5. Skipping.
src/arch/x86/kvm/x86_cpu.cc:1688: warn: kvm-x86: MSR (0x8b) unsupported by gem5. Skipping.
src/arch/x86/kvm/x86_cpu.cc:1688: warn: kvm-x86: MSR (0x480) unsupported by gem5. Skipping.
src/arch/x86/kvm/x86_cpu.cc:1688: warn: kvm-x86: MSR (0x48d) unsupported by gem5. Skipping.
src/arch/x86/kvm/x86_cpu.cc:1688: warn: kvm-x86: MSR (0x48e) unsupported by gem5. Skipping.
src/arch/x86/kvm/x86_cpu.cc:1688: warn: kvm-x86: MSR (0x48f) unsupported by gem5. Skipping.
src/arch/x86/kvm/x86_cpu.cc:1688: warn: kvm-x86: MSR (0x490) unsupported by gem5. Skipping.
src/arch/x86/kvm/x86_cpu.cc:1688: warn: kvm-x86: MSR (0x485) unsupported by gem5. Skipping.
src/arch/x86/kvm/x86_cpu.cc:1688: warn: kvm-x86: MSR (0x486) unsupported by gem5. Skipping.
src/arch/x86/kvm/x86_cpu.cc:1688: warn: kvm-x86: MSR (0x488) unsupported by gem5. Skipping.
src/arch/x86/kvm/x86_cpu.cc:1688: warn: kvm-x86: MSR (0x48a) unsupported by gem5. Skipping.
src/arch/x86/kvm/x86_cpu.cc:1688: warn: kvm-x86: MSR (0x48b) unsupported by gem5. Skipping.
src/arch/x86/kvm/x86_cpu.cc:1688: warn: kvm-x86: MSR (0x48c) unsupported by gem5. Skipping.
src/arch/x86/kvm/x86_cpu.cc:1688: warn: kvm-x86: MSR (0x491) unsupported by gem5. Skipping.
src/arch/x86/kvm/x86_cpu.cc:1688: warn: kvm-x86: MSR (0xc0010015) unsupported by gem5. Skipping.
src/arch/x86/kvm/x86_cpu.cc:1688: warn: kvm-x86: MSR (0x4b564d05) unsupported by gem5. Skipping.
src/arch/x86/kvm/x86_cpu.cc:563: warn: cs limit (0xffffffff) and g (0) combination is illegal.
src/arch/x86/kvm/x86_cpu.cc:563: warn: cs limit (0xffffffff) and g (0) combination is illegal.
src/dev/x86/pc.cc:117: warn: Don't know what interrupt to clear for console.
src/dev/x86/i8042.cc:290: warn: Write to unknown i8042 (keyboard controller) command port.
src/sim/power_state.cc:105: warn: PowerState: Already in the requested power state, request ignored
Done booting Linux
Resetting stats at the start of ROI!
switching cpus
src/sim/simulate.cc:199: info: Entering event queue @ 17670626801884.  Starting simulation...
src/mem/ruby/system/Sequencer.cc:704: warn: Replacement policy updates recently became the responsibility of SLICC state machines. Make sure to setMRU() near callbacks in .sm files!
build/X86/arch/x86/generated/exec-ns.cc.inc:27: warn: instruction 'verw_Mw_or_Rv' unimplemented
build/X86/arch/x86/generated/exec-ns.cc.inc:27: warn: instruction 'verw_Mw_or_Rv' unimplemented
build/X86/arch/x86/generated/exec-ns.cc.inc:27: warn: instruction 'verw_Mw_or_Rv' unimplemented
build/X86/arch/x86/generated/exec-ns.cc.inc:27: warn: instruction 'verw_Mw_or_Rv' unimplemented
build/X86/arch/x86/generated/exec-ns.cc.inc:27: warn: instruction 'verw_Mw_or_Rv' unimplemented
build/X86/arch/x86/generated/exec-ns.cc.inc:27: warn: instruction 'verw_Mw_or_Rv' unimplemented
build/X86/arch/x86/generated/exec-ns.cc.inc:27: warn: instruction 'verw_Mw_or_Rv' unimplemented
build/X86/arch/x86/generated/exec-ns.cc.inc:27: warn: instruction 'verw_Mw_or_Rv' unimplemented
build/X86/arch/x86/generated/exec-ns.cc.inc:27: warn: instruction 'verw_Mw_or_Rv' unimplemented
build/X86/arch/x86/generated/exec-ns.cc.inc:27: warn: instruction 'verw_Mw_or_Rv' unimplemented
build/X86/arch/x86/generated/exec-ns.cc.inc:27: warn: instruction 'verw_Mw_or_Rv' unimplemented
build/X86/arch/x86/generated/exec-ns.cc.inc:27: warn: instruction 'verw_Mw_or_Rv' unimplemented
build/X86/arch/x86/generated/exec-ns.cc.inc:27: warn: instruction 'verw_Mw_or_Rv' unimplemented
build/X86/arch/x86/generated/exec-ns.cc.inc:27: warn: instruction 'verw_Mw_or_Rv' unimplemented
build/X86/arch/x86/generated/exec-ns.cc.inc:27: warn: instruction 'verw_Mw_or_Rv' unimplemented
build/X86/arch/x86/generated/exec-ns.cc.inc:27: warn: instruction 'verw_Mw_or_Rv' unimplemented
build/X86/arch/x86/generated/exec-ns.cc.inc:27: warn: instruction 'verw_Mw_or_Rv' unimplemented
build/X86/arch/x86/generated/exec-ns.cc.inc:27: warn: instruction 'verw_Mw_or_Rv' unimplemented
build/X86/arch/x86/generated/exec-ns.cc.inc:27: warn: instruction 'verw_Mw_or_Rv' unimplemented
build/X86/arch/x86/generated/exec-ns.cc.inc:27: warn: instruction 'verw_Mw_or_Rv' unimplemented
build/X86/arch/x86/generated/exec-ns.cc.inc:27: warn: instruction 'verw_Mw_or_Rv' unimplemented
build/X86/arch/x86/generated/exec-ns.cc.inc:27: warn: instruction 'verw_Mw_or_Rv' unimplemented
build/X86/arch/x86/generated/exec-ns.cc.inc:27: warn: instruction 'verw_Mw_or_Rv' unimplemented
build/X86/arch/x86/generated/exec-ns.cc.inc:27: warn: instruction 'verw_Mw_or_Rv' unimplemented
build/X86/arch/x86/generated/exec-ns.cc.inc:27: warn: instruction 'verw_Mw_or_Rv' unimplemented
build/X86/arch/x86/generated/exec-ns.cc.inc:27: warn: instruction 'verw_Mw_or_Rv' unimplemented
build/X86/arch/x86/generated/exec-ns.cc.inc:27: warn: instruction 'verw_Mw_or_Rv' unimplemented
build/X86/arch/x86/generated/exec-ns.cc.inc:27: warn: instruction 'verw_Mw_or_Rv' unimplemented
build/X86/arch/x86/generated/exec-ns.cc.inc:27: warn: instruction 'verw_Mw_or_Rv' unimplemented
build/X86/arch/x86/generated/exec-ns.cc.inc:27: warn: instruction 'verw_Mw_or_Rv' unimplemented
build/X86/arch/x86/generated/exec-ns.cc.inc:27: warn: instruction 'verw_Mw_or_Rv' unimplemented
build/X86/arch/x86/generated/exec-ns.cc.inc:27: warn: instruction 'verw_Mw_or_Rv' unimplemented
build/X86/arch/x86/generated/exec-ns.cc.inc:27: warn: instruction 'verw_Mw_or_Rv' unimplemented
build/X86/arch/x86/generated/exec-ns.cc.inc:27: warn: instruction 'verw_Mw_or_Rv' unimplemented
build/X86/arch/x86/generated/exec-ns.cc.inc:27: warn: instruction 'verw_Mw_or_Rv' unimplemented
build/X86/arch/x86/generated/exec-ns.cc.inc:27: warn: instruction 'verw_Mw_or_Rv' unimplemented
build/X86/arch/x86/generated/exec-ns.cc.inc:27: warn: instruction 'verw_Mw_or_Rv' unimplemented
build/X86/arch/x86/generated/exec-ns.cc.inc:27: warn: instruction 'verw_Mw_or_Rv' unimplemented
build/X86/arch/x86/generated/exec-ns.cc.inc:27: warn: instruction 'verw_Mw_or_Rv' unimplemented
build/X86/arch/x86/generated/exec-ns.cc.inc:27: warn: instruction 'verw_Mw_or_Rv' unimplemented
build/X86/arch/x86/generated/exec-ns.cc.inc:27: warn: instruction 'fwait' unimplemented
build/X86/arch/x86/generated/exec-ns.cc.inc:27: warn: instruction 'fwait' unimplemented
build/X86/arch/x86/generated/exec-ns.cc.inc:27: warn: instruction 'fwait' unimplemented
build/X86/arch/x86/generated/exec-ns.cc.inc:27: warn: instruction 'fwait' unimplemented
build/X86/arch/x86/generated/exec-ns.cc.inc:27: warn: instruction 'fwait' unimplemented
build/X86/arch/x86/generated/exec-ns.cc.inc:27: warn: instruction 'fwait' unimplemented
build/X86/arch/x86/generated/exec-ns.cc.inc:27: warn: instruction 'fwait' unimplemented
build/X86/arch/x86/generated/exec-ns.cc.inc:27: warn: instruction 'fwait' unimplemented
build/X86/arch/x86/generated/exec-ns.cc.inc:27: warn: instruction 'fwait' unimplemented
build/X86/arch/x86/generated/exec-ns.cc.inc:27: warn: instruction 'fwait' unimplemented
build/X86/arch/x86/generated/exec-ns.cc.inc:27: warn: instruction 'fwait' unimplemented
build/X86/arch/x86/generated/exec-ns.cc.inc:27: warn: instruction 'fwait' unimplemented
build/X86/arch/x86/generated/exec-ns.cc.inc:27: warn: instruction 'fwait' unimplemented
build/X86/arch/x86/generated/exec-ns.cc.inc:27: warn: instruction 'fwait' unimplemented
build/X86/arch/x86/generated/exec-ns.cc.inc:27: warn: instruction 'fwait' unimplemented
Dump stats at the end of the ROI!
All simulation events were successful.
Done with the simulation

Performance statistics:
Simulated time in ROI: 144530777881
Ran a total of 17.815157579765 simulated seconds
Total wallclock time: 4076.58s, 67.94 min

==========================================================
FINAL L2 MISS LATENCY REPORT (Per Memory Bank)
==========================================================
Config: 16 Banks, 64 bytes per stripe.
Controller: 0
  [Bank 0] EWMA: 75.3631 cycles | Samples: 3641
  [Bank 1] EWMA: 91.5092 cycles | Samples: 3821
  [Bank 2] EWMA: 88.824 cycles | Samples: 3302
  [Bank 3] EWMA: 595.157 cycles | Samples: 4434
  [Bank 4] EWMA: 80.4736 cycles | Samples: 3726
  [Bank 5] EWMA: 95.6621 cycles | Samples: 4102
  [Bank 6] EWMA: 1324.92 cycles | Samples: 3448
  [Bank 7] EWMA: 156.914 cycles | Samples: 4470
  [Bank 8] EWMA: 90.4963 cycles | Samples: 3542
  [Bank 9] EWMA: 161.064 cycles | Samples: 3718
  [Bank 10] EWMA: 110.706 cycles | Samples: 4376
  [Bank 11] EWMA: 240.031 cycles | Samples: 4858
  [Bank 12] EWMA: 137.6 cycles | Samples: 3672
  [Bank 13] EWMA: 371.797 cycles | Samples: 3768
  [Bank 14] EWMA: 185.045 cycles | Samples: 3646
  [Bank 15] EWMA: 222.81 cycles | Samples: 4248
----------------------------------------------------------
Controller: 1
  [Bank 0] EWMA: 226.153 cycles | Samples: 4420
  [Bank 1] EWMA: 51.8133 cycles | Samples: 5160
  [Bank 2] EWMA: 66.3734 cycles | Samples: 3673
  [Bank 3] EWMA: 89.6204 cycles | Samples: 4209
  [Bank 4] EWMA: 95.6393 cycles | Samples: 3987
  [Bank 5] EWMA: 64.3757 cycles | Samples: 4929
  [Bank 6] EWMA: 773463 cycles | Samples: 3755
  [Bank 7] EWMA: 100.029 cycles | Samples: 4604
  [Bank 8] EWMA: 129.348 cycles | Samples: 4082
  [Bank 9] EWMA: 140.949 cycles | Samples: 4922
  [Bank 10] EWMA: 195.801 cycles | Samples: 4894
  [Bank 11] EWMA: 360.403 cycles | Samples: 4793
  [Bank 12] EWMA: 190.76 cycles | Samples: 3854
  [Bank 13] EWMA: 906.843 cycles | Samples: 4835
  [Bank 14] EWMA: 148.447 cycles | Samples: 4116
  [Bank 15] EWMA: 398.967 cycles | Samples: 4494
----------------------------------------------------------
Controller: 2
  [Bank 0] EWMA: 76.7707 cycles | Samples: 4669
  [Bank 1] EWMA: 115.833 cycles | Samples: 5080
  [Bank 2] EWMA: 66.6724 cycles | Samples: 3702
  [Bank 3] EWMA: 71.3457 cycles | Samples: 4825
  [Bank 4] EWMA: 101.161 cycles | Samples: 3706
  [Bank 5] EWMA: 95.5743 cycles | Samples: 4977
  [Bank 6] EWMA: 71.2745 cycles | Samples: 3613
  [Bank 7] EWMA: 106.411 cycles | Samples: 4454
  [Bank 8] EWMA: 126.189 cycles | Samples: 3808
  [Bank 9] EWMA: 6705.08 cycles | Samples: 4530
  [Bank 10] EWMA: 1196.05 cycles | Samples: 4337
  [Bank 11] EWMA: 18106.6 cycles | Samples: 4571
  [Bank 12] EWMA: 130.548 cycles | Samples: 3901
  [Bank 13] EWMA: 1875.49 cycles | Samples: 4882
  [Bank 14] EWMA: 95.7191 cycles | Samples: 4332
  [Bank 15] EWMA: 119.842 cycles | Samples: 4667
----------------------------------------------------------
Controller: 3
  [Bank 0] EWMA: 92.322 cycles | Samples: 3887
  [Bank 1] EWMA: 82.0511 cycles | Samples: 4159
  [Bank 2] EWMA: 74.7923 cycles | Samples: 3381
  [Bank 3] EWMA: 54.3678 cycles | Samples: 4758
  [Bank 4] EWMA: 107.518 cycles | Samples: 3539
  [Bank 5] EWMA: 95.9213 cycles | Samples: 4224
  [Bank 6] EWMA: 78258.3 cycles | Samples: 3061
  [Bank 7] EWMA: 66.3883 cycles | Samples: 4323
  [Bank 8] EWMA: 127.858 cycles | Samples: 3343
  [Bank 9] EWMA: 558.937 cycles | Samples: 3778
  [Bank 10] EWMA: 110.541 cycles | Samples: 4199
  [Bank 11] EWMA: 801.803 cycles | Samples: 4755
  [Bank 12] EWMA: 141.665 cycles | Samples: 3598
  [Bank 13] EWMA: 198.926 cycles | Samples: 3966
  [Bank 14] EWMA: 110.416 cycles | Samples: 3534
  [Bank 15] EWMA: 96.5661 cycles | Samples: 4485
----------------------------------------------------------
Controller: 4
  [Bank 0] EWMA: 62.2858 cycles | Samples: 4771
  [Bank 1] EWMA: 80.2915 cycles | Samples: 5005
  [Bank 2] EWMA: 93.3923 cycles | Samples: 4048
  [Bank 3] EWMA: 115.099 cycles | Samples: 4915
  [Bank 4] EWMA: 43.8317 cycles | Samples: 4210
  [Bank 5] EWMA: 60.4628 cycles | Samples: 5050
  [Bank 6] EWMA: 77.9531 cycles | Samples: 4320
  [Bank 7] EWMA: 92.5576 cycles | Samples: 5149
  [Bank 8] EWMA: 59.3159 cycles | Samples: 4596
  [Bank 9] EWMA: 83.4101 cycles | Samples: 4903
  [Bank 10] EWMA: 98.3952 cycles | Samples: 5510
  [Bank 11] EWMA: 118.757 cycles | Samples: 5994
  [Bank 12] EWMA: 77.7474 cycles | Samples: 4654
  [Bank 13] EWMA: 106.946 cycles | Samples: 5208
  [Bank 14] EWMA: 117.578 cycles | Samples: 4781
  [Bank 15] EWMA: 128.06 cycles | Samples: 5212
----------------------------------------------------------
Controller: 5
  [Bank 0] EWMA: 86.2325 cycles | Samples: 3973
  [Bank 1] EWMA: 60.7363 cycles | Samples: 4322
  [Bank 2] EWMA: 83.2941 cycles | Samples: 3312
  [Bank 3] EWMA: 100.803 cycles | Samples: 3832
  [Bank 4] EWMA: 61.6883 cycles | Samples: 3440
  [Bank 5] EWMA: 48.244 cycles | Samples: 4291
  [Bank 6] EWMA: 61.0221 cycles | Samples: 3143
  [Bank 7] EWMA: 76.7906 cycles | Samples: 3832
  [Bank 8] EWMA: 77.8053 cycles | Samples: 3853
  [Bank 9] EWMA: 68.6112 cycles | Samples: 4190
  [Bank 10] EWMA: 83.6994 cycles | Samples: 4530
  [Bank 11] EWMA: 93.8405 cycles | Samples: 5097
  [Bank 12] EWMA: 91.9703 cycles | Samples: 3926
  [Bank 13] EWMA: 78.3003 cycles | Samples: 4712
  [Bank 14] EWMA: 100.476 cycles | Samples: 3841
  [Bank 15] EWMA: 120.298 cycles | Samples: 3998
----------------------------------------------------------
Controller: 6
  [Bank 0] EWMA: 100.192 cycles | Samples: 4584
  [Bank 1] EWMA: 77.3579 cycles | Samples: 5577
  [Bank 2] EWMA: 267.178 cycles | Samples: 4355
  [Bank 3] EWMA: 1715.98 cycles | Samples: 5210
  [Bank 4] EWMA: 3516.54 cycles | Samples: 4702
  [Bank 5] EWMA: 59.9932 cycles | Samples: 5528
  [Bank 6] EWMA: 46.0865 cycles | Samples: 4509
  [Bank 7] EWMA: 77.9499 cycles | Samples: 5421
  [Bank 8] EWMA: 113.822 cycles | Samples: 4313
  [Bank 9] EWMA: 7934.04 cycles | Samples: 5023
  [Bank 10] EWMA: 21485.9 cycles | Samples: 5199
  [Bank 11] EWMA: 76.5599 cycles | Samples: 5363
  [Bank 12] EWMA: 279.542 cycles | Samples: 4247
  [Bank 13] EWMA: 3537.52 cycles | Samples: 4930
  [Bank 14] EWMA: 120.968 cycles | Samples: 4513
  [Bank 15] EWMA: 104.648 cycles | Samples: 4973
----------------------------------------------------------
Controller: 7
  [Bank 0] EWMA: 108.133 cycles | Samples: 5220
  [Bank 1] EWMA: 96.5084 cycles | Samples: 5614
  [Bank 2] EWMA: 99.8503 cycles | Samples: 4652
  [Bank 3] EWMA: 2.77769e+06 cycles | Samples: 5995
  [Bank 4] EWMA: 553.307 cycles | Samples: 4654
  [Bank 5] EWMA: 78.6389 cycles | Samples: 5840
  [Bank 6] EWMA: 63.7465 cycles | Samples: 4740
  [Bank 7] EWMA: 52.4696 cycles | Samples: 5526
  [Bank 8] EWMA: 113.257 cycles | Samples: 4539
  [Bank 9] EWMA: 405.695 cycles | Samples: 5275
  [Bank 10] EWMA: 95.7885 cycles | Samples: 5399
  [Bank 11] EWMA: 3.47213e+06 cycles | Samples: 5874
  [Bank 12] EWMA: 700.423 cycles | Samples: 5032
  [Bank 13] EWMA: 108.128 cycles | Samples: 5765
  [Bank 14] EWMA: 98.2128 cycles | Samples: 5245
  [Bank 15] EWMA: 91.7073 cycles | Samples: 5929
----------------------------------------------------------
Controller: 8
  [Bank 0] EWMA: 156.265 cycles | Samples: 4292
  [Bank 1] EWMA: 169.111 cycles | Samples: 5085
  [Bank 2] EWMA: 159.519 cycles | Samples: 4302
  [Bank 3] EWMA: 167.573 cycles | Samples: 4843
  [Bank 4] EWMA: 140.392 cycles | Samples: 4089
  [Bank 5] EWMA: 162.446 cycles | Samples: 4731
  [Bank 6] EWMA: 166.866 cycles | Samples: 3824
  [Bank 7] EWMA: 155.332 cycles | Samples: 4940
  [Bank 8] EWMA: 140.026 cycles | Samples: 3516
  [Bank 9] EWMA: 154.425 cycles | Samples: 4674
  [Bank 10] EWMA: 136.374 cycles | Samples: 4845
  [Bank 11] EWMA: 158.238 cycles | Samples: 5050
  [Bank 12] EWMA: 131.431 cycles | Samples: 4134
  [Bank 13] EWMA: 145.659 cycles | Samples: 4718
  [Bank 14] EWMA: 156.516 cycles | Samples: 4374
  [Bank 15] EWMA: 173.246 cycles | Samples: 4783
----------------------------------------------------------
Controller: 9
  [Bank 0] EWMA: 96.284 cycles | Samples: 4185
  [Bank 1] EWMA: 77.7632 cycles | Samples: 5274
  [Bank 2] EWMA: 143.45 cycles | Samples: 4536
  [Bank 3] EWMA: 133.394 cycles | Samples: 5108
  [Bank 4] EWMA: 77.2669 cycles | Samples: 4161
  [Bank 5] EWMA: 8456.62 cycles | Samples: 5456
  [Bank 6] EWMA: 370.987 cycles | Samples: 3795
  [Bank 7] EWMA: 109.965 cycles | Samples: 4869
  [Bank 8] EWMA: 66.5959 cycles | Samples: 3727
  [Bank 9] EWMA: 63.8882 cycles | Samples: 4787
  [Bank 10] EWMA: 85.4896 cycles | Samples: 4456
  [Bank 11] EWMA: 85.9808 cycles | Samples: 5221
  [Bank 12] EWMA: 87.1736 cycles | Samples: 3860
  [Bank 13] EWMA: 59.9864 cycles | Samples: 4595
  [Bank 14] EWMA: 75.4601 cycles | Samples: 4020
  [Bank 15] EWMA: 101.537 cycles | Samples: 4961
----------------------------------------------------------
Controller: 10
  [Bank 0] EWMA: 107.646 cycles | Samples: 3788
  [Bank 1] EWMA: 102.446 cycles | Samples: 4320
  [Bank 2] EWMA: 91.4183 cycles | Samples: 3048
  [Bank 3] EWMA: 114.834 cycles | Samples: 4110
  [Bank 4] EWMA: 91.8424 cycles | Samples: 3241
  [Bank 5] EWMA: 78.3541 cycles | Samples: 4103
  [Bank 6] EWMA: 61.5311 cycles | Samples: 3057
  [Bank 7] EWMA: 79.683 cycles | Samples: 4121
  [Bank 8] EWMA: 78.9201 cycles | Samples: 3144
  [Bank 9] EWMA: 89.9649 cycles | Samples: 4344
  [Bank 10] EWMA: 65.554 cycles | Samples: 4089
  [Bank 11] EWMA: 95.1154 cycles | Samples: 4716
  [Bank 12] EWMA: 94.2226 cycles | Samples: 3392
  [Bank 13] EWMA: 77.4035 cycles | Samples: 4116
  [Bank 14] EWMA: 60.1602 cycles | Samples: 3705
  [Bank 15] EWMA: 79.0484 cycles | Samples: 4399
----------------------------------------------------------
Controller: 11
  [Bank 0] EWMA: 126.545 cycles | Samples: 4298
  [Bank 1] EWMA: 111.913 cycles | Samples: 4933
  [Bank 2] EWMA: 99.0852 cycles | Samples: 3740
  [Bank 3] EWMA: 238682 cycles | Samples: 5073
  [Bank 4] EWMA: 107.625 cycles | Samples: 3698
  [Bank 5] EWMA: 91.4637 cycles | Samples: 4752
  [Bank 6] EWMA: 83.2701 cycles | Samples: 3648
  [Bank 7] EWMA: 60.3741 cycles | Samples: 4786
  [Bank 8] EWMA: 96.1309 cycles | Samples: 3796
  [Bank 9] EWMA: 1265.04 cycles | Samples: 4724
  [Bank 10] EWMA: 17513.7 cycles | Samples: 4455
  [Bank 11] EWMA: 505.492 cycles | Samples: 5141
  [Bank 12] EWMA: 108.292 cycles | Samples: 3707
  [Bank 13] EWMA: 92.2762 cycles | Samples: 4669
  [Bank 14] EWMA: 77.8114 cycles | Samples: 3871
  [Bank 15] EWMA: 61.7448 cycles | Samples: 4613
----------------------------------------------------------
Controller: 12
  [Bank 0] EWMA: 91.3054 cycles | Samples: 3685
  [Bank 1] EWMA: 143.404 cycles | Samples: 4400
  [Bank 2] EWMA: 135.681 cycles | Samples: 3400
  [Bank 3] EWMA: 139.682 cycles | Samples: 4310
  [Bank 4] EWMA: 75.2072 cycles | Samples: 3423
  [Bank 5] EWMA: 92.0714 cycles | Samples: 4301
  [Bank 6] EWMA: 272.738 cycles | Samples: 3254
  [Bank 7] EWMA: 131.98 cycles | Samples: 4306
  [Bank 8] EWMA: 60.1173 cycles | Samples: 3433
  [Bank 9] EWMA: 153.244 cycles | Samples: 4043
  [Bank 10] EWMA: 128.927 cycles | Samples: 4825
  [Bank 11] EWMA: 1515.82 cycles | Samples: 4672
  [Bank 12] EWMA: 43.2982 cycles | Samples: 3448
  [Bank 13] EWMA: 76.5978 cycles | Samples: 4241
  [Bank 14] EWMA: 80.1611 cycles | Samples: 3702
  [Bank 15] EWMA: 91.6349 cycles | Samples: 4181
----------------------------------------------------------
Controller: 13
  [Bank 0] EWMA: 107.321 cycles | Samples: 4108
  [Bank 1] EWMA: 173.936 cycles | Samples: 4335
  [Bank 2] EWMA: 125.992 cycles | Samples: 4084
  [Bank 3] EWMA: 123.573 cycles | Samples: 4814
  [Bank 4] EWMA: 91.1099 cycles | Samples: 4092
  [Bank 5] EWMA: 81.4676 cycles | Samples: 4375
  [Bank 6] EWMA: 96.7416 cycles | Samples: 3851
  [Bank 7] EWMA: 109.164 cycles | Samples: 4743
  [Bank 8] EWMA: 77.0813 cycles | Samples: 3684
  [Bank 9] EWMA: 59.6039 cycles | Samples: 4321
  [Bank 10] EWMA: 247.469 cycles | Samples: 4862
  [Bank 11] EWMA: 2842.92 cycles | Samples: 5269
  [Bank 12] EWMA: 59.4379 cycles | Samples: 3992
  [Bank 13] EWMA: 43.4153 cycles | Samples: 4239
  [Bank 14] EWMA: 64.6783 cycles | Samples: 3748
  [Bank 15] EWMA: 75.7676 cycles | Samples: 4704
----------------------------------------------------------
Controller: 14
  [Bank 0] EWMA: 143.483 cycles | Samples: 3483
  [Bank 1] EWMA: 228.348 cycles | Samples: 3721
  [Bank 2] EWMA: 243.693 cycles | Samples: 2699
  [Bank 3] EWMA: 1.65561e+07 cycles | Samples: 3800
  [Bank 4] EWMA: 143.993 cycles | Samples: 2836
  [Bank 5] EWMA: 93.3132 cycles | Samples: 3346
  [Bank 6] EWMA: 6.78138e+06 cycles | Samples: 2618
  [Bank 7] EWMA: 93.3014 cycles | Samples: 3740
  [Bank 8] EWMA: 131.292 cycles | Samples: 2782
  [Bank 9] EWMA: 79.3722 cycles | Samples: 3711
  [Bank 10] EWMA: 6809.01 cycles | Samples: 3616
  [Bank 11] EWMA: 5448.57 cycles | Samples: 4559
  [Bank 12] EWMA: 212.848 cycles | Samples: 3098
  [Bank 13] EWMA: 1929.28 cycles | Samples: 3440
  [Bank 14] EWMA: 44.2919 cycles | Samples: 3307
  [Bank 15] EWMA: 74.7003 cycles | Samples: 4165
----------------------------------------------------------
Controller: 15
  [Bank 0] EWMA: 139.904 cycles | Samples: 3556
  [Bank 1] EWMA: 129.152 cycles | Samples: 4431
  [Bank 2] EWMA: 109.635 cycles | Samples: 3159
  [Bank 3] EWMA: 94.5492 cycles | Samples: 4073
  [Bank 4] EWMA: 148.928 cycles | Samples: 3515
  [Bank 5] EWMA: 113.592 cycles | Samples: 4364
  [Bank 6] EWMA: 1.13782e+06 cycles | Samples: 3049
  [Bank 7] EWMA: 79.3446 cycles | Samples: 4117
  [Bank 8] EWMA: 110.531 cycles | Samples: 2929
  [Bank 9] EWMA: 4414.41 cycles | Samples: 4004
  [Bank 10] EWMA: 110.783 cycles | Samples: 4269
  [Bank 11] EWMA: 2983.77 cycles | Samples: 4175
  [Bank 12] EWMA: 121.754 cycles | Samples: 3334
  [Bank 13] EWMA: 1484.12 cycles | Samples: 4073
  [Bank 14] EWMA: 59.6638 cycles | Samples: 3464
  [Bank 15] EWMA: 46.4301 cycles | Samples: 3739
----------------------------------------------------------
