Global frequency set at 1000000000000 ticks per second
warn: board.cache_hierarchy.ruby_system.network adopting orphan SimObject param 'netifs'
warn: board.cache_hierarchy.ruby_system.network adopting orphan SimObject param 'ext_links'
warn: board.cache_hierarchy.ruby_system.network adopting orphan SimObject param 'int_links'
warn: board.workload.acpi_description_table_pointer.rsdt adopting orphan SimObject param 'entries'
warn: No dot file generated. Please install pydot to generate the dot file and pdf.
src/mem/dram_interface.cc:690: warn: DRAM device capacity (16384 Mbytes) does not match the address range assigned (2048 Mbytes)
src/mem/dram_interface.cc:690: warn: DRAM device capacity (16384 Mbytes) does not match the address range assigned (2048 Mbytes)
src/sim/kernel_workload.cc:46: info: kernel located at: /home/paridhi/.cache/gem5/x86-linux-kernel-4.19.83
src/base/statistics.hh:279: warn: One of the stats is a legacy stat. Legacy stat is a stat that does not belong to any statistics::Group. Legacy stat is deprecated.
src/base/statistics.hh:279: warn: One of the stats is a legacy stat. Legacy stat is a stat that does not belong to any statistics::Group. Legacy stat is deprecated.
src/base/statistics.hh:279: warn: One of the stats is a legacy stat. Legacy stat is a stat that does not belong to any statistics::Group. Legacy stat is deprecated.
src/base/statistics.hh:279: warn: One of the stats is a legacy stat. Legacy stat is a stat that does not belong to any statistics::Group. Legacy stat is deprecated.
src/mem/ruby/network/garnet/GarnetNetwork.cc:107: info: Garnet version 3.0
      0: board.pc.south_bridge.cmos.rtc: Real-time clock set to Sun Jan  1 00:00:00 2012
board.pc.com_1.device: Listening for connections on port 3460
src/dev/intel_8254_timer.cc:128: warn: Reading current count from inactive timer.
board.remote_gdb: Listening for connections on port 7004
src/cpu/kvm/base.cc:169: info: KVM: Coalesced MMIO disabled by config.
src/cpu/kvm/base.cc:169: info: KVM: Coalesced MMIO disabled by config.
src/cpu/kvm/base.cc:169: info: KVM: Coalesced MMIO disabled by config.
src/cpu/kvm/base.cc:169: info: KVM: Coalesced MMIO disabled by config.
src/cpu/kvm/base.cc:169: info: KVM: Coalesced MMIO disabled by config.
src/cpu/kvm/base.cc:169: info: KVM: Coalesced MMIO disabled by config.
src/cpu/kvm/base.cc:169: info: KVM: Coalesced MMIO disabled by config.
src/cpu/kvm/base.cc:169: info: KVM: Coalesced MMIO disabled by config.
src/cpu/kvm/base.cc:169: info: KVM: Coalesced MMIO disabled by config.
src/cpu/kvm/base.cc:169: info: KVM: Coalesced MMIO disabled by config.
src/cpu/kvm/base.cc:169: info: KVM: Coalesced MMIO disabled by config.
src/cpu/kvm/base.cc:169: info: KVM: Coalesced MMIO disabled by config.
src/cpu/kvm/base.cc:169: info: KVM: Coalesced MMIO disabled by config.
src/cpu/kvm/base.cc:169: info: KVM: Coalesced MMIO disabled by config.
src/cpu/kvm/base.cc:169: info: KVM: Coalesced MMIO disabled by config.
src/cpu/kvm/base.cc:169: info: KVM: Coalesced MMIO disabled by config.
src/cpu/kvm/base.cc:591: hack: Pretending totalOps is equivalent to totalInsts()
gem5 Simulator System.  https://www.gem5.org
gem5 is copyrighted software; use the --copyright option for details.

gem5 version 24.1.0.3
gem5 compiled Dec  7 2025 00:51:10
gem5 started Dec  7 2025 11:25:27
gem5 executing on labpc-pid, pid 1984347
command line: ./build/X86/gem5.opt --outdir=m5out/raytrace configs/example/gem5_library/x86-parsec-benchmarks.py --benchmark=raytrace --size=simsmall

Creating MESI Three Level Cache Hierarchy
info: Using default config
Running the simulation
Using KVM cpu
src/sim/simulate.cc:199: info: Entering event queue @ 0.  Starting simulation...
src/arch/x86/kvm/x86_cpu.cc:1688: warn: kvm-x86: MSR (0x3a) unsupported by gem5. Skipping.
src/arch/x86/kvm/x86_cpu.cc:1688: warn: kvm-x86: MSR (0x48) unsupported by gem5. Skipping.
src/arch/x86/kvm/x86_cpu.cc:1688: warn: kvm-x86: MSR (0xe1) unsupported by gem5. Skipping.
src/arch/x86/kvm/x86_cpu.cc:1688: warn: kvm-x86: MSR (0x12) unsupported by gem5. Skipping.
src/arch/x86/kvm/x86_cpu.cc:1688: warn: kvm-x86: MSR (0x11) unsupported by gem5. Skipping.
src/arch/x86/kvm/x86_cpu.cc:1688: warn: kvm-x86: MSR (0x4b564d01) unsupported by gem5. Skipping.
src/arch/x86/kvm/x86_cpu.cc:1688: warn: kvm-x86: MSR (0x4b564d00) unsupported by gem5. Skipping.
src/arch/x86/kvm/x86_cpu.cc:1688: warn: kvm-x86: MSR (0x40000000) unsupported by gem5. Skipping.
src/arch/x86/kvm/x86_cpu.cc:1688: warn: kvm-x86: MSR (0x40000001) unsupported by gem5. Skipping.
src/arch/x86/kvm/x86_cpu.cc:1688: warn: kvm-x86: MSR (0x40000020) unsupported by gem5. Skipping.
src/arch/x86/kvm/x86_cpu.cc:1688: warn: kvm-x86: MSR (0x40000021) unsupported by gem5. Skipping.
src/arch/x86/kvm/x86_cpu.cc:1688: warn: kvm-x86: MSR (0x40000022) unsupported by gem5. Skipping.
src/arch/x86/kvm/x86_cpu.cc:1688: warn: kvm-x86: MSR (0x40000023) unsupported by gem5. Skipping.
src/arch/x86/kvm/x86_cpu.cc:1688: warn: kvm-x86: MSR (0x40000100) unsupported by gem5. Skipping.
src/arch/x86/kvm/x86_cpu.cc:1688: warn: kvm-x86: MSR (0x40000101) unsupported by gem5. Skipping.
src/arch/x86/kvm/x86_cpu.cc:1688: warn: kvm-x86: MSR (0x40000102) unsupported by gem5. Skipping.
src/arch/x86/kvm/x86_cpu.cc:1688: warn: kvm-x86: MSR (0x40000103) unsupported by gem5. Skipping.
src/arch/x86/kvm/x86_cpu.cc:1688: warn: kvm-x86: MSR (0x40000104) unsupported by gem5. Skipping.
src/arch/x86/kvm/x86_cpu.cc:1688: warn: kvm-x86: MSR (0x40000105) unsupported by gem5. Skipping.
src/arch/x86/kvm/x86_cpu.cc:1688: warn: kvm-x86: MSR (0x40000003) unsupported by gem5. Skipping.
src/arch/x86/kvm/x86_cpu.cc:1688: warn: kvm-x86: MSR (0x40000002) unsupported by gem5. Skipping.
src/arch/x86/kvm/x86_cpu.cc:1688: warn: kvm-x86: MSR (0x40000010) unsupported by gem5. Skipping.
src/arch/x86/kvm/x86_cpu.cc:1688: warn: kvm-x86: MSR (0x40000080) unsupported by gem5. Skipping.
src/arch/x86/kvm/x86_cpu.cc:1688: warn: kvm-x86: MSR (0x400000b0) unsupported by gem5. Skipping.
src/arch/x86/kvm/x86_cpu.cc:1688: warn: kvm-x86: MSR (0x40000073) unsupported by gem5. Skipping.
src/arch/x86/kvm/x86_cpu.cc:1688: warn: kvm-x86: MSR (0x40000106) unsupported by gem5. Skipping.
src/arch/x86/kvm/x86_cpu.cc:1688: warn: kvm-x86: MSR (0x40000107) unsupported by gem5. Skipping.
src/arch/x86/kvm/x86_cpu.cc:1688: warn: kvm-x86: MSR (0x40000108) unsupported by gem5. Skipping.
src/arch/x86/kvm/x86_cpu.cc:1688: warn: kvm-x86: MSR (0x40000118) unsupported by gem5. Skipping.
src/arch/x86/kvm/x86_cpu.cc:1688: warn: kvm-x86: MSR (0x400000ff) unsupported by gem5. Skipping.
src/arch/x86/kvm/x86_cpu.cc:1688: warn: kvm-x86: MSR (0x400000f1) unsupported by gem5. Skipping.
src/arch/x86/kvm/x86_cpu.cc:1688: warn: kvm-x86: MSR (0x400000f2) unsupported by gem5. Skipping.
src/arch/x86/kvm/x86_cpu.cc:1688: warn: kvm-x86: MSR (0x400000f3) unsupported by gem5. Skipping.
src/arch/x86/kvm/x86_cpu.cc:1688: warn: kvm-x86: MSR (0x400000f4) unsupported by gem5. Skipping.
src/arch/x86/kvm/x86_cpu.cc:1688: warn: kvm-x86: MSR (0x400000f5) unsupported by gem5. Skipping.
src/arch/x86/kvm/x86_cpu.cc:1688: warn: kvm-x86: MSR (0x4b564d02) unsupported by gem5. Skipping.
src/arch/x86/kvm/x86_cpu.cc:1688: warn: kvm-x86: MSR (0x4b564d03) unsupported by gem5. Skipping.
src/arch/x86/kvm/x86_cpu.cc:1688: warn: kvm-x86: MSR (0x4b564d04) unsupported by gem5. Skipping.
src/arch/x86/kvm/x86_cpu.cc:1688: warn: kvm-x86: MSR (0x4b564d06) unsupported by gem5. Skipping.
src/arch/x86/kvm/x86_cpu.cc:1688: warn: kvm-x86: MSR (0x4b564d07) unsupported by gem5. Skipping.
src/arch/x86/kvm/x86_cpu.cc:1688: warn: kvm-x86: MSR (0x3b) unsupported by gem5. Skipping.
src/arch/x86/kvm/x86_cpu.cc:1688: warn: kvm-x86: MSR (0x6e0) unsupported by gem5. Skipping.
src/arch/x86/kvm/x86_cpu.cc:1688: warn: kvm-x86: MSR (0x10a) unsupported by gem5. Skipping.
src/arch/x86/kvm/x86_cpu.cc:1688: warn: kvm-x86: MSR (0x345) unsupported by gem5. Skipping.
src/arch/x86/kvm/x86_cpu.cc:1688: warn: kvm-x86: MSR (0x1a0) unsupported by gem5. Skipping.
src/arch/x86/kvm/x86_cpu.cc:1688: warn: kvm-x86: MSR (0x4d0) unsupported by gem5. Skipping.
src/arch/x86/kvm/x86_cpu.cc:1688: warn: kvm-x86: MSR (0x9e) unsupported by gem5. Skipping.
src/arch/x86/kvm/x86_cpu.cc:1688: warn: kvm-x86: MSR (0x34) unsupported by gem5. Skipping.
src/arch/x86/kvm/x86_cpu.cc:1688: warn: kvm-x86: MSR (0xce) unsupported by gem5. Skipping.
src/arch/x86/kvm/x86_cpu.cc:1688: warn: kvm-x86: MSR (0x140) unsupported by gem5. Skipping.
src/arch/x86/kvm/x86_cpu.cc:1688: warn: kvm-x86: MSR (0x1fc) unsupported by gem5. Skipping.
src/arch/x86/kvm/x86_cpu.cc:1688: warn: kvm-x86: MSR (0x8b) unsupported by gem5. Skipping.
src/arch/x86/kvm/x86_cpu.cc:1688: warn: kvm-x86: MSR (0x480) unsupported by gem5. Skipping.
src/arch/x86/kvm/x86_cpu.cc:1688: warn: kvm-x86: MSR (0x48d) unsupported by gem5. Skipping.
src/arch/x86/kvm/x86_cpu.cc:1688: warn: kvm-x86: MSR (0x48e) unsupported by gem5. Skipping.
src/arch/x86/kvm/x86_cpu.cc:1688: warn: kvm-x86: MSR (0x48f) unsupported by gem5. Skipping.
src/arch/x86/kvm/x86_cpu.cc:1688: warn: kvm-x86: MSR (0x490) unsupported by gem5. Skipping.
src/arch/x86/kvm/x86_cpu.cc:1688: warn: kvm-x86: MSR (0x485) unsupported by gem5. Skipping.
src/arch/x86/kvm/x86_cpu.cc:1688: warn: kvm-x86: MSR (0x486) unsupported by gem5. Skipping.
src/arch/x86/kvm/x86_cpu.cc:1688: warn: kvm-x86: MSR (0x488) unsupported by gem5. Skipping.
src/arch/x86/kvm/x86_cpu.cc:1688: warn: kvm-x86: MSR (0x48a) unsupported by gem5. Skipping.
src/arch/x86/kvm/x86_cpu.cc:1688: warn: kvm-x86: MSR (0x48b) unsupported by gem5. Skipping.
src/arch/x86/kvm/x86_cpu.cc:1688: warn: kvm-x86: MSR (0x48c) unsupported by gem5. Skipping.
src/arch/x86/kvm/x86_cpu.cc:1688: warn: kvm-x86: MSR (0x491) unsupported by gem5. Skipping.
src/arch/x86/kvm/x86_cpu.cc:1688: warn: kvm-x86: MSR (0xc0010015) unsupported by gem5. Skipping.
src/arch/x86/kvm/x86_cpu.cc:1688: warn: kvm-x86: MSR (0x4b564d05) unsupported by gem5. Skipping.
src/arch/x86/kvm/x86_cpu.cc:563: warn: cs limit (0xffffffff) and g (0) combination is illegal.
src/arch/x86/kvm/x86_cpu.cc:1688: warn: kvm-x86: MSR (0x3a) unsupported by gem5. Skipping.
src/arch/x86/kvm/x86_cpu.cc:1688: warn: kvm-x86: MSR (0x48) unsupported by gem5. Skipping.
src/arch/x86/kvm/x86_cpu.cc:1688: warn: kvm-x86: MSR (0xe1) unsupported by gem5. Skipping.
src/arch/x86/kvm/x86_cpu.cc:1688: warn: kvm-x86: MSR (0x12) unsupported by gem5. Skipping.
src/arch/x86/kvm/x86_cpu.cc:1688: warn: kvm-x86: MSR (0x11) unsupported by gem5. Skipping.
src/arch/x86/kvm/x86_cpu.cc:1688: warn: kvm-x86: MSR (0x4b564d01) unsupported by gem5. Skipping.
src/arch/x86/kvm/x86_cpu.cc:1688: warn: kvm-x86: MSR (0x4b564d00) unsupported by gem5. Skipping.
src/arch/x86/kvm/x86_cpu.cc:1688: warn: kvm-x86: MSR (0x40000000) unsupported by gem5. Skipping.
src/arch/x86/kvm/x86_cpu.cc:1688: warn: kvm-x86: MSR (0x40000001) unsupported by gem5. Skipping.
src/arch/x86/kvm/x86_cpu.cc:1688: warn: kvm-x86: MSR (0x40000020) unsupported by gem5. Skipping.
src/arch/x86/kvm/x86_cpu.cc:1688: warn: kvm-x86: MSR (0x40000021) unsupported by gem5. Skipping.
src/arch/x86/kvm/x86_cpu.cc:1688: warn: kvm-x86: MSR (0x40000022) unsupported by gem5. Skipping.
src/arch/x86/kvm/x86_cpu.cc:1688: warn: kvm-x86: MSR (0x40000023) unsupported by gem5. Skipping.
src/arch/x86/kvm/x86_cpu.cc:1688: warn: kvm-x86: MSR (0x40000100) unsupported by gem5. Skipping.
src/arch/x86/kvm/x86_cpu.cc:1688: warn: kvm-x86: MSR (0x40000101) unsupported by gem5. Skipping.
src/arch/x86/kvm/x86_cpu.cc:1688: warn: kvm-x86: MSR (0x40000102) unsupported by gem5. Skipping.
src/arch/x86/kvm/x86_cpu.cc:1688: warn: kvm-x86: MSR (0x40000103) unsupported by gem5. Skipping.
src/arch/x86/kvm/x86_cpu.cc:1688: warn: kvm-x86: MSR (0x40000104) unsupported by gem5. Skipping.
src/arch/x86/kvm/x86_cpu.cc:1688: warn: kvm-x86: MSR (0x40000105) unsupported by gem5. Skipping.
src/arch/x86/kvm/x86_cpu.cc:1688: warn: kvm-x86: MSR (0x40000003) unsupported by gem5. Skipping.
src/arch/x86/kvm/x86_cpu.cc:1688: warn: kvm-x86: MSR (0x40000002) unsupported by gem5. Skipping.
src/arch/x86/kvm/x86_cpu.cc:1688: warn: kvm-x86: MSR (0x40000010) unsupported by gem5. Skipping.
src/arch/x86/kvm/x86_cpu.cc:1688: warn: kvm-x86: MSR (0x40000080) unsupported by gem5. Skipping.
src/arch/x86/kvm/x86_cpu.cc:1688: warn: kvm-x86: MSR (0x400000b0) unsupported by gem5. Skipping.
src/arch/x86/kvm/x86_cpu.cc:1688: warn: kvm-x86: MSR (0x40000073) unsupported by gem5. Skipping.
src/arch/x86/kvm/x86_cpu.cc:1688: warn: kvm-x86: MSR (0x40000106) unsupported by gem5. Skipping.
src/arch/x86/kvm/x86_cpu.cc:1688: warn: kvm-x86: MSR (0x40000107) unsupported by gem5. Skipping.
src/arch/x86/kvm/x86_cpu.cc:1688: warn: kvm-x86: MSR (0x40000108) unsupported by gem5. Skipping.
src/arch/x86/kvm/x86_cpu.cc:1688: warn: kvm-x86: MSR (0x40000118) unsupported by gem5. Skipping.
src/arch/x86/kvm/x86_cpu.cc:1688: warn: kvm-x86: MSR (0x400000ff) unsupported by gem5. Skipping.
src/arch/x86/kvm/x86_cpu.cc:1688: warn: kvm-x86: MSR (0x400000f1) unsupported by gem5. Skipping.
src/arch/x86/kvm/x86_cpu.cc:1688: warn: kvm-x86: MSR (0x400000f2) unsupported by gem5. Skipping.
src/arch/x86/kvm/x86_cpu.cc:1688: warn: kvm-x86: MSR (0x400000f3) unsupported by gem5. Skipping.
src/arch/x86/kvm/x86_cpu.cc:1688: warn: kvm-x86: MSR (0x400000f4) unsupported by gem5. Skipping.
src/arch/x86/kvm/x86_cpu.cc:1688: warn: kvm-x86: MSR (0x400000f5) unsupported by gem5. Skipping.
src/arch/x86/kvm/x86_cpu.cc:1688: warn: kvm-x86: MSR (0x4b564d02) unsupported by gem5. Skipping.
src/arch/x86/kvm/x86_cpu.cc:1688: warn: kvm-x86: MSR (0x4b564d03) unsupported by gem5. Skipping.
src/arch/x86/kvm/x86_cpu.cc:1688: warn: kvm-x86: MSR (0x4b564d04) unsupported by gem5. Skipping.
src/arch/x86/kvm/x86_cpu.cc:1688: warn: kvm-x86: MSR (0x4b564d06) unsupported by gem5. Skipping.
src/arch/x86/kvm/x86_cpu.cc:1688: warn: kvm-x86: MSR (0x4b564d07) unsupported by gem5. Skipping.
src/arch/x86/kvm/x86_cpu.cc:1688: warn: kvm-x86: MSR (0x3b) unsupported by gem5. Skipping.
src/arch/x86/kvm/x86_cpu.cc:1688: warn: kvm-x86: MSR (0x6e0) unsupported by gem5. Skipping.
src/arch/x86/kvm/x86_cpu.cc:1688: warn: kvm-x86: MSR (0x10a) unsupported by gem5. Skipping.
src/arch/x86/kvm/x86_cpu.cc:1688: warn: kvm-x86: MSR (0x345) unsupported by gem5. Skipping.
src/arch/x86/kvm/x86_cpu.cc:1688: warn: kvm-x86: MSR (0x1a0) unsupported by gem5. Skipping.
src/arch/x86/kvm/x86_cpu.cc:1688: warn: kvm-x86: MSR (0x4d0) unsupported by gem5. Skipping.
src/arch/x86/kvm/x86_cpu.cc:1688: warn: kvm-x86: MSR (0x9e) unsupported by gem5. Skipping.
src/arch/x86/kvm/x86_cpu.cc:1688: warn: kvm-x86: MSR (0x34) unsupported by gem5. Skipping.
src/arch/x86/kvm/x86_cpu.cc:1688: warn: kvm-x86: MSR (0xce) unsupported by gem5. Skipping.
src/arch/x86/kvm/x86_cpu.cc:1688: warn: kvm-x86: MSR (0x140) unsupported by gem5. Skipping.
src/arch/x86/kvm/x86_cpu.cc:1688: warn: kvm-x86: MSR (0x1fc) unsupported by gem5. Skipping.
src/arch/x86/kvm/x86_cpu.cc:1688: warn: kvm-x86: MSR (0x8b) unsupported by gem5. Skipping.
src/arch/x86/kvm/x86_cpu.cc:1688: warn: kvm-x86: MSR (0x480) unsupported by gem5. Skipping.
src/arch/x86/kvm/x86_cpu.cc:1688: warn: kvm-x86: MSR (0x48d) unsupported by gem5. Skipping.
src/arch/x86/kvm/x86_cpu.cc:1688: warn: kvm-x86: MSR (0x48e) unsupported by gem5. Skipping.
src/arch/x86/kvm/x86_cpu.cc:1688: warn: kvm-x86: MSR (0x48f) unsupported by gem5. Skipping.
src/arch/x86/kvm/x86_cpu.cc:1688: warn: kvm-x86: MSR (0x490) unsupported by gem5. Skipping.
src/arch/x86/kvm/x86_cpu.cc:1688: warn: kvm-x86: MSR (0x485) unsupported by gem5. Skipping.
src/arch/x86/kvm/x86_cpu.cc:1688: warn: kvm-x86: MSR (0x486) unsupported by gem5. Skipping.
src/arch/x86/kvm/x86_cpu.cc:1688: warn: kvm-x86: MSR (0x488) unsupported by gem5. Skipping.
src/arch/x86/kvm/x86_cpu.cc:1688: warn: kvm-x86: MSR (0x48a) unsupported by gem5. Skipping.
src/arch/x86/kvm/x86_cpu.cc:1688: warn: kvm-x86: MSR (0x48b) unsupported by gem5. Skipping.
src/arch/x86/kvm/x86_cpu.cc:1688: warn: kvm-x86: MSR (0x48c) unsupported by gem5. Skipping.
src/arch/x86/kvm/x86_cpu.cc:1688: warn: kvm-x86: MSR (0x491) unsupported by gem5. Skipping.
src/arch/x86/kvm/x86_cpu.cc:1688: warn: kvm-x86: MSR (0xc0010015) unsupported by gem5. Skipping.
src/arch/x86/kvm/x86_cpu.cc:1688: warn: kvm-x86: MSR (0x4b564d05) unsupported by gem5. Skipping.
src/arch/x86/kvm/x86_cpu.cc:563: warn: cs limit (0xffffffff) and g (0) combination is illegal.
src/arch/x86/kvm/x86_cpu.cc:563: warn: cs limit (0xffffffff) and g (0) combination is illegal.
src/arch/x86/kvm/x86_cpu.cc:563: warn: cs limit (0xffffffff) and g (0) combination is illegal.
src/arch/x86/kvm/x86_cpu.cc:1688: warn: kvm-x86: MSR (0x3a) unsupported by gem5. Skipping.
src/arch/x86/kvm/x86_cpu.cc:1688: warn: kvm-x86: MSR (0x48) unsupported by gem5. Skipping.
src/arch/x86/kvm/x86_cpu.cc:1688: warn: kvm-x86: MSR (0xe1) unsupported by gem5. Skipping.
src/arch/x86/kvm/x86_cpu.cc:1688: warn: kvm-x86: MSR (0x12) unsupported by gem5. Skipping.
src/arch/x86/kvm/x86_cpu.cc:1688: warn: kvm-x86: MSR (0x11) unsupported by gem5. Skipping.
src/arch/x86/kvm/x86_cpu.cc:1688: warn: kvm-x86: MSR (0x4b564d01) unsupported by gem5. Skipping.
src/arch/x86/kvm/x86_cpu.cc:1688: warn: kvm-x86: MSR (0x4b564d00) unsupported by gem5. Skipping.
src/arch/x86/kvm/x86_cpu.cc:1688: warn: kvm-x86: MSR (0x40000000) unsupported by gem5. Skipping.
src/arch/x86/kvm/x86_cpu.cc:1688: warn: kvm-x86: MSR (0x40000001) unsupported by gem5. Skipping.
src/arch/x86/kvm/x86_cpu.cc:1688: warn: kvm-x86: MSR (0x40000020) unsupported by gem5. Skipping.
src/arch/x86/kvm/x86_cpu.cc:1688: warn: kvm-x86: MSR (0x40000021) unsupported by gem5. Skipping.
src/arch/x86/kvm/x86_cpu.cc:1688: warn: kvm-x86: MSR (0x40000022) unsupported by gem5. Skipping.
src/arch/x86/kvm/x86_cpu.cc:1688: warn: kvm-x86: MSR (0x40000023) unsupported by gem5. Skipping.
src/arch/x86/kvm/x86_cpu.cc:1688: warn: kvm-x86: MSR (0x40000100) unsupported by gem5. Skipping.
src/arch/x86/kvm/x86_cpu.cc:1688: warn: kvm-x86: MSR (0x40000101) unsupported by gem5. Skipping.
src/arch/x86/kvm/x86_cpu.cc:1688: warn: kvm-x86: MSR (0x40000102) unsupported by gem5. Skipping.
src/arch/x86/kvm/x86_cpu.cc:1688: warn: kvm-x86: MSR (0x40000103) unsupported by gem5. Skipping.
src/arch/x86/kvm/x86_cpu.cc:1688: warn: kvm-x86: MSR (0x40000104) unsupported by gem5. Skipping.
src/arch/x86/kvm/x86_cpu.cc:1688: warn: kvm-x86: MSR (0x40000105) unsupported by gem5. Skipping.
src/arch/x86/kvm/x86_cpu.cc:1688: warn: kvm-x86: MSR (0x40000003) unsupported by gem5. Skipping.
src/arch/x86/kvm/x86_cpu.cc:1688: warn: kvm-x86: MSR (0x40000002) unsupported by gem5. Skipping.
src/arch/x86/kvm/x86_cpu.cc:1688: warn: kvm-x86: MSR (0x40000010) unsupported by gem5. Skipping.
src/arch/x86/kvm/x86_cpu.cc:1688: warn: kvm-x86: MSR (0x40000080) unsupported by gem5. Skipping.
src/arch/x86/kvm/x86_cpu.cc:1688: warn: kvm-x86: MSR (0x400000b0) unsupported by gem5. Skipping.
src/arch/x86/kvm/x86_cpu.cc:1688: warn: kvm-x86: MSR (0x40000073) unsupported by gem5. Skipping.
src/arch/x86/kvm/x86_cpu.cc:1688: warn: kvm-x86: MSR (0x40000106) unsupported by gem5. Skipping.
src/arch/x86/kvm/x86_cpu.cc:1688: warn: kvm-x86: MSR (0x40000107) unsupported by gem5. Skipping.
src/arch/x86/kvm/x86_cpu.cc:1688: warn: kvm-x86: MSR (0x40000108) unsupported by gem5. Skipping.
src/arch/x86/kvm/x86_cpu.cc:1688: warn: kvm-x86: MSR (0x40000118) unsupported by gem5. Skipping.
src/arch/x86/kvm/x86_cpu.cc:1688: warn: kvm-x86: MSR (0x400000ff) unsupported by gem5. Skipping.
src/arch/x86/kvm/x86_cpu.cc:1688: warn: kvm-x86: MSR (0x400000f1) unsupported by gem5. Skipping.
src/arch/x86/kvm/x86_cpu.cc:1688: warn: kvm-x86: MSR (0x400000f2) unsupported by gem5. Skipping.
src/arch/x86/kvm/x86_cpu.cc:1688: warn: kvm-x86: MSR (0x400000f3) unsupported by gem5. Skipping.
src/arch/x86/kvm/x86_cpu.cc:1688: warn: kvm-x86: MSR (0x400000f4) unsupported by gem5. Skipping.
src/arch/x86/kvm/x86_cpu.cc:1688: warn: kvm-x86: MSR (0x400000f5) unsupported by gem5. Skipping.
src/arch/x86/kvm/x86_cpu.cc:1688: warn: kvm-x86: MSR (0x4b564d02) unsupported by gem5. Skipping.
src/arch/x86/kvm/x86_cpu.cc:1688: warn: kvm-x86: MSR (0x4b564d03) unsupported by gem5. Skipping.
src/arch/x86/kvm/x86_cpu.cc:1688: warn: kvm-x86: MSR (0x4b564d04) unsupported by gem5. Skipping.
src/arch/x86/kvm/x86_cpu.cc:1688: warn: kvm-x86: MSR (0x4b564d06) unsupported by gem5. Skipping.
src/arch/x86/kvm/x86_cpu.cc:1688: warn: kvm-x86: MSR (0x4b564d07) unsupported by gem5. Skipping.
src/arch/x86/kvm/x86_cpu.cc:1688: warn: kvm-x86: MSR (0x3b) unsupported by gem5. Skipping.
src/arch/x86/kvm/x86_cpu.cc:1688: warn: kvm-x86: MSR (0x6e0) unsupported by gem5. Skipping.
src/arch/x86/kvm/x86_cpu.cc:1688: warn: kvm-x86: MSR (0x10a) unsupported by gem5. Skipping.
src/arch/x86/kvm/x86_cpu.cc:1688: warn: kvm-x86: MSR (0x345) unsupported by gem5. Skipping.
src/arch/x86/kvm/x86_cpu.cc:1688: warn: kvm-x86: MSR (0x1a0) unsupported by gem5. Skipping.
src/arch/x86/kvm/x86_cpu.cc:1688: warn: kvm-x86: MSR (0x4d0) unsupported by gem5. Skipping.
src/arch/x86/kvm/x86_cpu.cc:1688: warn: kvm-x86: MSR (0x9e) unsupported by gem5. Skipping.
src/arch/x86/kvm/x86_cpu.cc:1688: warn: kvm-x86: MSR (0x34) unsupported by gem5. Skipping.
src/arch/x86/kvm/x86_cpu.cc:1688: warn: kvm-x86: MSR (0xce) unsupported by gem5. Skipping.
src/arch/x86/kvm/x86_cpu.cc:1688: warn: kvm-x86: MSR (0x140) unsupported by gem5. Skipping.
src/arch/x86/kvm/x86_cpu.cc:1688: warn: kvm-x86: MSR (0x1fc) unsupported by gem5. Skipping.
src/arch/x86/kvm/x86_cpu.cc:1688: warn: kvm-x86: MSR (0x8b) unsupported by gem5. Skipping.
src/arch/x86/kvm/x86_cpu.cc:1688: warn: kvm-x86: MSR (0x480) unsupported by gem5. Skipping.
src/arch/x86/kvm/x86_cpu.cc:1688: warn: kvm-x86: MSR (0x48d) unsupported by gem5. Skipping.
src/arch/x86/kvm/x86_cpu.cc:1688: warn: kvm-x86: MSR (0x48e) unsupported by gem5. Skipping.
src/arch/x86/kvm/x86_cpu.cc:1688: warn: kvm-x86: MSR (0x48f) unsupported by gem5. Skipping.
src/arch/x86/kvm/x86_cpu.cc:1688: warn: kvm-x86: MSR (0x490) unsupported by gem5. Skipping.
src/arch/x86/kvm/x86_cpu.cc:1688: warn: kvm-x86: MSR (0x485) unsupported by gem5. Skipping.
src/arch/x86/kvm/x86_cpu.cc:1688: warn: kvm-x86: MSR (0x486) unsupported by gem5. Skipping.
src/arch/x86/kvm/x86_cpu.cc:1688: warn: kvm-x86: MSR (0x488) unsupported by gem5. Skipping.
src/arch/x86/kvm/x86_cpu.cc:1688: warn: kvm-x86: MSR (0x48a) unsupported by gem5. Skipping.
src/arch/x86/kvm/x86_cpu.cc:1688: warn: kvm-x86: MSR (0x48b) unsupported by gem5. Skipping.
src/arch/x86/kvm/x86_cpu.cc:1688: warn: kvm-x86: MSR (0x48c) unsupported by gem5. Skipping.
src/arch/x86/kvm/x86_cpu.cc:1688: warn: kvm-x86: MSR (0x491) unsupported by gem5. Skipping.
src/arch/x86/kvm/x86_cpu.cc:1688: warn: kvm-x86: MSR (0xc0010015) unsupported by gem5. Skipping.
src/arch/x86/kvm/x86_cpu.cc:1688: warn: kvm-x86: MSR (0x4b564d05) unsupported by gem5. Skipping.
src/arch/x86/kvm/x86_cpu.cc:563: warn: cs limit (0xffffffff) and g (0) combination is illegal.
src/arch/x86/kvm/x86_cpu.cc:563: warn: cs limit (0xffffffff) and g (0) combination is illegal.
src/arch/x86/kvm/x86_cpu.cc:563: warn: cs limit (0xffffffff) and g (0) combination is illegal.
src/arch/x86/kvm/x86_cpu.cc:1688: warn: kvm-x86: MSR (0x3a) unsupported by gem5. Skipping.
src/arch/x86/kvm/x86_cpu.cc:1688: warn: kvm-x86: MSR (0x48) unsupported by gem5. Skipping.
src/arch/x86/kvm/x86_cpu.cc:1688: warn: kvm-x86: MSR (0xe1) unsupported by gem5. Skipping.
src/arch/x86/kvm/x86_cpu.cc:1688: warn: kvm-x86: MSR (0x12) unsupported by gem5. Skipping.
src/arch/x86/kvm/x86_cpu.cc:1688: warn: kvm-x86: MSR (0x11) unsupported by gem5. Skipping.
src/arch/x86/kvm/x86_cpu.cc:1688: warn: kvm-x86: MSR (0x4b564d01) unsupported by gem5. Skipping.
src/arch/x86/kvm/x86_cpu.cc:1688: warn: kvm-x86: MSR (0x4b564d00) unsupported by gem5. Skipping.
src/arch/x86/kvm/x86_cpu.cc:1688: warn: kvm-x86: MSR (0x40000000) unsupported by gem5. Skipping.
src/arch/x86/kvm/x86_cpu.cc:1688: warn: kvm-x86: MSR (0x40000001) unsupported by gem5. Skipping.
src/arch/x86/kvm/x86_cpu.cc:1688: warn: kvm-x86: MSR (0x40000020) unsupported by gem5. Skipping.
src/arch/x86/kvm/x86_cpu.cc:1688: warn: kvm-x86: MSR (0x40000021) unsupported by gem5. Skipping.
src/arch/x86/kvm/x86_cpu.cc:1688: warn: kvm-x86: MSR (0x40000022) unsupported by gem5. Skipping.
src/arch/x86/kvm/x86_cpu.cc:1688: warn: kvm-x86: MSR (0x40000023) unsupported by gem5. Skipping.
src/arch/x86/kvm/x86_cpu.cc:1688: warn: kvm-x86: MSR (0x40000100) unsupported by gem5. Skipping.
src/arch/x86/kvm/x86_cpu.cc:1688: warn: kvm-x86: MSR (0x40000101) unsupported by gem5. Skipping.
src/arch/x86/kvm/x86_cpu.cc:1688: warn: kvm-x86: MSR (0x40000102) unsupported by gem5. Skipping.
src/arch/x86/kvm/x86_cpu.cc:1688: warn: kvm-x86: MSR (0x40000103) unsupported by gem5. Skipping.
src/arch/x86/kvm/x86_cpu.cc:1688: warn: kvm-x86: MSR (0x40000104) unsupported by gem5. Skipping.
src/arch/x86/kvm/x86_cpu.cc:1688: warn: kvm-x86: MSR (0x40000105) unsupported by gem5. Skipping.
src/arch/x86/kvm/x86_cpu.cc:1688: warn: kvm-x86: MSR (0x40000003) unsupported by gem5. Skipping.
src/arch/x86/kvm/x86_cpu.cc:1688: warn: kvm-x86: MSR (0x40000002) unsupported by gem5. Skipping.
src/arch/x86/kvm/x86_cpu.cc:1688: warn: kvm-x86: MSR (0x40000010) unsupported by gem5. Skipping.
src/arch/x86/kvm/x86_cpu.cc:1688: warn: kvm-x86: MSR (0x40000080) unsupported by gem5. Skipping.
src/arch/x86/kvm/x86_cpu.cc:1688: warn: kvm-x86: MSR (0x400000b0) unsupported by gem5. Skipping.
src/arch/x86/kvm/x86_cpu.cc:1688: warn: kvm-x86: MSR (0x40000073) unsupported by gem5. Skipping.
src/arch/x86/kvm/x86_cpu.cc:1688: warn: kvm-x86: MSR (0x40000106) unsupported by gem5. Skipping.
src/arch/x86/kvm/x86_cpu.cc:1688: warn: kvm-x86: MSR (0x40000107) unsupported by gem5. Skipping.
src/arch/x86/kvm/x86_cpu.cc:1688: warn: kvm-x86: MSR (0x40000108) unsupported by gem5. Skipping.
src/arch/x86/kvm/x86_cpu.cc:1688: warn: kvm-x86: MSR (0x40000118) unsupported by gem5. Skipping.
src/arch/x86/kvm/x86_cpu.cc:1688: warn: kvm-x86: MSR (0x400000ff) unsupported by gem5. Skipping.
src/arch/x86/kvm/x86_cpu.cc:1688: warn: kvm-x86: MSR (0x400000f1) unsupported by gem5. Skipping.
src/arch/x86/kvm/x86_cpu.cc:1688: warn: kvm-x86: MSR (0x400000f2) unsupported by gem5. Skipping.
src/arch/x86/kvm/x86_cpu.cc:1688: warn: kvm-x86: MSR (0x400000f3) unsupported by gem5. Skipping.
src/arch/x86/kvm/x86_cpu.cc:1688: warn: kvm-x86: MSR (0x400000f4) unsupported by gem5. Skipping.
src/arch/x86/kvm/x86_cpu.cc:1688: warn: kvm-x86: MSR (0x400000f5) unsupported by gem5. Skipping.
src/arch/x86/kvm/x86_cpu.cc:1688: warn: kvm-x86: MSR (0x4b564d02) unsupported by gem5. Skipping.
src/arch/x86/kvm/x86_cpu.cc:1688: warn: kvm-x86: MSR (0x4b564d03) unsupported by gem5. Skipping.
src/arch/x86/kvm/x86_cpu.cc:1688: warn: kvm-x86: MSR (0x4b564d04) unsupported by gem5. Skipping.
src/arch/x86/kvm/x86_cpu.cc:1688: warn: kvm-x86: MSR (0x4b564d06) unsupported by gem5. Skipping.
src/arch/x86/kvm/x86_cpu.cc:1688: warn: kvm-x86: MSR (0x4b564d07) unsupported by gem5. Skipping.
src/arch/x86/kvm/x86_cpu.cc:1688: warn: kvm-x86: MSR (0x3b) unsupported by gem5. Skipping.
src/arch/x86/kvm/x86_cpu.cc:1688: warn: kvm-x86: MSR (0x6e0) unsupported by gem5. Skipping.
src/arch/x86/kvm/x86_cpu.cc:1688: warn: kvm-x86: MSR (0x10a) unsupported by gem5. Skipping.
src/arch/x86/kvm/x86_cpu.cc:1688: warn: kvm-x86: MSR (0x345) unsupported by gem5. Skipping.
src/arch/x86/kvm/x86_cpu.cc:1688: warn: kvm-x86: MSR (0x1a0) unsupported by gem5. Skipping.
src/arch/x86/kvm/x86_cpu.cc:1688: warn: kvm-x86: MSR (0x4d0) unsupported by gem5. Skipping.
src/arch/x86/kvm/x86_cpu.cc:1688: warn: kvm-x86: MSR (0x9e) unsupported by gem5. Skipping.
src/arch/x86/kvm/x86_cpu.cc:1688: warn: kvm-x86: MSR (0x34) unsupported by gem5. Skipping.
src/arch/x86/kvm/x86_cpu.cc:1688: warn: kvm-x86: MSR (0xce) unsupported by gem5. Skipping.
src/arch/x86/kvm/x86_cpu.cc:1688: warn: kvm-x86: MSR (0x140) unsupported by gem5. Skipping.
src/arch/x86/kvm/x86_cpu.cc:1688: warn: kvm-x86: MSR (0x1fc) unsupported by gem5. Skipping.
src/arch/x86/kvm/x86_cpu.cc:1688: warn: kvm-x86: MSR (0x8b) unsupported by gem5. Skipping.
src/arch/x86/kvm/x86_cpu.cc:1688: warn: kvm-x86: MSR (0x480) unsupported by gem5. Skipping.
src/arch/x86/kvm/x86_cpu.cc:1688: warn: kvm-x86: MSR (0x48d) unsupported by gem5. Skipping.
src/arch/x86/kvm/x86_cpu.cc:1688: warn: kvm-x86: MSR (0x48e) unsupported by gem5. Skipping.
src/arch/x86/kvm/x86_cpu.cc:1688: warn: kvm-x86: MSR (0x48f) unsupported by gem5. Skipping.
src/arch/x86/kvm/x86_cpu.cc:1688: warn: kvm-x86: MSR (0x490) unsupported by gem5. Skipping.
src/arch/x86/kvm/x86_cpu.cc:1688: warn: kvm-x86: MSR (0x485) unsupported by gem5. Skipping.
src/arch/x86/kvm/x86_cpu.cc:1688: warn: kvm-x86: MSR (0x486) unsupported by gem5. Skipping.
src/arch/x86/kvm/x86_cpu.cc:1688: warn: kvm-x86: MSR (0x488) unsupported by gem5. Skipping.
src/arch/x86/kvm/x86_cpu.cc:1688: warn: kvm-x86: MSR (0x48a) unsupported by gem5. Skipping.
src/arch/x86/kvm/x86_cpu.cc:1688: warn: kvm-x86: MSR (0x48b) unsupported by gem5. Skipping.
src/arch/x86/kvm/x86_cpu.cc:1688: warn: kvm-x86: MSR (0x48c) unsupported by gem5. Skipping.
src/arch/x86/kvm/x86_cpu.cc:1688: warn: kvm-x86: MSR (0x491) unsupported by gem5. Skipping.
src/arch/x86/kvm/x86_cpu.cc:1688: warn: kvm-x86: MSR (0xc0010015) unsupported by gem5. Skipping.
src/arch/x86/kvm/x86_cpu.cc:1688: warn: kvm-x86: MSR (0x4b564d05) unsupported by gem5. Skipping.
src/arch/x86/kvm/x86_cpu.cc:563: warn: cs limit (0xffffffff) and g (0) combination is illegal.
src/arch/x86/kvm/x86_cpu.cc:563: warn: cs limit (0xffffffff) and g (0) combination is illegal.
src/arch/x86/kvm/x86_cpu.cc:563: warn: cs limit (0xffffffff) and g (0) combination is illegal.
src/arch/x86/kvm/x86_cpu.cc:1688: warn: kvm-x86: MSR (0x3a) unsupported by gem5. Skipping.
src/arch/x86/kvm/x86_cpu.cc:1688: warn: kvm-x86: MSR (0x48) unsupported by gem5. Skipping.
src/arch/x86/kvm/x86_cpu.cc:1688: warn: kvm-x86: MSR (0xe1) unsupported by gem5. Skipping.
src/arch/x86/kvm/x86_cpu.cc:1688: warn: kvm-x86: MSR (0x12) unsupported by gem5. Skipping.
src/arch/x86/kvm/x86_cpu.cc:1688: warn: kvm-x86: MSR (0x11) unsupported by gem5. Skipping.
src/arch/x86/kvm/x86_cpu.cc:1688: warn: kvm-x86: MSR (0x4b564d01) unsupported by gem5. Skipping.
src/arch/x86/kvm/x86_cpu.cc:1688: warn: kvm-x86: MSR (0x4b564d00) unsupported by gem5. Skipping.
src/arch/x86/kvm/x86_cpu.cc:1688: warn: kvm-x86: MSR (0x40000000) unsupported by gem5. Skipping.
src/arch/x86/kvm/x86_cpu.cc:1688: warn: kvm-x86: MSR (0x40000001) unsupported by gem5. Skipping.
src/arch/x86/kvm/x86_cpu.cc:1688: warn: kvm-x86: MSR (0x40000020) unsupported by gem5. Skipping.
src/arch/x86/kvm/x86_cpu.cc:1688: warn: kvm-x86: MSR (0x40000021) unsupported by gem5. Skipping.
src/arch/x86/kvm/x86_cpu.cc:1688: warn: kvm-x86: MSR (0x40000022) unsupported by gem5. Skipping.
src/arch/x86/kvm/x86_cpu.cc:1688: warn: kvm-x86: MSR (0x40000023) unsupported by gem5. Skipping.
src/arch/x86/kvm/x86_cpu.cc:1688: warn: kvm-x86: MSR (0x40000100) unsupported by gem5. Skipping.
src/arch/x86/kvm/x86_cpu.cc:1688: warn: kvm-x86: MSR (0x40000101) unsupported by gem5. Skipping.
src/arch/x86/kvm/x86_cpu.cc:1688: warn: kvm-x86: MSR (0x40000102) unsupported by gem5. Skipping.
src/arch/x86/kvm/x86_cpu.cc:1688: warn: kvm-x86: MSR (0x40000103) unsupported by gem5. Skipping.
src/arch/x86/kvm/x86_cpu.cc:1688: warn: kvm-x86: MSR (0x40000104) unsupported by gem5. Skipping.
src/arch/x86/kvm/x86_cpu.cc:1688: warn: kvm-x86: MSR (0x40000105) unsupported by gem5. Skipping.
src/arch/x86/kvm/x86_cpu.cc:1688: warn: kvm-x86: MSR (0x40000003) unsupported by gem5. Skipping.
src/arch/x86/kvm/x86_cpu.cc:1688: warn: kvm-x86: MSR (0x40000002) unsupported by gem5. Skipping.
src/arch/x86/kvm/x86_cpu.cc:1688: warn: kvm-x86: MSR (0x40000010) unsupported by gem5. Skipping.
src/arch/x86/kvm/x86_cpu.cc:1688: warn: kvm-x86: MSR (0x40000080) unsupported by gem5. Skipping.
src/arch/x86/kvm/x86_cpu.cc:1688: warn: kvm-x86: MSR (0x400000b0) unsupported by gem5. Skipping.
src/arch/x86/kvm/x86_cpu.cc:1688: warn: kvm-x86: MSR (0x40000073) unsupported by gem5. Skipping.
src/arch/x86/kvm/x86_cpu.cc:1688: warn: kvm-x86: MSR (0x40000106) unsupported by gem5. Skipping.
src/arch/x86/kvm/x86_cpu.cc:1688: warn: kvm-x86: MSR (0x40000107) unsupported by gem5. Skipping.
src/arch/x86/kvm/x86_cpu.cc:1688: warn: kvm-x86: MSR (0x40000108) unsupported by gem5. Skipping.
src/arch/x86/kvm/x86_cpu.cc:1688: warn: kvm-x86: MSR (0x40000118) unsupported by gem5. Skipping.
src/arch/x86/kvm/x86_cpu.cc:1688: warn: kvm-x86: MSR (0x400000ff) unsupported by gem5. Skipping.
src/arch/x86/kvm/x86_cpu.cc:1688: warn: kvm-x86: MSR (0x400000f1) unsupported by gem5. Skipping.
src/arch/x86/kvm/x86_cpu.cc:1688: warn: kvm-x86: MSR (0x400000f2) unsupported by gem5. Skipping.
src/arch/x86/kvm/x86_cpu.cc:1688: warn: kvm-x86: MSR (0x400000f3) unsupported by gem5. Skipping.
src/arch/x86/kvm/x86_cpu.cc:1688: warn: kvm-x86: MSR (0x400000f4) unsupported by gem5. Skipping.
src/arch/x86/kvm/x86_cpu.cc:1688: warn: kvm-x86: MSR (0x400000f5) unsupported by gem5. Skipping.
src/arch/x86/kvm/x86_cpu.cc:1688: warn: kvm-x86: MSR (0x4b564d02) unsupported by gem5. Skipping.
src/arch/x86/kvm/x86_cpu.cc:1688: warn: kvm-x86: MSR (0x4b564d03) unsupported by gem5. Skipping.
src/arch/x86/kvm/x86_cpu.cc:1688: warn: kvm-x86: MSR (0x4b564d04) unsupported by gem5. Skipping.
src/arch/x86/kvm/x86_cpu.cc:1688: warn: kvm-x86: MSR (0x4b564d06) unsupported by gem5. Skipping.
src/arch/x86/kvm/x86_cpu.cc:1688: warn: kvm-x86: MSR (0x4b564d07) unsupported by gem5. Skipping.
src/arch/x86/kvm/x86_cpu.cc:1688: warn: kvm-x86: MSR (0x3b) unsupported by gem5. Skipping.
src/arch/x86/kvm/x86_cpu.cc:1688: warn: kvm-x86: MSR (0x6e0) unsupported by gem5. Skipping.
src/arch/x86/kvm/x86_cpu.cc:1688: warn: kvm-x86: MSR (0x10a) unsupported by gem5. Skipping.
src/arch/x86/kvm/x86_cpu.cc:1688: warn: kvm-x86: MSR (0x345) unsupported by gem5. Skipping.
src/arch/x86/kvm/x86_cpu.cc:1688: warn: kvm-x86: MSR (0x1a0) unsupported by gem5. Skipping.
src/arch/x86/kvm/x86_cpu.cc:1688: warn: kvm-x86: MSR (0x4d0) unsupported by gem5. Skipping.
src/arch/x86/kvm/x86_cpu.cc:1688: warn: kvm-x86: MSR (0x9e) unsupported by gem5. Skipping.
src/arch/x86/kvm/x86_cpu.cc:1688: warn: kvm-x86: MSR (0x34) unsupported by gem5. Skipping.
src/arch/x86/kvm/x86_cpu.cc:1688: warn: kvm-x86: MSR (0xce) unsupported by gem5. Skipping.
src/arch/x86/kvm/x86_cpu.cc:1688: warn: kvm-x86: MSR (0x140) unsupported by gem5. Skipping.
src/arch/x86/kvm/x86_cpu.cc:1688: warn: kvm-x86: MSR (0x1fc) unsupported by gem5. Skipping.
src/arch/x86/kvm/x86_cpu.cc:1688: warn: kvm-x86: MSR (0x8b) unsupported by gem5. Skipping.
src/arch/x86/kvm/x86_cpu.cc:1688: warn: kvm-x86: MSR (0x480) unsupported by gem5. Skipping.
src/arch/x86/kvm/x86_cpu.cc:1688: warn: kvm-x86: MSR (0x48d) unsupported by gem5. Skipping.
src/arch/x86/kvm/x86_cpu.cc:1688: warn: kvm-x86: MSR (0x48e) unsupported by gem5. Skipping.
src/arch/x86/kvm/x86_cpu.cc:1688: warn: kvm-x86: MSR (0x48f) unsupported by gem5. Skipping.
src/arch/x86/kvm/x86_cpu.cc:1688: warn: kvm-x86: MSR (0x490) unsupported by gem5. Skipping.
src/arch/x86/kvm/x86_cpu.cc:1688: warn: kvm-x86: MSR (0x485) unsupported by gem5. Skipping.
src/arch/x86/kvm/x86_cpu.cc:1688: warn: kvm-x86: MSR (0x486) unsupported by gem5. Skipping.
src/arch/x86/kvm/x86_cpu.cc:1688: warn: kvm-x86: MSR (0x488) unsupported by gem5. Skipping.
src/arch/x86/kvm/x86_cpu.cc:1688: warn: kvm-x86: MSR (0x48a) unsupported by gem5. Skipping.
src/arch/x86/kvm/x86_cpu.cc:1688: warn: kvm-x86: MSR (0x48b) unsupported by gem5. Skipping.
src/arch/x86/kvm/x86_cpu.cc:1688: warn: kvm-x86: MSR (0x48c) unsupported by gem5. Skipping.
src/arch/x86/kvm/x86_cpu.cc:1688: warn: kvm-x86: MSR (0x491) unsupported by gem5. Skipping.
src/arch/x86/kvm/x86_cpu.cc:1688: warn: kvm-x86: MSR (0xc0010015) unsupported by gem5. Skipping.
src/arch/x86/kvm/x86_cpu.cc:1688: warn: kvm-x86: MSR (0x4b564d05) unsupported by gem5. Skipping.
src/arch/x86/kvm/x86_cpu.cc:563: warn: cs limit (0xffffffff) and g (0) combination is illegal.
src/arch/x86/kvm/x86_cpu.cc:563: warn: cs limit (0xffffffff) and g (0) combination is illegal.
src/arch/x86/kvm/x86_cpu.cc:563: warn: cs limit (0xffffffff) and g (0) combination is illegal.
src/arch/x86/kvm/x86_cpu.cc:1688: warn: kvm-x86: MSR (0x3a) unsupported by gem5. Skipping.
src/arch/x86/kvm/x86_cpu.cc:1688: warn: kvm-x86: MSR (0x48) unsupported by gem5. Skipping.
src/arch/x86/kvm/x86_cpu.cc:1688: warn: kvm-x86: MSR (0xe1) unsupported by gem5. Skipping.
src/arch/x86/kvm/x86_cpu.cc:1688: warn: kvm-x86: MSR (0x12) unsupported by gem5. Skipping.
src/arch/x86/kvm/x86_cpu.cc:1688: warn: kvm-x86: MSR (0x11) unsupported by gem5. Skipping.
src/arch/x86/kvm/x86_cpu.cc:1688: warn: kvm-x86: MSR (0x4b564d01) unsupported by gem5. Skipping.
src/arch/x86/kvm/x86_cpu.cc:1688: warn: kvm-x86: MSR (0x4b564d00) unsupported by gem5. Skipping.
src/arch/x86/kvm/x86_cpu.cc:1688: warn: kvm-x86: MSR (0x40000000) unsupported by gem5. Skipping.
src/arch/x86/kvm/x86_cpu.cc:1688: warn: kvm-x86: MSR (0x40000001) unsupported by gem5. Skipping.
src/arch/x86/kvm/x86_cpu.cc:1688: warn: kvm-x86: MSR (0x40000020) unsupported by gem5. Skipping.
src/arch/x86/kvm/x86_cpu.cc:1688: warn: kvm-x86: MSR (0x40000021) unsupported by gem5. Skipping.
src/arch/x86/kvm/x86_cpu.cc:1688: warn: kvm-x86: MSR (0x40000022) unsupported by gem5. Skipping.
src/arch/x86/kvm/x86_cpu.cc:1688: warn: kvm-x86: MSR (0x40000023) unsupported by gem5. Skipping.
src/arch/x86/kvm/x86_cpu.cc:1688: warn: kvm-x86: MSR (0x40000100) unsupported by gem5. Skipping.
src/arch/x86/kvm/x86_cpu.cc:1688: warn: kvm-x86: MSR (0x40000101) unsupported by gem5. Skipping.
src/arch/x86/kvm/x86_cpu.cc:1688: warn: kvm-x86: MSR (0x40000102) unsupported by gem5. Skipping.
src/arch/x86/kvm/x86_cpu.cc:1688: warn: kvm-x86: MSR (0x40000103) unsupported by gem5. Skipping.
src/arch/x86/kvm/x86_cpu.cc:1688: warn: kvm-x86: MSR (0x40000104) unsupported by gem5. Skipping.
src/arch/x86/kvm/x86_cpu.cc:1688: warn: kvm-x86: MSR (0x40000105) unsupported by gem5. Skipping.
src/arch/x86/kvm/x86_cpu.cc:1688: warn: kvm-x86: MSR (0x40000003) unsupported by gem5. Skipping.
src/arch/x86/kvm/x86_cpu.cc:1688: warn: kvm-x86: MSR (0x40000002) unsupported by gem5. Skipping.
src/arch/x86/kvm/x86_cpu.cc:1688: warn: kvm-x86: MSR (0x40000010) unsupported by gem5. Skipping.
src/arch/x86/kvm/x86_cpu.cc:1688: warn: kvm-x86: MSR (0x40000080) unsupported by gem5. Skipping.
src/arch/x86/kvm/x86_cpu.cc:1688: warn: kvm-x86: MSR (0x400000b0) unsupported by gem5. Skipping.
src/arch/x86/kvm/x86_cpu.cc:1688: warn: kvm-x86: MSR (0x40000073) unsupported by gem5. Skipping.
src/arch/x86/kvm/x86_cpu.cc:1688: warn: kvm-x86: MSR (0x40000106) unsupported by gem5. Skipping.
src/arch/x86/kvm/x86_cpu.cc:1688: warn: kvm-x86: MSR (0x40000107) unsupported by gem5. Skipping.
src/arch/x86/kvm/x86_cpu.cc:1688: warn: kvm-x86: MSR (0x40000108) unsupported by gem5. Skipping.
src/arch/x86/kvm/x86_cpu.cc:1688: warn: kvm-x86: MSR (0x40000118) unsupported by gem5. Skipping.
src/arch/x86/kvm/x86_cpu.cc:1688: warn: kvm-x86: MSR (0x400000ff) unsupported by gem5. Skipping.
src/arch/x86/kvm/x86_cpu.cc:1688: warn: kvm-x86: MSR (0x400000f1) unsupported by gem5. Skipping.
src/arch/x86/kvm/x86_cpu.cc:1688: warn: kvm-x86: MSR (0x400000f2) unsupported by gem5. Skipping.
src/arch/x86/kvm/x86_cpu.cc:1688: warn: kvm-x86: MSR (0x400000f3) unsupported by gem5. Skipping.
src/arch/x86/kvm/x86_cpu.cc:1688: warn: kvm-x86: MSR (0x400000f4) unsupported by gem5. Skipping.
src/arch/x86/kvm/x86_cpu.cc:1688: warn: kvm-x86: MSR (0x400000f5) unsupported by gem5. Skipping.
src/arch/x86/kvm/x86_cpu.cc:1688: warn: kvm-x86: MSR (0x4b564d02) unsupported by gem5. Skipping.
src/arch/x86/kvm/x86_cpu.cc:1688: warn: kvm-x86: MSR (0x4b564d03) unsupported by gem5. Skipping.
src/arch/x86/kvm/x86_cpu.cc:1688: warn: kvm-x86: MSR (0x4b564d04) unsupported by gem5. Skipping.
src/arch/x86/kvm/x86_cpu.cc:1688: warn: kvm-x86: MSR (0x4b564d06) unsupported by gem5. Skipping.
src/arch/x86/kvm/x86_cpu.cc:1688: warn: kvm-x86: MSR (0x4b564d07) unsupported by gem5. Skipping.
src/arch/x86/kvm/x86_cpu.cc:1688: warn: kvm-x86: MSR (0x3b) unsupported by gem5. Skipping.
src/arch/x86/kvm/x86_cpu.cc:1688: warn: kvm-x86: MSR (0x6e0) unsupported by gem5. Skipping.
src/arch/x86/kvm/x86_cpu.cc:1688: warn: kvm-x86: MSR (0x10a) unsupported by gem5. Skipping.
src/arch/x86/kvm/x86_cpu.cc:1688: warn: kvm-x86: MSR (0x345) unsupported by gem5. Skipping.
src/arch/x86/kvm/x86_cpu.cc:1688: warn: kvm-x86: MSR (0x1a0) unsupported by gem5. Skipping.
src/arch/x86/kvm/x86_cpu.cc:1688: warn: kvm-x86: MSR (0x4d0) unsupported by gem5. Skipping.
src/arch/x86/kvm/x86_cpu.cc:1688: warn: kvm-x86: MSR (0x9e) unsupported by gem5. Skipping.
src/arch/x86/kvm/x86_cpu.cc:1688: warn: kvm-x86: MSR (0x34) unsupported by gem5. Skipping.
src/arch/x86/kvm/x86_cpu.cc:1688: warn: kvm-x86: MSR (0xce) unsupported by gem5. Skipping.
src/arch/x86/kvm/x86_cpu.cc:1688: warn: kvm-x86: MSR (0x140) unsupported by gem5. Skipping.
src/arch/x86/kvm/x86_cpu.cc:1688: warn: kvm-x86: MSR (0x1fc) unsupported by gem5. Skipping.
src/arch/x86/kvm/x86_cpu.cc:1688: warn: kvm-x86: MSR (0x8b) unsupported by gem5. Skipping.
src/arch/x86/kvm/x86_cpu.cc:1688: warn: kvm-x86: MSR (0x480) unsupported by gem5. Skipping.
src/arch/x86/kvm/x86_cpu.cc:1688: warn: kvm-x86: MSR (0x48d) unsupported by gem5. Skipping.
src/arch/x86/kvm/x86_cpu.cc:1688: warn: kvm-x86: MSR (0x48e) unsupported by gem5. Skipping.
src/arch/x86/kvm/x86_cpu.cc:1688: warn: kvm-x86: MSR (0x48f) unsupported by gem5. Skipping.
src/arch/x86/kvm/x86_cpu.cc:1688: warn: kvm-x86: MSR (0x490) unsupported by gem5. Skipping.
src/arch/x86/kvm/x86_cpu.cc:1688: warn: kvm-x86: MSR (0x485) unsupported by gem5. Skipping.
src/arch/x86/kvm/x86_cpu.cc:1688: warn: kvm-x86: MSR (0x486) unsupported by gem5. Skipping.
src/arch/x86/kvm/x86_cpu.cc:1688: warn: kvm-x86: MSR (0x488) unsupported by gem5. Skipping.
src/arch/x86/kvm/x86_cpu.cc:1688: warn: kvm-x86: MSR (0x48a) unsupported by gem5. Skipping.
src/arch/x86/kvm/x86_cpu.cc:1688: warn: kvm-x86: MSR (0x48b) unsupported by gem5. Skipping.
src/arch/x86/kvm/x86_cpu.cc:1688: warn: kvm-x86: MSR (0x48c) unsupported by gem5. Skipping.
src/arch/x86/kvm/x86_cpu.cc:1688: warn: kvm-x86: MSR (0x491) unsupported by gem5. Skipping.
src/arch/x86/kvm/x86_cpu.cc:1688: warn: kvm-x86: MSR (0xc0010015) unsupported by gem5. Skipping.
src/arch/x86/kvm/x86_cpu.cc:1688: warn: kvm-x86: MSR (0x4b564d05) unsupported by gem5. Skipping.
src/arch/x86/kvm/x86_cpu.cc:563: warn: cs limit (0xffffffff) and g (0) combination is illegal.
src/arch/x86/kvm/x86_cpu.cc:563: warn: cs limit (0xffffffff) and g (0) combination is illegal.
src/arch/x86/kvm/x86_cpu.cc:563: warn: cs limit (0xffffffff) and g (0) combination is illegal.
src/arch/x86/kvm/x86_cpu.cc:1688: warn: kvm-x86: MSR (0x3a) unsupported by gem5. Skipping.
src/arch/x86/kvm/x86_cpu.cc:1688: warn: kvm-x86: MSR (0x48) unsupported by gem5. Skipping.
src/arch/x86/kvm/x86_cpu.cc:1688: warn: kvm-x86: MSR (0xe1) unsupported by gem5. Skipping.
src/arch/x86/kvm/x86_cpu.cc:1688: warn: kvm-x86: MSR (0x12) unsupported by gem5. Skipping.
src/arch/x86/kvm/x86_cpu.cc:1688: warn: kvm-x86: MSR (0x11) unsupported by gem5. Skipping.
src/arch/x86/kvm/x86_cpu.cc:1688: warn: kvm-x86: MSR (0x4b564d01) unsupported by gem5. Skipping.
src/arch/x86/kvm/x86_cpu.cc:1688: warn: kvm-x86: MSR (0x4b564d00) unsupported by gem5. Skipping.
src/arch/x86/kvm/x86_cpu.cc:1688: warn: kvm-x86: MSR (0x40000000) unsupported by gem5. Skipping.
src/arch/x86/kvm/x86_cpu.cc:1688: warn: kvm-x86: MSR (0x40000001) unsupported by gem5. Skipping.
src/arch/x86/kvm/x86_cpu.cc:1688: warn: kvm-x86: MSR (0x40000020) unsupported by gem5. Skipping.
src/arch/x86/kvm/x86_cpu.cc:1688: warn: kvm-x86: MSR (0x40000021) unsupported by gem5. Skipping.
src/arch/x86/kvm/x86_cpu.cc:1688: warn: kvm-x86: MSR (0x40000022) unsupported by gem5. Skipping.
src/arch/x86/kvm/x86_cpu.cc:1688: warn: kvm-x86: MSR (0x40000023) unsupported by gem5. Skipping.
src/arch/x86/kvm/x86_cpu.cc:1688: warn: kvm-x86: MSR (0x40000100) unsupported by gem5. Skipping.
src/arch/x86/kvm/x86_cpu.cc:1688: warn: kvm-x86: MSR (0x40000101) unsupported by gem5. Skipping.
src/arch/x86/kvm/x86_cpu.cc:1688: warn: kvm-x86: MSR (0x40000102) unsupported by gem5. Skipping.
src/arch/x86/kvm/x86_cpu.cc:1688: warn: kvm-x86: MSR (0x40000103) unsupported by gem5. Skipping.
src/arch/x86/kvm/x86_cpu.cc:1688: warn: kvm-x86: MSR (0x40000104) unsupported by gem5. Skipping.
src/arch/x86/kvm/x86_cpu.cc:1688: warn: kvm-x86: MSR (0x40000105) unsupported by gem5. Skipping.
src/arch/x86/kvm/x86_cpu.cc:1688: warn: kvm-x86: MSR (0x40000003) unsupported by gem5. Skipping.
src/arch/x86/kvm/x86_cpu.cc:1688: warn: kvm-x86: MSR (0x40000002) unsupported by gem5. Skipping.
src/arch/x86/kvm/x86_cpu.cc:1688: warn: kvm-x86: MSR (0x40000010) unsupported by gem5. Skipping.
src/arch/x86/kvm/x86_cpu.cc:1688: warn: kvm-x86: MSR (0x40000080) unsupported by gem5. Skipping.
src/arch/x86/kvm/x86_cpu.cc:1688: warn: kvm-x86: MSR (0x400000b0) unsupported by gem5. Skipping.
src/arch/x86/kvm/x86_cpu.cc:1688: warn: kvm-x86: MSR (0x40000073) unsupported by gem5. Skipping.
src/arch/x86/kvm/x86_cpu.cc:1688: warn: kvm-x86: MSR (0x40000106) unsupported by gem5. Skipping.
src/arch/x86/kvm/x86_cpu.cc:1688: warn: kvm-x86: MSR (0x40000107) unsupported by gem5. Skipping.
src/arch/x86/kvm/x86_cpu.cc:1688: warn: kvm-x86: MSR (0x40000108) unsupported by gem5. Skipping.
src/arch/x86/kvm/x86_cpu.cc:1688: warn: kvm-x86: MSR (0x40000118) unsupported by gem5. Skipping.
src/arch/x86/kvm/x86_cpu.cc:1688: warn: kvm-x86: MSR (0x400000ff) unsupported by gem5. Skipping.
src/arch/x86/kvm/x86_cpu.cc:1688: warn: kvm-x86: MSR (0x400000f1) unsupported by gem5. Skipping.
src/arch/x86/kvm/x86_cpu.cc:1688: warn: kvm-x86: MSR (0x400000f2) unsupported by gem5. Skipping.
src/arch/x86/kvm/x86_cpu.cc:1688: warn: kvm-x86: MSR (0x400000f3) unsupported by gem5. Skipping.
src/arch/x86/kvm/x86_cpu.cc:1688: warn: kvm-x86: MSR (0x400000f4) unsupported by gem5. Skipping.
src/arch/x86/kvm/x86_cpu.cc:1688: warn: kvm-x86: MSR (0x400000f5) unsupported by gem5. Skipping.
src/arch/x86/kvm/x86_cpu.cc:1688: warn: kvm-x86: MSR (0x4b564d02) unsupported by gem5. Skipping.
src/arch/x86/kvm/x86_cpu.cc:1688: warn: kvm-x86: MSR (0x4b564d03) unsupported by gem5. Skipping.
src/arch/x86/kvm/x86_cpu.cc:1688: warn: kvm-x86: MSR (0x4b564d04) unsupported by gem5. Skipping.
src/arch/x86/kvm/x86_cpu.cc:1688: warn: kvm-x86: MSR (0x4b564d06) unsupported by gem5. Skipping.
src/arch/x86/kvm/x86_cpu.cc:1688: warn: kvm-x86: MSR (0x4b564d07) unsupported by gem5. Skipping.
src/arch/x86/kvm/x86_cpu.cc:1688: warn: kvm-x86: MSR (0x3b) unsupported by gem5. Skipping.
src/arch/x86/kvm/x86_cpu.cc:1688: warn: kvm-x86: MSR (0x6e0) unsupported by gem5. Skipping.
src/arch/x86/kvm/x86_cpu.cc:1688: warn: kvm-x86: MSR (0x10a) unsupported by gem5. Skipping.
src/arch/x86/kvm/x86_cpu.cc:1688: warn: kvm-x86: MSR (0x345) unsupported by gem5. Skipping.
src/arch/x86/kvm/x86_cpu.cc:1688: warn: kvm-x86: MSR (0x1a0) unsupported by gem5. Skipping.
src/arch/x86/kvm/x86_cpu.cc:1688: warn: kvm-x86: MSR (0x4d0) unsupported by gem5. Skipping.
src/arch/x86/kvm/x86_cpu.cc:1688: warn: kvm-x86: MSR (0x9e) unsupported by gem5. Skipping.
src/arch/x86/kvm/x86_cpu.cc:1688: warn: kvm-x86: MSR (0x34) unsupported by gem5. Skipping.
src/arch/x86/kvm/x86_cpu.cc:1688: warn: kvm-x86: MSR (0xce) unsupported by gem5. Skipping.
src/arch/x86/kvm/x86_cpu.cc:1688: warn: kvm-x86: MSR (0x140) unsupported by gem5. Skipping.
src/arch/x86/kvm/x86_cpu.cc:1688: warn: kvm-x86: MSR (0x1fc) unsupported by gem5. Skipping.
src/arch/x86/kvm/x86_cpu.cc:1688: warn: kvm-x86: MSR (0x8b) unsupported by gem5. Skipping.
src/arch/x86/kvm/x86_cpu.cc:1688: warn: kvm-x86: MSR (0x480) unsupported by gem5. Skipping.
src/arch/x86/kvm/x86_cpu.cc:1688: warn: kvm-x86: MSR (0x48d) unsupported by gem5. Skipping.
src/arch/x86/kvm/x86_cpu.cc:1688: warn: kvm-x86: MSR (0x48e) unsupported by gem5. Skipping.
src/arch/x86/kvm/x86_cpu.cc:1688: warn: kvm-x86: MSR (0x48f) unsupported by gem5. Skipping.
src/arch/x86/kvm/x86_cpu.cc:1688: warn: kvm-x86: MSR (0x490) unsupported by gem5. Skipping.
src/arch/x86/kvm/x86_cpu.cc:1688: warn: kvm-x86: MSR (0x485) unsupported by gem5. Skipping.
src/arch/x86/kvm/x86_cpu.cc:1688: warn: kvm-x86: MSR (0x486) unsupported by gem5. Skipping.
src/arch/x86/kvm/x86_cpu.cc:1688: warn: kvm-x86: MSR (0x488) unsupported by gem5. Skipping.
src/arch/x86/kvm/x86_cpu.cc:1688: warn: kvm-x86: MSR (0x48a) unsupported by gem5. Skipping.
src/arch/x86/kvm/x86_cpu.cc:1688: warn: kvm-x86: MSR (0x48b) unsupported by gem5. Skipping.
src/arch/x86/kvm/x86_cpu.cc:1688: warn: kvm-x86: MSR (0x48c) unsupported by gem5. Skipping.
src/arch/x86/kvm/x86_cpu.cc:1688: warn: kvm-x86: MSR (0x491) unsupported by gem5. Skipping.
src/arch/x86/kvm/x86_cpu.cc:1688: warn: kvm-x86: MSR (0xc0010015) unsupported by gem5. Skipping.
src/arch/x86/kvm/x86_cpu.cc:1688: warn: kvm-x86: MSR (0x4b564d05) unsupported by gem5. Skipping.
src/arch/x86/kvm/x86_cpu.cc:563: warn: cs limit (0xffffffff) and g (0) combination is illegal.
src/arch/x86/kvm/x86_cpu.cc:563: warn: cs limit (0xffffffff) and g (0) combination is illegal.
src/arch/x86/kvm/x86_cpu.cc:563: warn: cs limit (0xffffffff) and g (0) combination is illegal.
src/arch/x86/kvm/x86_cpu.cc:1688: warn: kvm-x86: MSR (0x3a) unsupported by gem5. Skipping.
src/arch/x86/kvm/x86_cpu.cc:1688: warn: kvm-x86: MSR (0x48) unsupported by gem5. Skipping.
src/arch/x86/kvm/x86_cpu.cc:1688: warn: kvm-x86: MSR (0xe1) unsupported by gem5. Skipping.
src/arch/x86/kvm/x86_cpu.cc:1688: warn: kvm-x86: MSR (0x12) unsupported by gem5. Skipping.
src/arch/x86/kvm/x86_cpu.cc:1688: warn: kvm-x86: MSR (0x11) unsupported by gem5. Skipping.
src/arch/x86/kvm/x86_cpu.cc:1688: warn: kvm-x86: MSR (0x4b564d01) unsupported by gem5. Skipping.
src/arch/x86/kvm/x86_cpu.cc:1688: warn: kvm-x86: MSR (0x4b564d00) unsupported by gem5. Skipping.
src/arch/x86/kvm/x86_cpu.cc:1688: warn: kvm-x86: MSR (0x40000000) unsupported by gem5. Skipping.
src/arch/x86/kvm/x86_cpu.cc:1688: warn: kvm-x86: MSR (0x40000001) unsupported by gem5. Skipping.
src/arch/x86/kvm/x86_cpu.cc:1688: warn: kvm-x86: MSR (0x40000020) unsupported by gem5. Skipping.
src/arch/x86/kvm/x86_cpu.cc:1688: warn: kvm-x86: MSR (0x40000021) unsupported by gem5. Skipping.
src/arch/x86/kvm/x86_cpu.cc:1688: warn: kvm-x86: MSR (0x40000022) unsupported by gem5. Skipping.
src/arch/x86/kvm/x86_cpu.cc:1688: warn: kvm-x86: MSR (0x40000023) unsupported by gem5. Skipping.
src/arch/x86/kvm/x86_cpu.cc:1688: warn: kvm-x86: MSR (0x40000100) unsupported by gem5. Skipping.
src/arch/x86/kvm/x86_cpu.cc:1688: warn: kvm-x86: MSR (0x40000101) unsupported by gem5. Skipping.
src/arch/x86/kvm/x86_cpu.cc:1688: warn: kvm-x86: MSR (0x40000102) unsupported by gem5. Skipping.
src/arch/x86/kvm/x86_cpu.cc:1688: warn: kvm-x86: MSR (0x40000103) unsupported by gem5. Skipping.
src/arch/x86/kvm/x86_cpu.cc:1688: warn: kvm-x86: MSR (0x40000104) unsupported by gem5. Skipping.
src/arch/x86/kvm/x86_cpu.cc:1688: warn: kvm-x86: MSR (0x40000105) unsupported by gem5. Skipping.
src/arch/x86/kvm/x86_cpu.cc:1688: warn: kvm-x86: MSR (0x40000003) unsupported by gem5. Skipping.
src/arch/x86/kvm/x86_cpu.cc:1688: warn: kvm-x86: MSR (0x40000002) unsupported by gem5. Skipping.
src/arch/x86/kvm/x86_cpu.cc:1688: warn: kvm-x86: MSR (0x40000010) unsupported by gem5. Skipping.
src/arch/x86/kvm/x86_cpu.cc:1688: warn: kvm-x86: MSR (0x40000080) unsupported by gem5. Skipping.
src/arch/x86/kvm/x86_cpu.cc:1688: warn: kvm-x86: MSR (0x400000b0) unsupported by gem5. Skipping.
src/arch/x86/kvm/x86_cpu.cc:1688: warn: kvm-x86: MSR (0x40000073) unsupported by gem5. Skipping.
src/arch/x86/kvm/x86_cpu.cc:1688: warn: kvm-x86: MSR (0x40000106) unsupported by gem5. Skipping.
src/arch/x86/kvm/x86_cpu.cc:1688: warn: kvm-x86: MSR (0x40000107) unsupported by gem5. Skipping.
src/arch/x86/kvm/x86_cpu.cc:1688: warn: kvm-x86: MSR (0x40000108) unsupported by gem5. Skipping.
src/arch/x86/kvm/x86_cpu.cc:1688: warn: kvm-x86: MSR (0x40000118) unsupported by gem5. Skipping.
src/arch/x86/kvm/x86_cpu.cc:1688: warn: kvm-x86: MSR (0x400000ff) unsupported by gem5. Skipping.
src/arch/x86/kvm/x86_cpu.cc:1688: warn: kvm-x86: MSR (0x400000f1) unsupported by gem5. Skipping.
src/arch/x86/kvm/x86_cpu.cc:1688: warn: kvm-x86: MSR (0x400000f2) unsupported by gem5. Skipping.
src/arch/x86/kvm/x86_cpu.cc:1688: warn: kvm-x86: MSR (0x400000f3) unsupported by gem5. Skipping.
src/arch/x86/kvm/x86_cpu.cc:1688: warn: kvm-x86: MSR (0x400000f4) unsupported by gem5. Skipping.
src/arch/x86/kvm/x86_cpu.cc:1688: warn: kvm-x86: MSR (0x400000f5) unsupported by gem5. Skipping.
src/arch/x86/kvm/x86_cpu.cc:1688: warn: kvm-x86: MSR (0x4b564d02) unsupported by gem5. Skipping.
src/arch/x86/kvm/x86_cpu.cc:1688: warn: kvm-x86: MSR (0x4b564d03) unsupported by gem5. Skipping.
src/arch/x86/kvm/x86_cpu.cc:1688: warn: kvm-x86: MSR (0x4b564d04) unsupported by gem5. Skipping.
src/arch/x86/kvm/x86_cpu.cc:1688: warn: kvm-x86: MSR (0x4b564d06) unsupported by gem5. Skipping.
src/arch/x86/kvm/x86_cpu.cc:1688: warn: kvm-x86: MSR (0x4b564d07) unsupported by gem5. Skipping.
src/arch/x86/kvm/x86_cpu.cc:1688: warn: kvm-x86: MSR (0x3b) unsupported by gem5. Skipping.
src/arch/x86/kvm/x86_cpu.cc:1688: warn: kvm-x86: MSR (0x6e0) unsupported by gem5. Skipping.
src/arch/x86/kvm/x86_cpu.cc:1688: warn: kvm-x86: MSR (0x10a) unsupported by gem5. Skipping.
src/arch/x86/kvm/x86_cpu.cc:1688: warn: kvm-x86: MSR (0x345) unsupported by gem5. Skipping.
src/arch/x86/kvm/x86_cpu.cc:1688: warn: kvm-x86: MSR (0x1a0) unsupported by gem5. Skipping.
src/arch/x86/kvm/x86_cpu.cc:1688: warn: kvm-x86: MSR (0x4d0) unsupported by gem5. Skipping.
src/arch/x86/kvm/x86_cpu.cc:1688: warn: kvm-x86: MSR (0x9e) unsupported by gem5. Skipping.
src/arch/x86/kvm/x86_cpu.cc:1688: warn: kvm-x86: MSR (0x34) unsupported by gem5. Skipping.
src/arch/x86/kvm/x86_cpu.cc:1688: warn: kvm-x86: MSR (0xce) unsupported by gem5. Skipping.
src/arch/x86/kvm/x86_cpu.cc:1688: warn: kvm-x86: MSR (0x140) unsupported by gem5. Skipping.
src/arch/x86/kvm/x86_cpu.cc:1688: warn: kvm-x86: MSR (0x1fc) unsupported by gem5. Skipping.
src/arch/x86/kvm/x86_cpu.cc:1688: warn: kvm-x86: MSR (0x8b) unsupported by gem5. Skipping.
src/arch/x86/kvm/x86_cpu.cc:1688: warn: kvm-x86: MSR (0x480) unsupported by gem5. Skipping.
src/arch/x86/kvm/x86_cpu.cc:1688: warn: kvm-x86: MSR (0x48d) unsupported by gem5. Skipping.
src/arch/x86/kvm/x86_cpu.cc:1688: warn: kvm-x86: MSR (0x48e) unsupported by gem5. Skipping.
src/arch/x86/kvm/x86_cpu.cc:1688: warn: kvm-x86: MSR (0x48f) unsupported by gem5. Skipping.
src/arch/x86/kvm/x86_cpu.cc:1688: warn: kvm-x86: MSR (0x490) unsupported by gem5. Skipping.
src/arch/x86/kvm/x86_cpu.cc:1688: warn: kvm-x86: MSR (0x485) unsupported by gem5. Skipping.
src/arch/x86/kvm/x86_cpu.cc:1688: warn: kvm-x86: MSR (0x486) unsupported by gem5. Skipping.
src/arch/x86/kvm/x86_cpu.cc:1688: warn: kvm-x86: MSR (0x488) unsupported by gem5. Skipping.
src/arch/x86/kvm/x86_cpu.cc:1688: warn: kvm-x86: MSR (0x48a) unsupported by gem5. Skipping.
src/arch/x86/kvm/x86_cpu.cc:1688: warn: kvm-x86: MSR (0x48b) unsupported by gem5. Skipping.
src/arch/x86/kvm/x86_cpu.cc:1688: warn: kvm-x86: MSR (0x48c) unsupported by gem5. Skipping.
src/arch/x86/kvm/x86_cpu.cc:1688: warn: kvm-x86: MSR (0x491) unsupported by gem5. Skipping.
src/arch/x86/kvm/x86_cpu.cc:1688: warn: kvm-x86: MSR (0xc0010015) unsupported by gem5. Skipping.
src/arch/x86/kvm/x86_cpu.cc:1688: warn: kvm-x86: MSR (0x4b564d05) unsupported by gem5. Skipping.
src/arch/x86/kvm/x86_cpu.cc:563: warn: cs limit (0xffffffff) and g (0) combination is illegal.
src/arch/x86/kvm/x86_cpu.cc:563: warn: cs limit (0xffffffff) and g (0) combination is illegal.
src/arch/x86/kvm/x86_cpu.cc:563: warn: cs limit (0xffffffff) and g (0) combination is illegal.
src/arch/x86/kvm/x86_cpu.cc:1688: warn: kvm-x86: MSR (0x3a) unsupported by gem5. Skipping.
src/arch/x86/kvm/x86_cpu.cc:1688: warn: kvm-x86: MSR (0x48) unsupported by gem5. Skipping.
src/arch/x86/kvm/x86_cpu.cc:1688: warn: kvm-x86: MSR (0xe1) unsupported by gem5. Skipping.
src/arch/x86/kvm/x86_cpu.cc:1688: warn: kvm-x86: MSR (0x12) unsupported by gem5. Skipping.
src/arch/x86/kvm/x86_cpu.cc:1688: warn: kvm-x86: MSR (0x11) unsupported by gem5. Skipping.
src/arch/x86/kvm/x86_cpu.cc:1688: warn: kvm-x86: MSR (0x4b564d01) unsupported by gem5. Skipping.
src/arch/x86/kvm/x86_cpu.cc:1688: warn: kvm-x86: MSR (0x4b564d00) unsupported by gem5. Skipping.
src/arch/x86/kvm/x86_cpu.cc:1688: warn: kvm-x86: MSR (0x40000000) unsupported by gem5. Skipping.
src/arch/x86/kvm/x86_cpu.cc:1688: warn: kvm-x86: MSR (0x40000001) unsupported by gem5. Skipping.
src/arch/x86/kvm/x86_cpu.cc:1688: warn: kvm-x86: MSR (0x40000020) unsupported by gem5. Skipping.
src/arch/x86/kvm/x86_cpu.cc:1688: warn: kvm-x86: MSR (0x40000021) unsupported by gem5. Skipping.
src/arch/x86/kvm/x86_cpu.cc:1688: warn: kvm-x86: MSR (0x40000022) unsupported by gem5. Skipping.
src/arch/x86/kvm/x86_cpu.cc:1688: warn: kvm-x86: MSR (0x40000023) unsupported by gem5. Skipping.
src/arch/x86/kvm/x86_cpu.cc:1688: warn: kvm-x86: MSR (0x40000100) unsupported by gem5. Skipping.
src/arch/x86/kvm/x86_cpu.cc:1688: warn: kvm-x86: MSR (0x40000101) unsupported by gem5. Skipping.
src/arch/x86/kvm/x86_cpu.cc:1688: warn: kvm-x86: MSR (0x40000102) unsupported by gem5. Skipping.
src/arch/x86/kvm/x86_cpu.cc:1688: warn: kvm-x86: MSR (0x40000103) unsupported by gem5. Skipping.
src/arch/x86/kvm/x86_cpu.cc:1688: warn: kvm-x86: MSR (0x40000104) unsupported by gem5. Skipping.
src/arch/x86/kvm/x86_cpu.cc:1688: warn: kvm-x86: MSR (0x40000105) unsupported by gem5. Skipping.
src/arch/x86/kvm/x86_cpu.cc:1688: warn: kvm-x86: MSR (0x40000003) unsupported by gem5. Skipping.
src/arch/x86/kvm/x86_cpu.cc:1688: warn: kvm-x86: MSR (0x40000002) unsupported by gem5. Skipping.
src/arch/x86/kvm/x86_cpu.cc:1688: warn: kvm-x86: MSR (0x40000010) unsupported by gem5. Skipping.
src/arch/x86/kvm/x86_cpu.cc:1688: warn: kvm-x86: MSR (0x40000080) unsupported by gem5. Skipping.
src/arch/x86/kvm/x86_cpu.cc:1688: warn: kvm-x86: MSR (0x400000b0) unsupported by gem5. Skipping.
src/arch/x86/kvm/x86_cpu.cc:1688: warn: kvm-x86: MSR (0x40000073) unsupported by gem5. Skipping.
src/arch/x86/kvm/x86_cpu.cc:1688: warn: kvm-x86: MSR (0x40000106) unsupported by gem5. Skipping.
src/arch/x86/kvm/x86_cpu.cc:1688: warn: kvm-x86: MSR (0x40000107) unsupported by gem5. Skipping.
src/arch/x86/kvm/x86_cpu.cc:1688: warn: kvm-x86: MSR (0x40000108) unsupported by gem5. Skipping.
src/arch/x86/kvm/x86_cpu.cc:1688: warn: kvm-x86: MSR (0x40000118) unsupported by gem5. Skipping.
src/arch/x86/kvm/x86_cpu.cc:1688: warn: kvm-x86: MSR (0x400000ff) unsupported by gem5. Skipping.
src/arch/x86/kvm/x86_cpu.cc:1688: warn: kvm-x86: MSR (0x400000f1) unsupported by gem5. Skipping.
src/arch/x86/kvm/x86_cpu.cc:1688: warn: kvm-x86: MSR (0x400000f2) unsupported by gem5. Skipping.
src/arch/x86/kvm/x86_cpu.cc:1688: warn: kvm-x86: MSR (0x400000f3) unsupported by gem5. Skipping.
src/arch/x86/kvm/x86_cpu.cc:1688: warn: kvm-x86: MSR (0x400000f4) unsupported by gem5. Skipping.
src/arch/x86/kvm/x86_cpu.cc:1688: warn: kvm-x86: MSR (0x400000f5) unsupported by gem5. Skipping.
src/arch/x86/kvm/x86_cpu.cc:1688: warn: kvm-x86: MSR (0x4b564d02) unsupported by gem5. Skipping.
src/arch/x86/kvm/x86_cpu.cc:1688: warn: kvm-x86: MSR (0x4b564d03) unsupported by gem5. Skipping.
src/arch/x86/kvm/x86_cpu.cc:1688: warn: kvm-x86: MSR (0x4b564d04) unsupported by gem5. Skipping.
src/arch/x86/kvm/x86_cpu.cc:1688: warn: kvm-x86: MSR (0x4b564d06) unsupported by gem5. Skipping.
src/arch/x86/kvm/x86_cpu.cc:1688: warn: kvm-x86: MSR (0x4b564d07) unsupported by gem5. Skipping.
src/arch/x86/kvm/x86_cpu.cc:1688: warn: kvm-x86: MSR (0x3b) unsupported by gem5. Skipping.
src/arch/x86/kvm/x86_cpu.cc:1688: warn: kvm-x86: MSR (0x6e0) unsupported by gem5. Skipping.
src/arch/x86/kvm/x86_cpu.cc:1688: warn: kvm-x86: MSR (0x10a) unsupported by gem5. Skipping.
src/arch/x86/kvm/x86_cpu.cc:1688: warn: kvm-x86: MSR (0x345) unsupported by gem5. Skipping.
src/arch/x86/kvm/x86_cpu.cc:1688: warn: kvm-x86: MSR (0x1a0) unsupported by gem5. Skipping.
src/arch/x86/kvm/x86_cpu.cc:1688: warn: kvm-x86: MSR (0x4d0) unsupported by gem5. Skipping.
src/arch/x86/kvm/x86_cpu.cc:1688: warn: kvm-x86: MSR (0x9e) unsupported by gem5. Skipping.
src/arch/x86/kvm/x86_cpu.cc:1688: warn: kvm-x86: MSR (0x34) unsupported by gem5. Skipping.
src/arch/x86/kvm/x86_cpu.cc:1688: warn: kvm-x86: MSR (0xce) unsupported by gem5. Skipping.
src/arch/x86/kvm/x86_cpu.cc:1688: warn: kvm-x86: MSR (0x140) unsupported by gem5. Skipping.
src/arch/x86/kvm/x86_cpu.cc:1688: warn: kvm-x86: MSR (0x1fc) unsupported by gem5. Skipping.
src/arch/x86/kvm/x86_cpu.cc:1688: warn: kvm-x86: MSR (0x8b) unsupported by gem5. Skipping.
src/arch/x86/kvm/x86_cpu.cc:1688: warn: kvm-x86: MSR (0x480) unsupported by gem5. Skipping.
src/arch/x86/kvm/x86_cpu.cc:1688: warn: kvm-x86: MSR (0x48d) unsupported by gem5. Skipping.
src/arch/x86/kvm/x86_cpu.cc:1688: warn: kvm-x86: MSR (0x48e) unsupported by gem5. Skipping.
src/arch/x86/kvm/x86_cpu.cc:1688: warn: kvm-x86: MSR (0x48f) unsupported by gem5. Skipping.
src/arch/x86/kvm/x86_cpu.cc:1688: warn: kvm-x86: MSR (0x490) unsupported by gem5. Skipping.
src/arch/x86/kvm/x86_cpu.cc:1688: warn: kvm-x86: MSR (0x485) unsupported by gem5. Skipping.
src/arch/x86/kvm/x86_cpu.cc:1688: warn: kvm-x86: MSR (0x486) unsupported by gem5. Skipping.
src/arch/x86/kvm/x86_cpu.cc:1688: warn: kvm-x86: MSR (0x488) unsupported by gem5. Skipping.
src/arch/x86/kvm/x86_cpu.cc:1688: warn: kvm-x86: MSR (0x48a) unsupported by gem5. Skipping.
src/arch/x86/kvm/x86_cpu.cc:1688: warn: kvm-x86: MSR (0x48b) unsupported by gem5. Skipping.
src/arch/x86/kvm/x86_cpu.cc:1688: warn: kvm-x86: MSR (0x48c) unsupported by gem5. Skipping.
src/arch/x86/kvm/x86_cpu.cc:1688: warn: kvm-x86: MSR (0x491) unsupported by gem5. Skipping.
src/arch/x86/kvm/x86_cpu.cc:1688: warn: kvm-x86: MSR (0xc0010015) unsupported by gem5. Skipping.
src/arch/x86/kvm/x86_cpu.cc:1688: warn: kvm-x86: MSR (0x4b564d05) unsupported by gem5. Skipping.
src/arch/x86/kvm/x86_cpu.cc:563: warn: cs limit (0xffffffff) and g (0) combination is illegal.
src/arch/x86/kvm/x86_cpu.cc:563: warn: cs limit (0xffffffff) and g (0) combination is illegal.
src/arch/x86/kvm/x86_cpu.cc:563: warn: cs limit (0xffffffff) and g (0) combination is illegal.
src/arch/x86/kvm/x86_cpu.cc:1688: warn: kvm-x86: MSR (0x3a) unsupported by gem5. Skipping.
src/arch/x86/kvm/x86_cpu.cc:1688: warn: kvm-x86: MSR (0x48) unsupported by gem5. Skipping.
src/arch/x86/kvm/x86_cpu.cc:1688: warn: kvm-x86: MSR (0xe1) unsupported by gem5. Skipping.
src/arch/x86/kvm/x86_cpu.cc:1688: warn: kvm-x86: MSR (0x12) unsupported by gem5. Skipping.
src/arch/x86/kvm/x86_cpu.cc:1688: warn: kvm-x86: MSR (0x11) unsupported by gem5. Skipping.
src/arch/x86/kvm/x86_cpu.cc:1688: warn: kvm-x86: MSR (0x4b564d01) unsupported by gem5. Skipping.
src/arch/x86/kvm/x86_cpu.cc:1688: warn: kvm-x86: MSR (0x4b564d00) unsupported by gem5. Skipping.
src/arch/x86/kvm/x86_cpu.cc:1688: warn: kvm-x86: MSR (0x40000000) unsupported by gem5. Skipping.
src/arch/x86/kvm/x86_cpu.cc:1688: warn: kvm-x86: MSR (0x40000001) unsupported by gem5. Skipping.
src/arch/x86/kvm/x86_cpu.cc:1688: warn: kvm-x86: MSR (0x40000020) unsupported by gem5. Skipping.
src/arch/x86/kvm/x86_cpu.cc:1688: warn: kvm-x86: MSR (0x40000021) unsupported by gem5. Skipping.
src/arch/x86/kvm/x86_cpu.cc:1688: warn: kvm-x86: MSR (0x40000022) unsupported by gem5. Skipping.
src/arch/x86/kvm/x86_cpu.cc:1688: warn: kvm-x86: MSR (0x40000023) unsupported by gem5. Skipping.
src/arch/x86/kvm/x86_cpu.cc:1688: warn: kvm-x86: MSR (0x40000100) unsupported by gem5. Skipping.
src/arch/x86/kvm/x86_cpu.cc:1688: warn: kvm-x86: MSR (0x40000101) unsupported by gem5. Skipping.
src/arch/x86/kvm/x86_cpu.cc:1688: warn: kvm-x86: MSR (0x40000102) unsupported by gem5. Skipping.
src/arch/x86/kvm/x86_cpu.cc:1688: warn: kvm-x86: MSR (0x40000103) unsupported by gem5. Skipping.
src/arch/x86/kvm/x86_cpu.cc:1688: warn: kvm-x86: MSR (0x40000104) unsupported by gem5. Skipping.
src/arch/x86/kvm/x86_cpu.cc:1688: warn: kvm-x86: MSR (0x40000105) unsupported by gem5. Skipping.
src/arch/x86/kvm/x86_cpu.cc:1688: warn: kvm-x86: MSR (0x40000003) unsupported by gem5. Skipping.
src/arch/x86/kvm/x86_cpu.cc:1688: warn: kvm-x86: MSR (0x40000002) unsupported by gem5. Skipping.
src/arch/x86/kvm/x86_cpu.cc:1688: warn: kvm-x86: MSR (0x40000010) unsupported by gem5. Skipping.
src/arch/x86/kvm/x86_cpu.cc:1688: warn: kvm-x86: MSR (0x40000080) unsupported by gem5. Skipping.
src/arch/x86/kvm/x86_cpu.cc:1688: warn: kvm-x86: MSR (0x400000b0) unsupported by gem5. Skipping.
src/arch/x86/kvm/x86_cpu.cc:1688: warn: kvm-x86: MSR (0x40000073) unsupported by gem5. Skipping.
src/arch/x86/kvm/x86_cpu.cc:1688: warn: kvm-x86: MSR (0x40000106) unsupported by gem5. Skipping.
src/arch/x86/kvm/x86_cpu.cc:1688: warn: kvm-x86: MSR (0x40000107) unsupported by gem5. Skipping.
src/arch/x86/kvm/x86_cpu.cc:1688: warn: kvm-x86: MSR (0x40000108) unsupported by gem5. Skipping.
src/arch/x86/kvm/x86_cpu.cc:1688: warn: kvm-x86: MSR (0x40000118) unsupported by gem5. Skipping.
src/arch/x86/kvm/x86_cpu.cc:1688: warn: kvm-x86: MSR (0x400000ff) unsupported by gem5. Skipping.
src/arch/x86/kvm/x86_cpu.cc:1688: warn: kvm-x86: MSR (0x400000f1) unsupported by gem5. Skipping.
src/arch/x86/kvm/x86_cpu.cc:1688: warn: kvm-x86: MSR (0x400000f2) unsupported by gem5. Skipping.
src/arch/x86/kvm/x86_cpu.cc:1688: warn: kvm-x86: MSR (0x400000f3) unsupported by gem5. Skipping.
src/arch/x86/kvm/x86_cpu.cc:1688: warn: kvm-x86: MSR (0x400000f4) unsupported by gem5. Skipping.
src/arch/x86/kvm/x86_cpu.cc:1688: warn: kvm-x86: MSR (0x400000f5) unsupported by gem5. Skipping.
src/arch/x86/kvm/x86_cpu.cc:1688: warn: kvm-x86: MSR (0x4b564d02) unsupported by gem5. Skipping.
src/arch/x86/kvm/x86_cpu.cc:1688: warn: kvm-x86: MSR (0x4b564d03) unsupported by gem5. Skipping.
src/arch/x86/kvm/x86_cpu.cc:1688: warn: kvm-x86: MSR (0x4b564d04) unsupported by gem5. Skipping.
src/arch/x86/kvm/x86_cpu.cc:1688: warn: kvm-x86: MSR (0x4b564d06) unsupported by gem5. Skipping.
src/arch/x86/kvm/x86_cpu.cc:1688: warn: kvm-x86: MSR (0x4b564d07) unsupported by gem5. Skipping.
src/arch/x86/kvm/x86_cpu.cc:1688: warn: kvm-x86: MSR (0x3b) unsupported by gem5. Skipping.
src/arch/x86/kvm/x86_cpu.cc:1688: warn: kvm-x86: MSR (0x6e0) unsupported by gem5. Skipping.
src/arch/x86/kvm/x86_cpu.cc:1688: warn: kvm-x86: MSR (0x10a) unsupported by gem5. Skipping.
src/arch/x86/kvm/x86_cpu.cc:1688: warn: kvm-x86: MSR (0x345) unsupported by gem5. Skipping.
src/arch/x86/kvm/x86_cpu.cc:1688: warn: kvm-x86: MSR (0x1a0) unsupported by gem5. Skipping.
src/arch/x86/kvm/x86_cpu.cc:1688: warn: kvm-x86: MSR (0x4d0) unsupported by gem5. Skipping.
src/arch/x86/kvm/x86_cpu.cc:1688: warn: kvm-x86: MSR (0x9e) unsupported by gem5. Skipping.
src/arch/x86/kvm/x86_cpu.cc:1688: warn: kvm-x86: MSR (0x34) unsupported by gem5. Skipping.
src/arch/x86/kvm/x86_cpu.cc:1688: warn: kvm-x86: MSR (0xce) unsupported by gem5. Skipping.
src/arch/x86/kvm/x86_cpu.cc:1688: warn: kvm-x86: MSR (0x140) unsupported by gem5. Skipping.
src/arch/x86/kvm/x86_cpu.cc:1688: warn: kvm-x86: MSR (0x1fc) unsupported by gem5. Skipping.
src/arch/x86/kvm/x86_cpu.cc:1688: warn: kvm-x86: MSR (0x8b) unsupported by gem5. Skipping.
src/arch/x86/kvm/x86_cpu.cc:1688: warn: kvm-x86: MSR (0x480) unsupported by gem5. Skipping.
src/arch/x86/kvm/x86_cpu.cc:1688: warn: kvm-x86: MSR (0x48d) unsupported by gem5. Skipping.
src/arch/x86/kvm/x86_cpu.cc:1688: warn: kvm-x86: MSR (0x48e) unsupported by gem5. Skipping.
src/arch/x86/kvm/x86_cpu.cc:1688: warn: kvm-x86: MSR (0x48f) unsupported by gem5. Skipping.
src/arch/x86/kvm/x86_cpu.cc:1688: warn: kvm-x86: MSR (0x490) unsupported by gem5. Skipping.
src/arch/x86/kvm/x86_cpu.cc:1688: warn: kvm-x86: MSR (0x485) unsupported by gem5. Skipping.
src/arch/x86/kvm/x86_cpu.cc:1688: warn: kvm-x86: MSR (0x486) unsupported by gem5. Skipping.
src/arch/x86/kvm/x86_cpu.cc:1688: warn: kvm-x86: MSR (0x488) unsupported by gem5. Skipping.
src/arch/x86/kvm/x86_cpu.cc:1688: warn: kvm-x86: MSR (0x48a) unsupported by gem5. Skipping.
src/arch/x86/kvm/x86_cpu.cc:1688: warn: kvm-x86: MSR (0x48b) unsupported by gem5. Skipping.
src/arch/x86/kvm/x86_cpu.cc:1688: warn: kvm-x86: MSR (0x48c) unsupported by gem5. Skipping.
src/arch/x86/kvm/x86_cpu.cc:1688: warn: kvm-x86: MSR (0x491) unsupported by gem5. Skipping.
src/arch/x86/kvm/x86_cpu.cc:1688: warn: kvm-x86: MSR (0xc0010015) unsupported by gem5. Skipping.
src/arch/x86/kvm/x86_cpu.cc:1688: warn: kvm-x86: MSR (0x4b564d05) unsupported by gem5. Skipping.
src/arch/x86/kvm/x86_cpu.cc:563: warn: cs limit (0xffffffff) and g (0) combination is illegal.
src/arch/x86/kvm/x86_cpu.cc:563: warn: cs limit (0xffffffff) and g (0) combination is illegal.
src/arch/x86/kvm/x86_cpu.cc:563: warn: cs limit (0xffffffff) and g (0) combination is illegal.
src/arch/x86/kvm/x86_cpu.cc:1688: warn: kvm-x86: MSR (0x3a) unsupported by gem5. Skipping.
src/arch/x86/kvm/x86_cpu.cc:1688: warn: kvm-x86: MSR (0x48) unsupported by gem5. Skipping.
src/arch/x86/kvm/x86_cpu.cc:1688: warn: kvm-x86: MSR (0xe1) unsupported by gem5. Skipping.
src/arch/x86/kvm/x86_cpu.cc:1688: warn: kvm-x86: MSR (0x12) unsupported by gem5. Skipping.
src/arch/x86/kvm/x86_cpu.cc:1688: warn: kvm-x86: MSR (0x11) unsupported by gem5. Skipping.
src/arch/x86/kvm/x86_cpu.cc:1688: warn: kvm-x86: MSR (0x4b564d01) unsupported by gem5. Skipping.
src/arch/x86/kvm/x86_cpu.cc:1688: warn: kvm-x86: MSR (0x4b564d00) unsupported by gem5. Skipping.
src/arch/x86/kvm/x86_cpu.cc:1688: warn: kvm-x86: MSR (0x40000000) unsupported by gem5. Skipping.
src/arch/x86/kvm/x86_cpu.cc:1688: warn: kvm-x86: MSR (0x40000001) unsupported by gem5. Skipping.
src/arch/x86/kvm/x86_cpu.cc:1688: warn: kvm-x86: MSR (0x40000020) unsupported by gem5. Skipping.
src/arch/x86/kvm/x86_cpu.cc:1688: warn: kvm-x86: MSR (0x40000021) unsupported by gem5. Skipping.
src/arch/x86/kvm/x86_cpu.cc:1688: warn: kvm-x86: MSR (0x40000022) unsupported by gem5. Skipping.
src/arch/x86/kvm/x86_cpu.cc:1688: warn: kvm-x86: MSR (0x40000023) unsupported by gem5. Skipping.
src/arch/x86/kvm/x86_cpu.cc:1688: warn: kvm-x86: MSR (0x40000100) unsupported by gem5. Skipping.
src/arch/x86/kvm/x86_cpu.cc:1688: warn: kvm-x86: MSR (0x40000101) unsupported by gem5. Skipping.
src/arch/x86/kvm/x86_cpu.cc:1688: warn: kvm-x86: MSR (0x40000102) unsupported by gem5. Skipping.
src/arch/x86/kvm/x86_cpu.cc:1688: warn: kvm-x86: MSR (0x40000103) unsupported by gem5. Skipping.
src/arch/x86/kvm/x86_cpu.cc:1688: warn: kvm-x86: MSR (0x40000104) unsupported by gem5. Skipping.
src/arch/x86/kvm/x86_cpu.cc:1688: warn: kvm-x86: MSR (0x40000105) unsupported by gem5. Skipping.
src/arch/x86/kvm/x86_cpu.cc:1688: warn: kvm-x86: MSR (0x40000003) unsupported by gem5. Skipping.
src/arch/x86/kvm/x86_cpu.cc:1688: warn: kvm-x86: MSR (0x40000002) unsupported by gem5. Skipping.
src/arch/x86/kvm/x86_cpu.cc:1688: warn: kvm-x86: MSR (0x40000010) unsupported by gem5. Skipping.
src/arch/x86/kvm/x86_cpu.cc:1688: warn: kvm-x86: MSR (0x40000080) unsupported by gem5. Skipping.
src/arch/x86/kvm/x86_cpu.cc:1688: warn: kvm-x86: MSR (0x400000b0) unsupported by gem5. Skipping.
src/arch/x86/kvm/x86_cpu.cc:1688: warn: kvm-x86: MSR (0x40000073) unsupported by gem5. Skipping.
src/arch/x86/kvm/x86_cpu.cc:1688: warn: kvm-x86: MSR (0x40000106) unsupported by gem5. Skipping.
src/arch/x86/kvm/x86_cpu.cc:1688: warn: kvm-x86: MSR (0x40000107) unsupported by gem5. Skipping.
src/arch/x86/kvm/x86_cpu.cc:1688: warn: kvm-x86: MSR (0x40000108) unsupported by gem5. Skipping.
src/arch/x86/kvm/x86_cpu.cc:1688: warn: kvm-x86: MSR (0x40000118) unsupported by gem5. Skipping.
src/arch/x86/kvm/x86_cpu.cc:1688: warn: kvm-x86: MSR (0x400000ff) unsupported by gem5. Skipping.
src/arch/x86/kvm/x86_cpu.cc:1688: warn: kvm-x86: MSR (0x400000f1) unsupported by gem5. Skipping.
src/arch/x86/kvm/x86_cpu.cc:1688: warn: kvm-x86: MSR (0x400000f2) unsupported by gem5. Skipping.
src/arch/x86/kvm/x86_cpu.cc:1688: warn: kvm-x86: MSR (0x400000f3) unsupported by gem5. Skipping.
src/arch/x86/kvm/x86_cpu.cc:1688: warn: kvm-x86: MSR (0x400000f4) unsupported by gem5. Skipping.
src/arch/x86/kvm/x86_cpu.cc:1688: warn: kvm-x86: MSR (0x400000f5) unsupported by gem5. Skipping.
src/arch/x86/kvm/x86_cpu.cc:1688: warn: kvm-x86: MSR (0x4b564d02) unsupported by gem5. Skipping.
src/arch/x86/kvm/x86_cpu.cc:1688: warn: kvm-x86: MSR (0x4b564d03) unsupported by gem5. Skipping.
src/arch/x86/kvm/x86_cpu.cc:1688: warn: kvm-x86: MSR (0x4b564d04) unsupported by gem5. Skipping.
src/arch/x86/kvm/x86_cpu.cc:1688: warn: kvm-x86: MSR (0x4b564d06) unsupported by gem5. Skipping.
src/arch/x86/kvm/x86_cpu.cc:1688: warn: kvm-x86: MSR (0x4b564d07) unsupported by gem5. Skipping.
src/arch/x86/kvm/x86_cpu.cc:1688: warn: kvm-x86: MSR (0x3b) unsupported by gem5. Skipping.
src/arch/x86/kvm/x86_cpu.cc:1688: warn: kvm-x86: MSR (0x6e0) unsupported by gem5. Skipping.
src/arch/x86/kvm/x86_cpu.cc:1688: warn: kvm-x86: MSR (0x10a) unsupported by gem5. Skipping.
src/arch/x86/kvm/x86_cpu.cc:1688: warn: kvm-x86: MSR (0x345) unsupported by gem5. Skipping.
src/arch/x86/kvm/x86_cpu.cc:1688: warn: kvm-x86: MSR (0x1a0) unsupported by gem5. Skipping.
src/arch/x86/kvm/x86_cpu.cc:1688: warn: kvm-x86: MSR (0x4d0) unsupported by gem5. Skipping.
src/arch/x86/kvm/x86_cpu.cc:1688: warn: kvm-x86: MSR (0x9e) unsupported by gem5. Skipping.
src/arch/x86/kvm/x86_cpu.cc:1688: warn: kvm-x86: MSR (0x34) unsupported by gem5. Skipping.
src/arch/x86/kvm/x86_cpu.cc:1688: warn: kvm-x86: MSR (0xce) unsupported by gem5. Skipping.
src/arch/x86/kvm/x86_cpu.cc:1688: warn: kvm-x86: MSR (0x140) unsupported by gem5. Skipping.
src/arch/x86/kvm/x86_cpu.cc:1688: warn: kvm-x86: MSR (0x1fc) unsupported by gem5. Skipping.
src/arch/x86/kvm/x86_cpu.cc:1688: warn: kvm-x86: MSR (0x8b) unsupported by gem5. Skipping.
src/arch/x86/kvm/x86_cpu.cc:1688: warn: kvm-x86: MSR (0x480) unsupported by gem5. Skipping.
src/arch/x86/kvm/x86_cpu.cc:1688: warn: kvm-x86: MSR (0x48d) unsupported by gem5. Skipping.
src/arch/x86/kvm/x86_cpu.cc:1688: warn: kvm-x86: MSR (0x48e) unsupported by gem5. Skipping.
src/arch/x86/kvm/x86_cpu.cc:1688: warn: kvm-x86: MSR (0x48f) unsupported by gem5. Skipping.
src/arch/x86/kvm/x86_cpu.cc:1688: warn: kvm-x86: MSR (0x490) unsupported by gem5. Skipping.
src/arch/x86/kvm/x86_cpu.cc:1688: warn: kvm-x86: MSR (0x485) unsupported by gem5. Skipping.
src/arch/x86/kvm/x86_cpu.cc:1688: warn: kvm-x86: MSR (0x486) unsupported by gem5. Skipping.
src/arch/x86/kvm/x86_cpu.cc:1688: warn: kvm-x86: MSR (0x488) unsupported by gem5. Skipping.
src/arch/x86/kvm/x86_cpu.cc:1688: warn: kvm-x86: MSR (0x48a) unsupported by gem5. Skipping.
src/arch/x86/kvm/x86_cpu.cc:1688: warn: kvm-x86: MSR (0x48b) unsupported by gem5. Skipping.
src/arch/x86/kvm/x86_cpu.cc:1688: warn: kvm-x86: MSR (0x48c) unsupported by gem5. Skipping.
src/arch/x86/kvm/x86_cpu.cc:1688: warn: kvm-x86: MSR (0x491) unsupported by gem5. Skipping.
src/arch/x86/kvm/x86_cpu.cc:1688: warn: kvm-x86: MSR (0xc0010015) unsupported by gem5. Skipping.
src/arch/x86/kvm/x86_cpu.cc:1688: warn: kvm-x86: MSR (0x4b564d05) unsupported by gem5. Skipping.
src/arch/x86/kvm/x86_cpu.cc:563: warn: cs limit (0xffffffff) and g (0) combination is illegal.
src/arch/x86/kvm/x86_cpu.cc:563: warn: cs limit (0xffffffff) and g (0) combination is illegal.
src/arch/x86/kvm/x86_cpu.cc:563: warn: cs limit (0xffffffff) and g (0) combination is illegal.
src/arch/x86/kvm/x86_cpu.cc:1688: warn: kvm-x86: MSR (0x3a) unsupported by gem5. Skipping.
src/arch/x86/kvm/x86_cpu.cc:1688: warn: kvm-x86: MSR (0x48) unsupported by gem5. Skipping.
src/arch/x86/kvm/x86_cpu.cc:1688: warn: kvm-x86: MSR (0xe1) unsupported by gem5. Skipping.
src/arch/x86/kvm/x86_cpu.cc:1688: warn: kvm-x86: MSR (0x12) unsupported by gem5. Skipping.
src/arch/x86/kvm/x86_cpu.cc:1688: warn: kvm-x86: MSR (0x11) unsupported by gem5. Skipping.
src/arch/x86/kvm/x86_cpu.cc:1688: warn: kvm-x86: MSR (0x4b564d01) unsupported by gem5. Skipping.
src/arch/x86/kvm/x86_cpu.cc:1688: warn: kvm-x86: MSR (0x4b564d00) unsupported by gem5. Skipping.
src/arch/x86/kvm/x86_cpu.cc:1688: warn: kvm-x86: MSR (0x40000000) unsupported by gem5. Skipping.
src/arch/x86/kvm/x86_cpu.cc:1688: warn: kvm-x86: MSR (0x40000001) unsupported by gem5. Skipping.
src/arch/x86/kvm/x86_cpu.cc:1688: warn: kvm-x86: MSR (0x40000020) unsupported by gem5. Skipping.
src/arch/x86/kvm/x86_cpu.cc:1688: warn: kvm-x86: MSR (0x40000021) unsupported by gem5. Skipping.
src/arch/x86/kvm/x86_cpu.cc:1688: warn: kvm-x86: MSR (0x40000022) unsupported by gem5. Skipping.
src/arch/x86/kvm/x86_cpu.cc:1688: warn: kvm-x86: MSR (0x40000023) unsupported by gem5. Skipping.
src/arch/x86/kvm/x86_cpu.cc:1688: warn: kvm-x86: MSR (0x40000100) unsupported by gem5. Skipping.
src/arch/x86/kvm/x86_cpu.cc:1688: warn: kvm-x86: MSR (0x40000101) unsupported by gem5. Skipping.
src/arch/x86/kvm/x86_cpu.cc:1688: warn: kvm-x86: MSR (0x40000102) unsupported by gem5. Skipping.
src/arch/x86/kvm/x86_cpu.cc:1688: warn: kvm-x86: MSR (0x40000103) unsupported by gem5. Skipping.
src/arch/x86/kvm/x86_cpu.cc:1688: warn: kvm-x86: MSR (0x40000104) unsupported by gem5. Skipping.
src/arch/x86/kvm/x86_cpu.cc:1688: warn: kvm-x86: MSR (0x40000105) unsupported by gem5. Skipping.
src/arch/x86/kvm/x86_cpu.cc:1688: warn: kvm-x86: MSR (0x40000003) unsupported by gem5. Skipping.
src/arch/x86/kvm/x86_cpu.cc:1688: warn: kvm-x86: MSR (0x40000002) unsupported by gem5. Skipping.
src/arch/x86/kvm/x86_cpu.cc:1688: warn: kvm-x86: MSR (0x40000010) unsupported by gem5. Skipping.
src/arch/x86/kvm/x86_cpu.cc:1688: warn: kvm-x86: MSR (0x40000080) unsupported by gem5. Skipping.
src/arch/x86/kvm/x86_cpu.cc:1688: warn: kvm-x86: MSR (0x400000b0) unsupported by gem5. Skipping.
src/arch/x86/kvm/x86_cpu.cc:1688: warn: kvm-x86: MSR (0x40000073) unsupported by gem5. Skipping.
src/arch/x86/kvm/x86_cpu.cc:1688: warn: kvm-x86: MSR (0x40000106) unsupported by gem5. Skipping.
src/arch/x86/kvm/x86_cpu.cc:1688: warn: kvm-x86: MSR (0x40000107) unsupported by gem5. Skipping.
src/arch/x86/kvm/x86_cpu.cc:1688: warn: kvm-x86: MSR (0x40000108) unsupported by gem5. Skipping.
src/arch/x86/kvm/x86_cpu.cc:1688: warn: kvm-x86: MSR (0x40000118) unsupported by gem5. Skipping.
src/arch/x86/kvm/x86_cpu.cc:1688: warn: kvm-x86: MSR (0x400000ff) unsupported by gem5. Skipping.
src/arch/x86/kvm/x86_cpu.cc:1688: warn: kvm-x86: MSR (0x400000f1) unsupported by gem5. Skipping.
src/arch/x86/kvm/x86_cpu.cc:1688: warn: kvm-x86: MSR (0x400000f2) unsupported by gem5. Skipping.
src/arch/x86/kvm/x86_cpu.cc:1688: warn: kvm-x86: MSR (0x400000f3) unsupported by gem5. Skipping.
src/arch/x86/kvm/x86_cpu.cc:1688: warn: kvm-x86: MSR (0x400000f4) unsupported by gem5. Skipping.
src/arch/x86/kvm/x86_cpu.cc:1688: warn: kvm-x86: MSR (0x400000f5) unsupported by gem5. Skipping.
src/arch/x86/kvm/x86_cpu.cc:1688: warn: kvm-x86: MSR (0x4b564d02) unsupported by gem5. Skipping.
src/arch/x86/kvm/x86_cpu.cc:1688: warn: kvm-x86: MSR (0x4b564d03) unsupported by gem5. Skipping.
src/arch/x86/kvm/x86_cpu.cc:1688: warn: kvm-x86: MSR (0x4b564d04) unsupported by gem5. Skipping.
src/arch/x86/kvm/x86_cpu.cc:1688: warn: kvm-x86: MSR (0x4b564d06) unsupported by gem5. Skipping.
src/arch/x86/kvm/x86_cpu.cc:1688: warn: kvm-x86: MSR (0x4b564d07) unsupported by gem5. Skipping.
src/arch/x86/kvm/x86_cpu.cc:1688: warn: kvm-x86: MSR (0x3b) unsupported by gem5. Skipping.
src/arch/x86/kvm/x86_cpu.cc:1688: warn: kvm-x86: MSR (0x6e0) unsupported by gem5. Skipping.
src/arch/x86/kvm/x86_cpu.cc:1688: warn: kvm-x86: MSR (0x10a) unsupported by gem5. Skipping.
src/arch/x86/kvm/x86_cpu.cc:1688: warn: kvm-x86: MSR (0x345) unsupported by gem5. Skipping.
src/arch/x86/kvm/x86_cpu.cc:1688: warn: kvm-x86: MSR (0x1a0) unsupported by gem5. Skipping.
src/arch/x86/kvm/x86_cpu.cc:1688: warn: kvm-x86: MSR (0x4d0) unsupported by gem5. Skipping.
src/arch/x86/kvm/x86_cpu.cc:1688: warn: kvm-x86: MSR (0x9e) unsupported by gem5. Skipping.
src/arch/x86/kvm/x86_cpu.cc:1688: warn: kvm-x86: MSR (0x34) unsupported by gem5. Skipping.
src/arch/x86/kvm/x86_cpu.cc:1688: warn: kvm-x86: MSR (0xce) unsupported by gem5. Skipping.
src/arch/x86/kvm/x86_cpu.cc:1688: warn: kvm-x86: MSR (0x140) unsupported by gem5. Skipping.
src/arch/x86/kvm/x86_cpu.cc:1688: warn: kvm-x86: MSR (0x1fc) unsupported by gem5. Skipping.
src/arch/x86/kvm/x86_cpu.cc:1688: warn: kvm-x86: MSR (0x8b) unsupported by gem5. Skipping.
src/arch/x86/kvm/x86_cpu.cc:1688: warn: kvm-x86: MSR (0x480) unsupported by gem5. Skipping.
src/arch/x86/kvm/x86_cpu.cc:1688: warn: kvm-x86: MSR (0x48d) unsupported by gem5. Skipping.
src/arch/x86/kvm/x86_cpu.cc:1688: warn: kvm-x86: MSR (0x48e) unsupported by gem5. Skipping.
src/arch/x86/kvm/x86_cpu.cc:1688: warn: kvm-x86: MSR (0x48f) unsupported by gem5. Skipping.
src/arch/x86/kvm/x86_cpu.cc:1688: warn: kvm-x86: MSR (0x490) unsupported by gem5. Skipping.
src/arch/x86/kvm/x86_cpu.cc:1688: warn: kvm-x86: MSR (0x485) unsupported by gem5. Skipping.
src/arch/x86/kvm/x86_cpu.cc:1688: warn: kvm-x86: MSR (0x486) unsupported by gem5. Skipping.
src/arch/x86/kvm/x86_cpu.cc:1688: warn: kvm-x86: MSR (0x488) unsupported by gem5. Skipping.
src/arch/x86/kvm/x86_cpu.cc:1688: warn: kvm-x86: MSR (0x48a) unsupported by gem5. Skipping.
src/arch/x86/kvm/x86_cpu.cc:1688: warn: kvm-x86: MSR (0x48b) unsupported by gem5. Skipping.
src/arch/x86/kvm/x86_cpu.cc:1688: warn: kvm-x86: MSR (0x48c) unsupported by gem5. Skipping.
src/arch/x86/kvm/x86_cpu.cc:1688: warn: kvm-x86: MSR (0x491) unsupported by gem5. Skipping.
src/arch/x86/kvm/x86_cpu.cc:1688: warn: kvm-x86: MSR (0xc0010015) unsupported by gem5. Skipping.
src/arch/x86/kvm/x86_cpu.cc:1688: warn: kvm-x86: MSR (0x4b564d05) unsupported by gem5. Skipping.
src/arch/x86/kvm/x86_cpu.cc:563: warn: cs limit (0xffffffff) and g (0) combination is illegal.
src/arch/x86/kvm/x86_cpu.cc:563: warn: cs limit (0xffffffff) and g (0) combination is illegal.
src/arch/x86/kvm/x86_cpu.cc:563: warn: cs limit (0xffffffff) and g (0) combination is illegal.
src/arch/x86/kvm/x86_cpu.cc:1688: warn: kvm-x86: MSR (0x3a) unsupported by gem5. Skipping.
src/arch/x86/kvm/x86_cpu.cc:1688: warn: kvm-x86: MSR (0x48) unsupported by gem5. Skipping.
src/arch/x86/kvm/x86_cpu.cc:1688: warn: kvm-x86: MSR (0xe1) unsupported by gem5. Skipping.
src/arch/x86/kvm/x86_cpu.cc:1688: warn: kvm-x86: MSR (0x12) unsupported by gem5. Skipping.
src/arch/x86/kvm/x86_cpu.cc:1688: warn: kvm-x86: MSR (0x11) unsupported by gem5. Skipping.
src/arch/x86/kvm/x86_cpu.cc:1688: warn: kvm-x86: MSR (0x4b564d01) unsupported by gem5. Skipping.
src/arch/x86/kvm/x86_cpu.cc:1688: warn: kvm-x86: MSR (0x4b564d00) unsupported by gem5. Skipping.
src/arch/x86/kvm/x86_cpu.cc:1688: warn: kvm-x86: MSR (0x40000000) unsupported by gem5. Skipping.
src/arch/x86/kvm/x86_cpu.cc:1688: warn: kvm-x86: MSR (0x40000001) unsupported by gem5. Skipping.
src/arch/x86/kvm/x86_cpu.cc:1688: warn: kvm-x86: MSR (0x40000020) unsupported by gem5. Skipping.
src/arch/x86/kvm/x86_cpu.cc:1688: warn: kvm-x86: MSR (0x40000021) unsupported by gem5. Skipping.
src/arch/x86/kvm/x86_cpu.cc:1688: warn: kvm-x86: MSR (0x40000022) unsupported by gem5. Skipping.
src/arch/x86/kvm/x86_cpu.cc:1688: warn: kvm-x86: MSR (0x40000023) unsupported by gem5. Skipping.
src/arch/x86/kvm/x86_cpu.cc:1688: warn: kvm-x86: MSR (0x40000100) unsupported by gem5. Skipping.
src/arch/x86/kvm/x86_cpu.cc:1688: warn: kvm-x86: MSR (0x40000101) unsupported by gem5. Skipping.
src/arch/x86/kvm/x86_cpu.cc:1688: warn: kvm-x86: MSR (0x40000102) unsupported by gem5. Skipping.
src/arch/x86/kvm/x86_cpu.cc:1688: warn: kvm-x86: MSR (0x40000103) unsupported by gem5. Skipping.
src/arch/x86/kvm/x86_cpu.cc:1688: warn: kvm-x86: MSR (0x40000104) unsupported by gem5. Skipping.
src/arch/x86/kvm/x86_cpu.cc:1688: warn: kvm-x86: MSR (0x40000105) unsupported by gem5. Skipping.
src/arch/x86/kvm/x86_cpu.cc:1688: warn: kvm-x86: MSR (0x40000003) unsupported by gem5. Skipping.
src/arch/x86/kvm/x86_cpu.cc:1688: warn: kvm-x86: MSR (0x40000002) unsupported by gem5. Skipping.
src/arch/x86/kvm/x86_cpu.cc:1688: warn: kvm-x86: MSR (0x40000010) unsupported by gem5. Skipping.
src/arch/x86/kvm/x86_cpu.cc:1688: warn: kvm-x86: MSR (0x40000080) unsupported by gem5. Skipping.
src/arch/x86/kvm/x86_cpu.cc:1688: warn: kvm-x86: MSR (0x400000b0) unsupported by gem5. Skipping.
src/arch/x86/kvm/x86_cpu.cc:1688: warn: kvm-x86: MSR (0x40000073) unsupported by gem5. Skipping.
src/arch/x86/kvm/x86_cpu.cc:1688: warn: kvm-x86: MSR (0x40000106) unsupported by gem5. Skipping.
src/arch/x86/kvm/x86_cpu.cc:1688: warn: kvm-x86: MSR (0x40000107) unsupported by gem5. Skipping.
src/arch/x86/kvm/x86_cpu.cc:1688: warn: kvm-x86: MSR (0x40000108) unsupported by gem5. Skipping.
src/arch/x86/kvm/x86_cpu.cc:1688: warn: kvm-x86: MSR (0x40000118) unsupported by gem5. Skipping.
src/arch/x86/kvm/x86_cpu.cc:1688: warn: kvm-x86: MSR (0x400000ff) unsupported by gem5. Skipping.
src/arch/x86/kvm/x86_cpu.cc:1688: warn: kvm-x86: MSR (0x400000f1) unsupported by gem5. Skipping.
src/arch/x86/kvm/x86_cpu.cc:1688: warn: kvm-x86: MSR (0x400000f2) unsupported by gem5. Skipping.
src/arch/x86/kvm/x86_cpu.cc:1688: warn: kvm-x86: MSR (0x400000f3) unsupported by gem5. Skipping.
src/arch/x86/kvm/x86_cpu.cc:1688: warn: kvm-x86: MSR (0x400000f4) unsupported by gem5. Skipping.
src/arch/x86/kvm/x86_cpu.cc:1688: warn: kvm-x86: MSR (0x400000f5) unsupported by gem5. Skipping.
src/arch/x86/kvm/x86_cpu.cc:1688: warn: kvm-x86: MSR (0x4b564d02) unsupported by gem5. Skipping.
src/arch/x86/kvm/x86_cpu.cc:1688: warn: kvm-x86: MSR (0x4b564d03) unsupported by gem5. Skipping.
src/arch/x86/kvm/x86_cpu.cc:1688: warn: kvm-x86: MSR (0x4b564d04) unsupported by gem5. Skipping.
src/arch/x86/kvm/x86_cpu.cc:1688: warn: kvm-x86: MSR (0x4b564d06) unsupported by gem5. Skipping.
src/arch/x86/kvm/x86_cpu.cc:1688: warn: kvm-x86: MSR (0x4b564d07) unsupported by gem5. Skipping.
src/arch/x86/kvm/x86_cpu.cc:1688: warn: kvm-x86: MSR (0x3b) unsupported by gem5. Skipping.
src/arch/x86/kvm/x86_cpu.cc:1688: warn: kvm-x86: MSR (0x6e0) unsupported by gem5. Skipping.
src/arch/x86/kvm/x86_cpu.cc:1688: warn: kvm-x86: MSR (0x10a) unsupported by gem5. Skipping.
src/arch/x86/kvm/x86_cpu.cc:1688: warn: kvm-x86: MSR (0x345) unsupported by gem5. Skipping.
src/arch/x86/kvm/x86_cpu.cc:1688: warn: kvm-x86: MSR (0x1a0) unsupported by gem5. Skipping.
src/arch/x86/kvm/x86_cpu.cc:1688: warn: kvm-x86: MSR (0x4d0) unsupported by gem5. Skipping.
src/arch/x86/kvm/x86_cpu.cc:1688: warn: kvm-x86: MSR (0x9e) unsupported by gem5. Skipping.
src/arch/x86/kvm/x86_cpu.cc:1688: warn: kvm-x86: MSR (0x34) unsupported by gem5. Skipping.
src/arch/x86/kvm/x86_cpu.cc:1688: warn: kvm-x86: MSR (0xce) unsupported by gem5. Skipping.
src/arch/x86/kvm/x86_cpu.cc:1688: warn: kvm-x86: MSR (0x140) unsupported by gem5. Skipping.
src/arch/x86/kvm/x86_cpu.cc:1688: warn: kvm-x86: MSR (0x1fc) unsupported by gem5. Skipping.
src/arch/x86/kvm/x86_cpu.cc:1688: warn: kvm-x86: MSR (0x8b) unsupported by gem5. Skipping.
src/arch/x86/kvm/x86_cpu.cc:1688: warn: kvm-x86: MSR (0x480) unsupported by gem5. Skipping.
src/arch/x86/kvm/x86_cpu.cc:1688: warn: kvm-x86: MSR (0x48d) unsupported by gem5. Skipping.
src/arch/x86/kvm/x86_cpu.cc:1688: warn: kvm-x86: MSR (0x48e) unsupported by gem5. Skipping.
src/arch/x86/kvm/x86_cpu.cc:1688: warn: kvm-x86: MSR (0x48f) unsupported by gem5. Skipping.
src/arch/x86/kvm/x86_cpu.cc:1688: warn: kvm-x86: MSR (0x490) unsupported by gem5. Skipping.
src/arch/x86/kvm/x86_cpu.cc:1688: warn: kvm-x86: MSR (0x485) unsupported by gem5. Skipping.
src/arch/x86/kvm/x86_cpu.cc:1688: warn: kvm-x86: MSR (0x486) unsupported by gem5. Skipping.
src/arch/x86/kvm/x86_cpu.cc:1688: warn: kvm-x86: MSR (0x488) unsupported by gem5. Skipping.
src/arch/x86/kvm/x86_cpu.cc:1688: warn: kvm-x86: MSR (0x48a) unsupported by gem5. Skipping.
src/arch/x86/kvm/x86_cpu.cc:1688: warn: kvm-x86: MSR (0x48b) unsupported by gem5. Skipping.
src/arch/x86/kvm/x86_cpu.cc:1688: warn: kvm-x86: MSR (0x48c) unsupported by gem5. Skipping.
src/arch/x86/kvm/x86_cpu.cc:1688: warn: kvm-x86: MSR (0x491) unsupported by gem5. Skipping.
src/arch/x86/kvm/x86_cpu.cc:1688: warn: kvm-x86: MSR (0xc0010015) unsupported by gem5. Skipping.
src/arch/x86/kvm/x86_cpu.cc:1688: warn: kvm-x86: MSR (0x4b564d05) unsupported by gem5. Skipping.
src/arch/x86/kvm/x86_cpu.cc:563: warn: cs limit (0xffffffff) and g (0) combination is illegal.
src/arch/x86/kvm/x86_cpu.cc:563: warn: cs limit (0xffffffff) and g (0) combination is illegal.
src/arch/x86/kvm/x86_cpu.cc:563: warn: cs limit (0xffffffff) and g (0) combination is illegal.
src/arch/x86/kvm/x86_cpu.cc:1688: warn: kvm-x86: MSR (0x3a) unsupported by gem5. Skipping.
src/arch/x86/kvm/x86_cpu.cc:1688: warn: kvm-x86: MSR (0x48) unsupported by gem5. Skipping.
src/arch/x86/kvm/x86_cpu.cc:1688: warn: kvm-x86: MSR (0xe1) unsupported by gem5. Skipping.
src/arch/x86/kvm/x86_cpu.cc:1688: warn: kvm-x86: MSR (0x12) unsupported by gem5. Skipping.
src/arch/x86/kvm/x86_cpu.cc:1688: warn: kvm-x86: MSR (0x11) unsupported by gem5. Skipping.
src/arch/x86/kvm/x86_cpu.cc:1688: warn: kvm-x86: MSR (0x4b564d01) unsupported by gem5. Skipping.
src/arch/x86/kvm/x86_cpu.cc:1688: warn: kvm-x86: MSR (0x4b564d00) unsupported by gem5. Skipping.
src/arch/x86/kvm/x86_cpu.cc:1688: warn: kvm-x86: MSR (0x40000000) unsupported by gem5. Skipping.
src/arch/x86/kvm/x86_cpu.cc:1688: warn: kvm-x86: MSR (0x40000001) unsupported by gem5. Skipping.
src/arch/x86/kvm/x86_cpu.cc:1688: warn: kvm-x86: MSR (0x40000020) unsupported by gem5. Skipping.
src/arch/x86/kvm/x86_cpu.cc:1688: warn: kvm-x86: MSR (0x40000021) unsupported by gem5. Skipping.
src/arch/x86/kvm/x86_cpu.cc:1688: warn: kvm-x86: MSR (0x40000022) unsupported by gem5. Skipping.
src/arch/x86/kvm/x86_cpu.cc:1688: warn: kvm-x86: MSR (0x40000023) unsupported by gem5. Skipping.
src/arch/x86/kvm/x86_cpu.cc:1688: warn: kvm-x86: MSR (0x40000100) unsupported by gem5. Skipping.
src/arch/x86/kvm/x86_cpu.cc:1688: warn: kvm-x86: MSR (0x40000101) unsupported by gem5. Skipping.
src/arch/x86/kvm/x86_cpu.cc:1688: warn: kvm-x86: MSR (0x40000102) unsupported by gem5. Skipping.
src/arch/x86/kvm/x86_cpu.cc:1688: warn: kvm-x86: MSR (0x40000103) unsupported by gem5. Skipping.
src/arch/x86/kvm/x86_cpu.cc:1688: warn: kvm-x86: MSR (0x40000104) unsupported by gem5. Skipping.
src/arch/x86/kvm/x86_cpu.cc:1688: warn: kvm-x86: MSR (0x40000105) unsupported by gem5. Skipping.
src/arch/x86/kvm/x86_cpu.cc:1688: warn: kvm-x86: MSR (0x40000003) unsupported by gem5. Skipping.
src/arch/x86/kvm/x86_cpu.cc:1688: warn: kvm-x86: MSR (0x40000002) unsupported by gem5. Skipping.
src/arch/x86/kvm/x86_cpu.cc:1688: warn: kvm-x86: MSR (0x40000010) unsupported by gem5. Skipping.
src/arch/x86/kvm/x86_cpu.cc:1688: warn: kvm-x86: MSR (0x40000080) unsupported by gem5. Skipping.
src/arch/x86/kvm/x86_cpu.cc:1688: warn: kvm-x86: MSR (0x400000b0) unsupported by gem5. Skipping.
src/arch/x86/kvm/x86_cpu.cc:1688: warn: kvm-x86: MSR (0x40000073) unsupported by gem5. Skipping.
src/arch/x86/kvm/x86_cpu.cc:1688: warn: kvm-x86: MSR (0x40000106) unsupported by gem5. Skipping.
src/arch/x86/kvm/x86_cpu.cc:1688: warn: kvm-x86: MSR (0x40000107) unsupported by gem5. Skipping.
src/arch/x86/kvm/x86_cpu.cc:1688: warn: kvm-x86: MSR (0x40000108) unsupported by gem5. Skipping.
src/arch/x86/kvm/x86_cpu.cc:1688: warn: kvm-x86: MSR (0x40000118) unsupported by gem5. Skipping.
src/arch/x86/kvm/x86_cpu.cc:1688: warn: kvm-x86: MSR (0x400000ff) unsupported by gem5. Skipping.
src/arch/x86/kvm/x86_cpu.cc:1688: warn: kvm-x86: MSR (0x400000f1) unsupported by gem5. Skipping.
src/arch/x86/kvm/x86_cpu.cc:1688: warn: kvm-x86: MSR (0x400000f2) unsupported by gem5. Skipping.
src/arch/x86/kvm/x86_cpu.cc:1688: warn: kvm-x86: MSR (0x400000f3) unsupported by gem5. Skipping.
src/arch/x86/kvm/x86_cpu.cc:1688: warn: kvm-x86: MSR (0x400000f4) unsupported by gem5. Skipping.
src/arch/x86/kvm/x86_cpu.cc:1688: warn: kvm-x86: MSR (0x400000f5) unsupported by gem5. Skipping.
src/arch/x86/kvm/x86_cpu.cc:1688: warn: kvm-x86: MSR (0x4b564d02) unsupported by gem5. Skipping.
src/arch/x86/kvm/x86_cpu.cc:1688: warn: kvm-x86: MSR (0x4b564d03) unsupported by gem5. Skipping.
src/arch/x86/kvm/x86_cpu.cc:1688: warn: kvm-x86: MSR (0x4b564d04) unsupported by gem5. Skipping.
src/arch/x86/kvm/x86_cpu.cc:1688: warn: kvm-x86: MSR (0x4b564d06) unsupported by gem5. Skipping.
src/arch/x86/kvm/x86_cpu.cc:1688: warn: kvm-x86: MSR (0x4b564d07) unsupported by gem5. Skipping.
src/arch/x86/kvm/x86_cpu.cc:1688: warn: kvm-x86: MSR (0x3b) unsupported by gem5. Skipping.
src/arch/x86/kvm/x86_cpu.cc:1688: warn: kvm-x86: MSR (0x6e0) unsupported by gem5. Skipping.
src/arch/x86/kvm/x86_cpu.cc:1688: warn: kvm-x86: MSR (0x10a) unsupported by gem5. Skipping.
src/arch/x86/kvm/x86_cpu.cc:1688: warn: kvm-x86: MSR (0x345) unsupported by gem5. Skipping.
src/arch/x86/kvm/x86_cpu.cc:1688: warn: kvm-x86: MSR (0x1a0) unsupported by gem5. Skipping.
src/arch/x86/kvm/x86_cpu.cc:1688: warn: kvm-x86: MSR (0x4d0) unsupported by gem5. Skipping.
src/arch/x86/kvm/x86_cpu.cc:1688: warn: kvm-x86: MSR (0x9e) unsupported by gem5. Skipping.
src/arch/x86/kvm/x86_cpu.cc:1688: warn: kvm-x86: MSR (0x34) unsupported by gem5. Skipping.
src/arch/x86/kvm/x86_cpu.cc:1688: warn: kvm-x86: MSR (0xce) unsupported by gem5. Skipping.
src/arch/x86/kvm/x86_cpu.cc:1688: warn: kvm-x86: MSR (0x140) unsupported by gem5. Skipping.
src/arch/x86/kvm/x86_cpu.cc:1688: warn: kvm-x86: MSR (0x1fc) unsupported by gem5. Skipping.
src/arch/x86/kvm/x86_cpu.cc:1688: warn: kvm-x86: MSR (0x8b) unsupported by gem5. Skipping.
src/arch/x86/kvm/x86_cpu.cc:1688: warn: kvm-x86: MSR (0x480) unsupported by gem5. Skipping.
src/arch/x86/kvm/x86_cpu.cc:1688: warn: kvm-x86: MSR (0x48d) unsupported by gem5. Skipping.
src/arch/x86/kvm/x86_cpu.cc:1688: warn: kvm-x86: MSR (0x48e) unsupported by gem5. Skipping.
src/arch/x86/kvm/x86_cpu.cc:1688: warn: kvm-x86: MSR (0x48f) unsupported by gem5. Skipping.
src/arch/x86/kvm/x86_cpu.cc:1688: warn: kvm-x86: MSR (0x490) unsupported by gem5. Skipping.
src/arch/x86/kvm/x86_cpu.cc:1688: warn: kvm-x86: MSR (0x485) unsupported by gem5. Skipping.
src/arch/x86/kvm/x86_cpu.cc:1688: warn: kvm-x86: MSR (0x486) unsupported by gem5. Skipping.
src/arch/x86/kvm/x86_cpu.cc:1688: warn: kvm-x86: MSR (0x488) unsupported by gem5. Skipping.
src/arch/x86/kvm/x86_cpu.cc:1688: warn: kvm-x86: MSR (0x48a) unsupported by gem5. Skipping.
src/arch/x86/kvm/x86_cpu.cc:1688: warn: kvm-x86: MSR (0x48b) unsupported by gem5. Skipping.
src/arch/x86/kvm/x86_cpu.cc:1688: warn: kvm-x86: MSR (0x48c) unsupported by gem5. Skipping.
src/arch/x86/kvm/x86_cpu.cc:1688: warn: kvm-x86: MSR (0x491) unsupported by gem5. Skipping.
src/arch/x86/kvm/x86_cpu.cc:1688: warn: kvm-x86: MSR (0xc0010015) unsupported by gem5. Skipping.
src/arch/x86/kvm/x86_cpu.cc:1688: warn: kvm-x86: MSR (0x4b564d05) unsupported by gem5. Skipping.
src/arch/x86/kvm/x86_cpu.cc:563: warn: cs limit (0xffffffff) and g (0) combination is illegal.
src/arch/x86/kvm/x86_cpu.cc:563: warn: cs limit (0xffffffff) and g (0) combination is illegal.
src/arch/x86/kvm/x86_cpu.cc:563: warn: cs limit (0xffffffff) and g (0) combination is illegal.
src/arch/x86/kvm/x86_cpu.cc:1688: warn: kvm-x86: MSR (0x3a) unsupported by gem5. Skipping.
src/arch/x86/kvm/x86_cpu.cc:1688: warn: kvm-x86: MSR (0x48) unsupported by gem5. Skipping.
src/arch/x86/kvm/x86_cpu.cc:1688: warn: kvm-x86: MSR (0xe1) unsupported by gem5. Skipping.
src/arch/x86/kvm/x86_cpu.cc:1688: warn: kvm-x86: MSR (0x12) unsupported by gem5. Skipping.
src/arch/x86/kvm/x86_cpu.cc:1688: warn: kvm-x86: MSR (0x11) unsupported by gem5. Skipping.
src/arch/x86/kvm/x86_cpu.cc:1688: warn: kvm-x86: MSR (0x4b564d01) unsupported by gem5. Skipping.
src/arch/x86/kvm/x86_cpu.cc:1688: warn: kvm-x86: MSR (0x4b564d00) unsupported by gem5. Skipping.
src/arch/x86/kvm/x86_cpu.cc:1688: warn: kvm-x86: MSR (0x40000000) unsupported by gem5. Skipping.
src/arch/x86/kvm/x86_cpu.cc:1688: warn: kvm-x86: MSR (0x40000001) unsupported by gem5. Skipping.
src/arch/x86/kvm/x86_cpu.cc:1688: warn: kvm-x86: MSR (0x40000020) unsupported by gem5. Skipping.
src/arch/x86/kvm/x86_cpu.cc:1688: warn: kvm-x86: MSR (0x40000021) unsupported by gem5. Skipping.
src/arch/x86/kvm/x86_cpu.cc:1688: warn: kvm-x86: MSR (0x40000022) unsupported by gem5. Skipping.
src/arch/x86/kvm/x86_cpu.cc:1688: warn: kvm-x86: MSR (0x40000023) unsupported by gem5. Skipping.
src/arch/x86/kvm/x86_cpu.cc:1688: warn: kvm-x86: MSR (0x40000100) unsupported by gem5. Skipping.
src/arch/x86/kvm/x86_cpu.cc:1688: warn: kvm-x86: MSR (0x40000101) unsupported by gem5. Skipping.
src/arch/x86/kvm/x86_cpu.cc:1688: warn: kvm-x86: MSR (0x40000102) unsupported by gem5. Skipping.
src/arch/x86/kvm/x86_cpu.cc:1688: warn: kvm-x86: MSR (0x40000103) unsupported by gem5. Skipping.
src/arch/x86/kvm/x86_cpu.cc:1688: warn: kvm-x86: MSR (0x40000104) unsupported by gem5. Skipping.
src/arch/x86/kvm/x86_cpu.cc:1688: warn: kvm-x86: MSR (0x40000105) unsupported by gem5. Skipping.
src/arch/x86/kvm/x86_cpu.cc:1688: warn: kvm-x86: MSR (0x40000003) unsupported by gem5. Skipping.
src/arch/x86/kvm/x86_cpu.cc:1688: warn: kvm-x86: MSR (0x40000002) unsupported by gem5. Skipping.
src/arch/x86/kvm/x86_cpu.cc:1688: warn: kvm-x86: MSR (0x40000010) unsupported by gem5. Skipping.
src/arch/x86/kvm/x86_cpu.cc:1688: warn: kvm-x86: MSR (0x40000080) unsupported by gem5. Skipping.
src/arch/x86/kvm/x86_cpu.cc:1688: warn: kvm-x86: MSR (0x400000b0) unsupported by gem5. Skipping.
src/arch/x86/kvm/x86_cpu.cc:1688: warn: kvm-x86: MSR (0x40000073) unsupported by gem5. Skipping.
src/arch/x86/kvm/x86_cpu.cc:1688: warn: kvm-x86: MSR (0x40000106) unsupported by gem5. Skipping.
src/arch/x86/kvm/x86_cpu.cc:1688: warn: kvm-x86: MSR (0x40000107) unsupported by gem5. Skipping.
src/arch/x86/kvm/x86_cpu.cc:1688: warn: kvm-x86: MSR (0x40000108) unsupported by gem5. Skipping.
src/arch/x86/kvm/x86_cpu.cc:1688: warn: kvm-x86: MSR (0x40000118) unsupported by gem5. Skipping.
src/arch/x86/kvm/x86_cpu.cc:1688: warn: kvm-x86: MSR (0x400000ff) unsupported by gem5. Skipping.
src/arch/x86/kvm/x86_cpu.cc:1688: warn: kvm-x86: MSR (0x400000f1) unsupported by gem5. Skipping.
src/arch/x86/kvm/x86_cpu.cc:1688: warn: kvm-x86: MSR (0x400000f2) unsupported by gem5. Skipping.
src/arch/x86/kvm/x86_cpu.cc:1688: warn: kvm-x86: MSR (0x400000f3) unsupported by gem5. Skipping.
src/arch/x86/kvm/x86_cpu.cc:1688: warn: kvm-x86: MSR (0x400000f4) unsupported by gem5. Skipping.
src/arch/x86/kvm/x86_cpu.cc:1688: warn: kvm-x86: MSR (0x400000f5) unsupported by gem5. Skipping.
src/arch/x86/kvm/x86_cpu.cc:1688: warn: kvm-x86: MSR (0x4b564d02) unsupported by gem5. Skipping.
src/arch/x86/kvm/x86_cpu.cc:1688: warn: kvm-x86: MSR (0x4b564d03) unsupported by gem5. Skipping.
src/arch/x86/kvm/x86_cpu.cc:1688: warn: kvm-x86: MSR (0x4b564d04) unsupported by gem5. Skipping.
src/arch/x86/kvm/x86_cpu.cc:1688: warn: kvm-x86: MSR (0x4b564d06) unsupported by gem5. Skipping.
src/arch/x86/kvm/x86_cpu.cc:1688: warn: kvm-x86: MSR (0x4b564d07) unsupported by gem5. Skipping.
src/arch/x86/kvm/x86_cpu.cc:1688: warn: kvm-x86: MSR (0x3b) unsupported by gem5. Skipping.
src/arch/x86/kvm/x86_cpu.cc:1688: warn: kvm-x86: MSR (0x6e0) unsupported by gem5. Skipping.
src/arch/x86/kvm/x86_cpu.cc:1688: warn: kvm-x86: MSR (0x10a) unsupported by gem5. Skipping.
src/arch/x86/kvm/x86_cpu.cc:1688: warn: kvm-x86: MSR (0x345) unsupported by gem5. Skipping.
src/arch/x86/kvm/x86_cpu.cc:1688: warn: kvm-x86: MSR (0x1a0) unsupported by gem5. Skipping.
src/arch/x86/kvm/x86_cpu.cc:1688: warn: kvm-x86: MSR (0x4d0) unsupported by gem5. Skipping.
src/arch/x86/kvm/x86_cpu.cc:1688: warn: kvm-x86: MSR (0x9e) unsupported by gem5. Skipping.
src/arch/x86/kvm/x86_cpu.cc:1688: warn: kvm-x86: MSR (0x34) unsupported by gem5. Skipping.
src/arch/x86/kvm/x86_cpu.cc:1688: warn: kvm-x86: MSR (0xce) unsupported by gem5. Skipping.
src/arch/x86/kvm/x86_cpu.cc:1688: warn: kvm-x86: MSR (0x140) unsupported by gem5. Skipping.
src/arch/x86/kvm/x86_cpu.cc:1688: warn: kvm-x86: MSR (0x1fc) unsupported by gem5. Skipping.
src/arch/x86/kvm/x86_cpu.cc:1688: warn: kvm-x86: MSR (0x8b) unsupported by gem5. Skipping.
src/arch/x86/kvm/x86_cpu.cc:1688: warn: kvm-x86: MSR (0x480) unsupported by gem5. Skipping.
src/arch/x86/kvm/x86_cpu.cc:1688: warn: kvm-x86: MSR (0x48d) unsupported by gem5. Skipping.
src/arch/x86/kvm/x86_cpu.cc:1688: warn: kvm-x86: MSR (0x48e) unsupported by gem5. Skipping.
src/arch/x86/kvm/x86_cpu.cc:1688: warn: kvm-x86: MSR (0x48f) unsupported by gem5. Skipping.
src/arch/x86/kvm/x86_cpu.cc:1688: warn: kvm-x86: MSR (0x490) unsupported by gem5. Skipping.
src/arch/x86/kvm/x86_cpu.cc:1688: warn: kvm-x86: MSR (0x485) unsupported by gem5. Skipping.
src/arch/x86/kvm/x86_cpu.cc:1688: warn: kvm-x86: MSR (0x486) unsupported by gem5. Skipping.
src/arch/x86/kvm/x86_cpu.cc:1688: warn: kvm-x86: MSR (0x488) unsupported by gem5. Skipping.
src/arch/x86/kvm/x86_cpu.cc:1688: warn: kvm-x86: MSR (0x48a) unsupported by gem5. Skipping.
src/arch/x86/kvm/x86_cpu.cc:1688: warn: kvm-x86: MSR (0x48b) unsupported by gem5. Skipping.
src/arch/x86/kvm/x86_cpu.cc:1688: warn: kvm-x86: MSR (0x48c) unsupported by gem5. Skipping.
src/arch/x86/kvm/x86_cpu.cc:1688: warn: kvm-x86: MSR (0x491) unsupported by gem5. Skipping.
src/arch/x86/kvm/x86_cpu.cc:1688: warn: kvm-x86: MSR (0xc0010015) unsupported by gem5. Skipping.
src/arch/x86/kvm/x86_cpu.cc:1688: warn: kvm-x86: MSR (0x4b564d05) unsupported by gem5. Skipping.
src/arch/x86/kvm/x86_cpu.cc:563: warn: cs limit (0xffffffff) and g (0) combination is illegal.
src/arch/x86/kvm/x86_cpu.cc:563: warn: cs limit (0xffffffff) and g (0) combination is illegal.
src/arch/x86/kvm/x86_cpu.cc:563: warn: cs limit (0xffffffff) and g (0) combination is illegal.
src/arch/x86/kvm/x86_cpu.cc:1688: warn: kvm-x86: MSR (0x3a) unsupported by gem5. Skipping.
src/arch/x86/kvm/x86_cpu.cc:1688: warn: kvm-x86: MSR (0x48) unsupported by gem5. Skipping.
src/arch/x86/kvm/x86_cpu.cc:1688: warn: kvm-x86: MSR (0xe1) unsupported by gem5. Skipping.
src/arch/x86/kvm/x86_cpu.cc:1688: warn: kvm-x86: MSR (0x12) unsupported by gem5. Skipping.
src/arch/x86/kvm/x86_cpu.cc:1688: warn: kvm-x86: MSR (0x11) unsupported by gem5. Skipping.
src/arch/x86/kvm/x86_cpu.cc:1688: warn: kvm-x86: MSR (0x4b564d01) unsupported by gem5. Skipping.
src/arch/x86/kvm/x86_cpu.cc:1688: warn: kvm-x86: MSR (0x4b564d00) unsupported by gem5. Skipping.
src/arch/x86/kvm/x86_cpu.cc:1688: warn: kvm-x86: MSR (0x40000000) unsupported by gem5. Skipping.
src/arch/x86/kvm/x86_cpu.cc:1688: warn: kvm-x86: MSR (0x40000001) unsupported by gem5. Skipping.
src/arch/x86/kvm/x86_cpu.cc:1688: warn: kvm-x86: MSR (0x40000020) unsupported by gem5. Skipping.
src/arch/x86/kvm/x86_cpu.cc:1688: warn: kvm-x86: MSR (0x40000021) unsupported by gem5. Skipping.
src/arch/x86/kvm/x86_cpu.cc:1688: warn: kvm-x86: MSR (0x40000022) unsupported by gem5. Skipping.
src/arch/x86/kvm/x86_cpu.cc:1688: warn: kvm-x86: MSR (0x40000023) unsupported by gem5. Skipping.
src/arch/x86/kvm/x86_cpu.cc:1688: warn: kvm-x86: MSR (0x40000100) unsupported by gem5. Skipping.
src/arch/x86/kvm/x86_cpu.cc:1688: warn: kvm-x86: MSR (0x40000101) unsupported by gem5. Skipping.
src/arch/x86/kvm/x86_cpu.cc:1688: warn: kvm-x86: MSR (0x40000102) unsupported by gem5. Skipping.
src/arch/x86/kvm/x86_cpu.cc:1688: warn: kvm-x86: MSR (0x40000103) unsupported by gem5. Skipping.
src/arch/x86/kvm/x86_cpu.cc:1688: warn: kvm-x86: MSR (0x40000104) unsupported by gem5. Skipping.
src/arch/x86/kvm/x86_cpu.cc:1688: warn: kvm-x86: MSR (0x40000105) unsupported by gem5. Skipping.
src/arch/x86/kvm/x86_cpu.cc:1688: warn: kvm-x86: MSR (0x40000003) unsupported by gem5. Skipping.
src/arch/x86/kvm/x86_cpu.cc:1688: warn: kvm-x86: MSR (0x40000002) unsupported by gem5. Skipping.
src/arch/x86/kvm/x86_cpu.cc:1688: warn: kvm-x86: MSR (0x40000010) unsupported by gem5. Skipping.
src/arch/x86/kvm/x86_cpu.cc:1688: warn: kvm-x86: MSR (0x40000080) unsupported by gem5. Skipping.
src/arch/x86/kvm/x86_cpu.cc:1688: warn: kvm-x86: MSR (0x400000b0) unsupported by gem5. Skipping.
src/arch/x86/kvm/x86_cpu.cc:1688: warn: kvm-x86: MSR (0x40000073) unsupported by gem5. Skipping.
src/arch/x86/kvm/x86_cpu.cc:1688: warn: kvm-x86: MSR (0x40000106) unsupported by gem5. Skipping.
src/arch/x86/kvm/x86_cpu.cc:1688: warn: kvm-x86: MSR (0x40000107) unsupported by gem5. Skipping.
src/arch/x86/kvm/x86_cpu.cc:1688: warn: kvm-x86: MSR (0x40000108) unsupported by gem5. Skipping.
src/arch/x86/kvm/x86_cpu.cc:1688: warn: kvm-x86: MSR (0x40000118) unsupported by gem5. Skipping.
src/arch/x86/kvm/x86_cpu.cc:1688: warn: kvm-x86: MSR (0x400000ff) unsupported by gem5. Skipping.
src/arch/x86/kvm/x86_cpu.cc:1688: warn: kvm-x86: MSR (0x400000f1) unsupported by gem5. Skipping.
src/arch/x86/kvm/x86_cpu.cc:1688: warn: kvm-x86: MSR (0x400000f2) unsupported by gem5. Skipping.
src/arch/x86/kvm/x86_cpu.cc:1688: warn: kvm-x86: MSR (0x400000f3) unsupported by gem5. Skipping.
src/arch/x86/kvm/x86_cpu.cc:1688: warn: kvm-x86: MSR (0x400000f4) unsupported by gem5. Skipping.
src/arch/x86/kvm/x86_cpu.cc:1688: warn: kvm-x86: MSR (0x400000f5) unsupported by gem5. Skipping.
src/arch/x86/kvm/x86_cpu.cc:1688: warn: kvm-x86: MSR (0x4b564d02) unsupported by gem5. Skipping.
src/arch/x86/kvm/x86_cpu.cc:1688: warn: kvm-x86: MSR (0x4b564d03) unsupported by gem5. Skipping.
src/arch/x86/kvm/x86_cpu.cc:1688: warn: kvm-x86: MSR (0x4b564d04) unsupported by gem5. Skipping.
src/arch/x86/kvm/x86_cpu.cc:1688: warn: kvm-x86: MSR (0x4b564d06) unsupported by gem5. Skipping.
src/arch/x86/kvm/x86_cpu.cc:1688: warn: kvm-x86: MSR (0x4b564d07) unsupported by gem5. Skipping.
src/arch/x86/kvm/x86_cpu.cc:1688: warn: kvm-x86: MSR (0x3b) unsupported by gem5. Skipping.
src/arch/x86/kvm/x86_cpu.cc:1688: warn: kvm-x86: MSR (0x6e0) unsupported by gem5. Skipping.
src/arch/x86/kvm/x86_cpu.cc:1688: warn: kvm-x86: MSR (0x10a) unsupported by gem5. Skipping.
src/arch/x86/kvm/x86_cpu.cc:1688: warn: kvm-x86: MSR (0x345) unsupported by gem5. Skipping.
src/arch/x86/kvm/x86_cpu.cc:1688: warn: kvm-x86: MSR (0x1a0) unsupported by gem5. Skipping.
src/arch/x86/kvm/x86_cpu.cc:1688: warn: kvm-x86: MSR (0x4d0) unsupported by gem5. Skipping.
src/arch/x86/kvm/x86_cpu.cc:1688: warn: kvm-x86: MSR (0x9e) unsupported by gem5. Skipping.
src/arch/x86/kvm/x86_cpu.cc:1688: warn: kvm-x86: MSR (0x34) unsupported by gem5. Skipping.
src/arch/x86/kvm/x86_cpu.cc:1688: warn: kvm-x86: MSR (0xce) unsupported by gem5. Skipping.
src/arch/x86/kvm/x86_cpu.cc:1688: warn: kvm-x86: MSR (0x140) unsupported by gem5. Skipping.
src/arch/x86/kvm/x86_cpu.cc:1688: warn: kvm-x86: MSR (0x1fc) unsupported by gem5. Skipping.
src/arch/x86/kvm/x86_cpu.cc:1688: warn: kvm-x86: MSR (0x8b) unsupported by gem5. Skipping.
src/arch/x86/kvm/x86_cpu.cc:1688: warn: kvm-x86: MSR (0x480) unsupported by gem5. Skipping.
src/arch/x86/kvm/x86_cpu.cc:1688: warn: kvm-x86: MSR (0x48d) unsupported by gem5. Skipping.
src/arch/x86/kvm/x86_cpu.cc:1688: warn: kvm-x86: MSR (0x48e) unsupported by gem5. Skipping.
src/arch/x86/kvm/x86_cpu.cc:1688: warn: kvm-x86: MSR (0x48f) unsupported by gem5. Skipping.
src/arch/x86/kvm/x86_cpu.cc:1688: warn: kvm-x86: MSR (0x490) unsupported by gem5. Skipping.
src/arch/x86/kvm/x86_cpu.cc:1688: warn: kvm-x86: MSR (0x485) unsupported by gem5. Skipping.
src/arch/x86/kvm/x86_cpu.cc:1688: warn: kvm-x86: MSR (0x486) unsupported by gem5. Skipping.
src/arch/x86/kvm/x86_cpu.cc:1688: warn: kvm-x86: MSR (0x488) unsupported by gem5. Skipping.
src/arch/x86/kvm/x86_cpu.cc:1688: warn: kvm-x86: MSR (0x48a) unsupported by gem5. Skipping.
src/arch/x86/kvm/x86_cpu.cc:1688: warn: kvm-x86: MSR (0x48b) unsupported by gem5. Skipping.
src/arch/x86/kvm/x86_cpu.cc:1688: warn: kvm-x86: MSR (0x48c) unsupported by gem5. Skipping.
src/arch/x86/kvm/x86_cpu.cc:1688: warn: kvm-x86: MSR (0x491) unsupported by gem5. Skipping.
src/arch/x86/kvm/x86_cpu.cc:1688: warn: kvm-x86: MSR (0xc0010015) unsupported by gem5. Skipping.
src/arch/x86/kvm/x86_cpu.cc:1688: warn: kvm-x86: MSR (0x4b564d05) unsupported by gem5. Skipping.
src/arch/x86/kvm/x86_cpu.cc:563: warn: cs limit (0xffffffff) and g (0) combination is illegal.
src/arch/x86/kvm/x86_cpu.cc:563: warn: cs limit (0xffffffff) and g (0) combination is illegal.
src/dev/x86/pc.cc:117: warn: Don't know what interrupt to clear for console.
src/dev/x86/i8042.cc:290: warn: Write to unknown i8042 (keyboard controller) command port.
src/sim/power_state.cc:105: warn: PowerState: Already in the requested power state, request ignored
Done booting Linux
Resetting stats at the start of ROI!
switching cpus
src/sim/simulate.cc:199: info: Entering event queue @ 21674389373875.  Starting simulation...
src/mem/ruby/system/Sequencer.cc:704: warn: Replacement policy updates recently became the responsibility of SLICC state machines. Make sure to setMRU() near callbacks in .sm files!
build/X86/arch/x86/generated/exec-ns.cc.inc:27: warn: instruction 'verw_Mw_or_Rv' unimplemented
build/X86/arch/x86/generated/exec-ns.cc.inc:27: warn: instruction 'verw_Mw_or_Rv' unimplemented
build/X86/arch/x86/generated/exec-ns.cc.inc:27: warn: instruction 'verw_Mw_or_Rv' unimplemented
build/X86/arch/x86/generated/exec-ns.cc.inc:27: warn: instruction 'verw_Mw_or_Rv' unimplemented
build/X86/arch/x86/generated/exec-ns.cc.inc:27: warn: instruction 'verw_Mw_or_Rv' unimplemented
build/X86/arch/x86/generated/exec-ns.cc.inc:27: warn: instruction 'verw_Mw_or_Rv' unimplemented
build/X86/arch/x86/generated/exec-ns.cc.inc:27: warn: instruction 'verw_Mw_or_Rv' unimplemented
build/X86/arch/x86/generated/exec-ns.cc.inc:27: warn: instruction 'verw_Mw_or_Rv' unimplemented
build/X86/arch/x86/generated/exec-ns.cc.inc:27: warn: instruction 'verw_Mw_or_Rv' unimplemented
build/X86/arch/x86/generated/exec-ns.cc.inc:27: warn: instruction 'verw_Mw_or_Rv' unimplemented
build/X86/arch/x86/generated/exec-ns.cc.inc:27: warn: instruction 'verw_Mw_or_Rv' unimplemented
build/X86/arch/x86/generated/exec-ns.cc.inc:27: warn: instruction 'verw_Mw_or_Rv' unimplemented
build/X86/arch/x86/generated/exec-ns.cc.inc:27: warn: instruction 'verw_Mw_or_Rv' unimplemented
build/X86/arch/x86/generated/exec-ns.cc.inc:27: warn: instruction 'verw_Mw_or_Rv' unimplemented
build/X86/arch/x86/generated/exec-ns.cc.inc:27: warn: instruction 'verw_Mw_or_Rv' unimplemented
build/X86/arch/x86/generated/exec-ns.cc.inc:27: warn: instruction 'verw_Mw_or_Rv' unimplemented
build/X86/arch/x86/generated/exec-ns.cc.inc:27: warn: instruction 'verw_Mw_or_Rv' unimplemented
build/X86/arch/x86/generated/exec-ns.cc.inc:27: warn: instruction 'verw_Mw_or_Rv' unimplemented
build/X86/arch/x86/generated/exec-ns.cc.inc:27: warn: instruction 'verw_Mw_or_Rv' unimplemented
build/X86/arch/x86/generated/exec-ns.cc.inc:27: warn: instruction 'verw_Mw_or_Rv' unimplemented
build/X86/arch/x86/generated/exec-ns.cc.inc:27: warn: instruction 'verw_Mw_or_Rv' unimplemented
build/X86/arch/x86/generated/exec-ns.cc.inc:27: warn: instruction 'verw_Mw_or_Rv' unimplemented
build/X86/arch/x86/generated/exec-ns.cc.inc:27: warn: instruction 'verw_Mw_or_Rv' unimplemented
build/X86/arch/x86/generated/exec-ns.cc.inc:27: warn: instruction 'verw_Mw_or_Rv' unimplemented
build/X86/arch/x86/generated/exec-ns.cc.inc:27: warn: instruction 'verw_Mw_or_Rv' unimplemented
build/X86/arch/x86/generated/exec-ns.cc.inc:27: warn: instruction 'verw_Mw_or_Rv' unimplemented
build/X86/arch/x86/generated/exec-ns.cc.inc:27: warn: instruction 'verw_Mw_or_Rv' unimplemented
build/X86/arch/x86/generated/exec-ns.cc.inc:27: warn: instruction 'verw_Mw_or_Rv' unimplemented
build/X86/arch/x86/generated/exec-ns.cc.inc:27: warn: instruction 'verw_Mw_or_Rv' unimplemented
build/X86/arch/x86/generated/exec-ns.cc.inc:27: warn: instruction 'verw_Mw_or_Rv' unimplemented
build/X86/arch/x86/generated/exec-ns.cc.inc:27: warn: instruction 'verw_Mw_or_Rv' unimplemented
build/X86/arch/x86/generated/exec-ns.cc.inc:27: warn: instruction 'verw_Mw_or_Rv' unimplemented
build/X86/arch/x86/generated/exec-ns.cc.inc:27: warn: instruction 'verw_Mw_or_Rv' unimplemented
build/X86/arch/x86/generated/exec-ns.cc.inc:27: warn: instruction 'verw_Mw_or_Rv' unimplemented
build/X86/arch/x86/generated/exec-ns.cc.inc:27: warn: instruction 'verw_Mw_or_Rv' unimplemented
build/X86/arch/x86/generated/exec-ns.cc.inc:27: warn: instruction 'verw_Mw_or_Rv' unimplemented
Dump stats at the end of the ROI!
All simulation events were successful.
Done with the simulation

Performance statistics:
Simulated time in ROI: 139306909312
Ran a total of 21.813696283187 simulated seconds
Total wallclock time: 3044.58s, 50.74 min

==========================================================
FINAL L2 MISS LATENCY REPORT (Per Memory Bank)
==========================================================
Config: 16 Banks, 64 bytes per stripe.
Controller: 0
  [Bank 0] EWMA: 62.7217 cycles | Samples: 3554
  [Bank 1] EWMA: 61.1163 cycles | Samples: 3560
  [Bank 2] EWMA: 75.6392 cycles | Samples: 3450
  [Bank 3] EWMA: 92.0189 cycles | Samples: 3414
  [Bank 4] EWMA: 67.5872 cycles | Samples: 3558
  [Bank 5] EWMA: 75.748 cycles | Samples: 3453
  [Bank 6] EWMA: 96.1431 cycles | Samples: 3413
  [Bank 7] EWMA: 107.812 cycles | Samples: 3411
  [Bank 8] EWMA: 75.7547 cycles | Samples: 3438
  [Bank 9] EWMA: 91.8815 cycles | Samples: 3401
  [Bank 10] EWMA: 107.544 cycles | Samples: 3461
  [Bank 11] EWMA: 123.84 cycles | Samples: 3370
  [Bank 12] EWMA: 126.45 cycles | Samples: 3528
  [Bank 13] EWMA: 107.569 cycles | Samples: 3486
  [Bank 14] EWMA: 126.63 cycles | Samples: 3600
  [Bank 15] EWMA: 144.683 cycles | Samples: 3502
----------------------------------------------------------
Controller: 1
  [Bank 0] EWMA: 76.9994 cycles | Samples: 3494
  [Bank 1] EWMA: 76.774 cycles | Samples: 3352
  [Bank 2] EWMA: 59.8308 cycles | Samples: 3139
  [Bank 3] EWMA: 75.7223 cycles | Samples: 3131
  [Bank 4] EWMA: 85.4052 cycles | Samples: 3232
  [Bank 5] EWMA: 59.7663 cycles | Samples: 3202
  [Bank 6] EWMA: 76.0457 cycles | Samples: 3060
  [Bank 7] EWMA: 91.8684 cycles | Samples: 3148
  [Bank 8] EWMA: 92.7466 cycles | Samples: 3090
  [Bank 9] EWMA: 75.5203 cycles | Samples: 3049
  [Bank 10] EWMA: 91.7501 cycles | Samples: 3103
  [Bank 11] EWMA: 107.865 cycles | Samples: 2984
  [Bank 12] EWMA: 115.525 cycles | Samples: 3096
  [Bank 13] EWMA: 91.6559 cycles | Samples: 3118
  [Bank 14] EWMA: 140.764 cycles | Samples: 3326
  [Bank 15] EWMA: 126.558 cycles | Samples: 3221
----------------------------------------------------------
Controller: 2
  [Bank 0] EWMA: 75.0019 cycles | Samples: 3277
  [Bank 1] EWMA: 59.0227 cycles | Samples: 3098
  [Bank 2] EWMA: 54.4388 cycles | Samples: 2881
  [Bank 3] EWMA: 60.0055 cycles | Samples: 2920
  [Bank 4] EWMA: 99.0801 cycles | Samples: 2924
  [Bank 5] EWMA: 76.1094 cycles | Samples: 2879
  [Bank 6] EWMA: 60.4793 cycles | Samples: 2849
  [Bank 7] EWMA: 75.9462 cycles | Samples: 2904
  [Bank 8] EWMA: 108.008 cycles | Samples: 2967
  [Bank 9] EWMA: 92.2783 cycles | Samples: 2897
  [Bank 10] EWMA: 76.1492 cycles | Samples: 2881
  [Bank 11] EWMA: 92.3359 cycles | Samples: 2839
  [Bank 12] EWMA: 140.202 cycles | Samples: 2898
  [Bank 13] EWMA: 108.003 cycles | Samples: 2877
  [Bank 14] EWMA: 91.138 cycles | Samples: 3230
  [Bank 15] EWMA: 118.141 cycles | Samples: 2993
----------------------------------------------------------
Controller: 3
  [Bank 0] EWMA: 91.4749 cycles | Samples: 3981
  [Bank 1] EWMA: 75.4266 cycles | Samples: 3772
  [Bank 2] EWMA: 59.897 cycles | Samples: 3604
  [Bank 3] EWMA: 43.8384 cycles | Samples: 3692
  [Bank 4] EWMA: 108.996 cycles | Samples: 4387
  [Bank 5] EWMA: 91.4746 cycles | Samples: 3589
  [Bank 6] EWMA: 76.2935 cycles | Samples: 3637
  [Bank 7] EWMA: 59.5515 cycles | Samples: 3658
  [Bank 8] EWMA: 123.944 cycles | Samples: 3645
  [Bank 9] EWMA: 107.85 cycles | Samples: 3724
  [Bank 10] EWMA: 92.156 cycles | Samples: 3616
  [Bank 11] EWMA: 76.3397 cycles | Samples: 3646
  [Bank 12] EWMA: 156.623 cycles | Samples: 3751
  [Bank 13] EWMA: 123.604 cycles | Samples: 3682
  [Bank 14] EWMA: 107.996 cycles | Samples: 3945
  [Bank 15] EWMA: 111.756 cycles | Samples: 3710
----------------------------------------------------------
Controller: 4
  [Bank 0] EWMA: 59.0071 cycles | Samples: 3497
  [Bank 1] EWMA: 75.025 cycles | Samples: 3319
  [Bank 2] EWMA: 91.7782 cycles | Samples: 3137
  [Bank 3] EWMA: 107.887 cycles | Samples: 3060
  [Bank 4] EWMA: 43.4342 cycles | Samples: 3229
  [Bank 5] EWMA: 59.7467 cycles | Samples: 3169
  [Bank 6] EWMA: 75.5519 cycles | Samples: 3164
  [Bank 7] EWMA: 91.3861 cycles | Samples: 3148
  [Bank 8] EWMA: 59.9955 cycles | Samples: 3051
  [Bank 9] EWMA: 75.9799 cycles | Samples: 3121
  [Bank 10] EWMA: 91.9475 cycles | Samples: 3118
  [Bank 11] EWMA: 107.819 cycles | Samples: 3044
  [Bank 12] EWMA: 115.867 cycles | Samples: 3146
  [Bank 13] EWMA: 91.8258 cycles | Samples: 3107
  [Bank 14] EWMA: 107.167 cycles | Samples: 3503
  [Bank 15] EWMA: 134.328 cycles | Samples: 3212
----------------------------------------------------------
Controller: 5
  [Bank 0] EWMA: 85.0382 cycles | Samples: 4381
  [Bank 1] EWMA: 59.4268 cycles | Samples: 4144
  [Bank 2] EWMA: 82.3844 cycles | Samples: 3928
  [Bank 3] EWMA: 91.507 cycles | Samples: 3960
  [Bank 4] EWMA: 60.747 cycles | Samples: 3985
  [Bank 5] EWMA: 57.5191 cycles | Samples: 3959
  [Bank 6] EWMA: 74.513 cycles | Samples: 3931
  [Bank 7] EWMA: 79.9393 cycles | Samples: 3935
  [Bank 8] EWMA: 83.9779 cycles | Samples: 3878
  [Bank 9] EWMA: 59.4752 cycles | Samples: 3886
  [Bank 10] EWMA: 75.6959 cycles | Samples: 3940
  [Bank 11] EWMA: 92.9957 cycles | Samples: 3934
  [Bank 12] EWMA: 92.5653 cycles | Samples: 4068
  [Bank 13] EWMA: 75.8428 cycles | Samples: 4017
  [Bank 14] EWMA: 94.1208 cycles | Samples: 4198
  [Bank 15] EWMA: 117.854 cycles | Samples: 4151
----------------------------------------------------------
Controller: 6
  [Bank 0] EWMA: 91.0008 cycles | Samples: 3721
  [Bank 1] EWMA: 75.0296 cycles | Samples: 3615
  [Bank 2] EWMA: 59.8906 cycles | Samples: 3320
  [Bank 3] EWMA: 76.0113 cycles | Samples: 3283
  [Bank 4] EWMA: 76.3241 cycles | Samples: 3394
  [Bank 5] EWMA: 60.0478 cycles | Samples: 3269
  [Bank 6] EWMA: 44.1474 cycles | Samples: 3281
  [Bank 7] EWMA: 59.7278 cycles | Samples: 3291
  [Bank 8] EWMA: 92.1706 cycles | Samples: 3240
  [Bank 9] EWMA: 75.9733 cycles | Samples: 3282
  [Bank 10] EWMA: 65.3221 cycles | Samples: 3376
  [Bank 11] EWMA: 77.8343 cycles | Samples: 3212
  [Bank 12] EWMA: 110.282 cycles | Samples: 3372
  [Bank 13] EWMA: 91.9934 cycles | Samples: 3281
  [Bank 14] EWMA: 75.1387 cycles | Samples: 3638
  [Bank 15] EWMA: 95.5086 cycles | Samples: 3414
----------------------------------------------------------
Controller: 7
  [Bank 0] EWMA: 107.003 cycles | Samples: 3587
  [Bank 1] EWMA: 91.0205 cycles | Samples: 3334
  [Bank 2] EWMA: 75.5828 cycles | Samples: 3146
  [Bank 3] EWMA: 59.8662 cycles | Samples: 3169
  [Bank 4] EWMA: 91.5901 cycles | Samples: 3824
  [Bank 5] EWMA: 75.5838 cycles | Samples: 3172
  [Bank 6] EWMA: 67.8244 cycles | Samples: 3230
  [Bank 7] EWMA: 43.7839 cycles | Samples: 3217
  [Bank 8] EWMA: 107.611 cycles | Samples: 3183
  [Bank 9] EWMA: 91.9538 cycles | Samples: 3176
  [Bank 10] EWMA: 76.1593 cycles | Samples: 3127
  [Bank 11] EWMA: 59.9648 cycles | Samples: 3144
  [Bank 12] EWMA: 142.142 cycles | Samples: 3224
  [Bank 13] EWMA: 107.992 cycles | Samples: 3281
  [Bank 14] EWMA: 91.3075 cycles | Samples: 3462
  [Bank 15] EWMA: 96.6771 cycles | Samples: 3290
----------------------------------------------------------
Controller: 8
  [Bank 0] EWMA: 75.0015 cycles | Samples: 3235
  [Bank 1] EWMA: 91.0067 cycles | Samples: 3065
  [Bank 2] EWMA: 111.407 cycles | Samples: 2764
  [Bank 3] EWMA: 123.954 cycles | Samples: 2803
  [Bank 4] EWMA: 66.9964 cycles | Samples: 3637
  [Bank 5] EWMA: 75.627 cycles | Samples: 2864
  [Bank 6] EWMA: 91.6804 cycles | Samples: 2806
  [Bank 7] EWMA: 108.018 cycles | Samples: 2930
  [Bank 8] EWMA: 43.7034 cycles | Samples: 2872
  [Bank 9] EWMA: 59.5862 cycles | Samples: 2838
  [Bank 10] EWMA: 75.8652 cycles | Samples: 2808
  [Bank 11] EWMA: 92.0706 cycles | Samples: 2792
  [Bank 12] EWMA: 76607.1 cycles | Samples: 2916
  [Bank 13] EWMA: 75.7642 cycles | Samples: 2844
  [Bank 14] EWMA: 91.1379 cycles | Samples: 3154
  [Bank 15] EWMA: 119.743 cycles | Samples: 2938
----------------------------------------------------------
Controller: 9
  [Bank 0] EWMA: 91.0001 cycles | Samples: 3605
  [Bank 1] EWMA: 75.0139 cycles | Samples: 3441
  [Bank 2] EWMA: 91.5573 cycles | Samples: 3208
  [Bank 3] EWMA: 107.48 cycles | Samples: 3251
  [Bank 4] EWMA: 79.4555 cycles | Samples: 4065
  [Bank 5] EWMA: 60.1938 cycles | Samples: 3301
  [Bank 6] EWMA: 78.0039 cycles | Samples: 3250
  [Bank 7] EWMA: 93.4645 cycles | Samples: 3267
  [Bank 8] EWMA: 62.132 cycles | Samples: 3180
  [Bank 9] EWMA: 46.228 cycles | Samples: 3280
  [Bank 10] EWMA: 62.3054 cycles | Samples: 3303
  [Bank 11] EWMA: 79.6532 cycles | Samples: 3160
  [Bank 12] EWMA: 78.59 cycles | Samples: 3277
  [Bank 13] EWMA: 59.8076 cycles | Samples: 3253
  [Bank 14] EWMA: 75.065 cycles | Samples: 3538
  [Bank 15] EWMA: 95.6909 cycles | Samples: 3306
----------------------------------------------------------
Controller: 10
  [Bank 0] EWMA: 107.004 cycles | Samples: 4590
  [Bank 1] EWMA: 91.0211 cycles | Samples: 4405
  [Bank 2] EWMA: 75.8866 cycles | Samples: 4208
  [Bank 3] EWMA: 91.946 cycles | Samples: 4157
  [Bank 4] EWMA: 92.2656 cycles | Samples: 4673
  [Bank 5] EWMA: 76.1372 cycles | Samples: 4246
  [Bank 6] EWMA: 59.6618 cycles | Samples: 4231
  [Bank 7] EWMA: 75.7002 cycles | Samples: 4263
  [Bank 8] EWMA: 75.858 cycles | Samples: 4194
  [Bank 9] EWMA: 59.7133 cycles | Samples: 4250
  [Bank 10] EWMA: 44.1596 cycles | Samples: 4218
  [Bank 11] EWMA: 60.5116 cycles | Samples: 4192
  [Bank 12] EWMA: 122.447 cycles | Samples: 4330
  [Bank 13] EWMA: 76.0213 cycles | Samples: 4241
  [Bank 14] EWMA: 59.0946 cycles | Samples: 4533
  [Bank 15] EWMA: 101.149 cycles | Samples: 4284
----------------------------------------------------------
Controller: 11
  [Bank 0] EWMA: 123.003 cycles | Samples: 4303
  [Bank 1] EWMA: 107.02 cycles | Samples: 4185
  [Bank 2] EWMA: 92.0977 cycles | Samples: 3845
  [Bank 3] EWMA: 75.9302 cycles | Samples: 3871
  [Bank 4] EWMA: 107.599 cycles | Samples: 4187
  [Bank 5] EWMA: 92.3156 cycles | Samples: 3953
  [Bank 6] EWMA: 76.7376 cycles | Samples: 3913
  [Bank 7] EWMA: 60.0414 cycles | Samples: 3997
  [Bank 8] EWMA: 96.1123 cycles | Samples: 3894
  [Bank 9] EWMA: 75.9719 cycles | Samples: 3871
  [Bank 10] EWMA: 59.7882 cycles | Samples: 3871
  [Bank 11] EWMA: 45.5262 cycles | Samples: 3822
  [Bank 12] EWMA: 107.902 cycles | Samples: 4050
  [Bank 13] EWMA: 91.9736 cycles | Samples: 3877
  [Bank 14] EWMA: 75.0269 cycles | Samples: 4265
  [Bank 15] EWMA: 62.2429 cycles | Samples: 3959
----------------------------------------------------------
Controller: 12
  [Bank 0] EWMA: 95.8053 cycles | Samples: 3893
  [Bank 1] EWMA: 107.564 cycles | Samples: 3747
  [Bank 2] EWMA: 126.796 cycles | Samples: 3496
  [Bank 3] EWMA: 142.475 cycles | Samples: 3544
  [Bank 4] EWMA: 75.6129 cycles | Samples: 3645
  [Bank 5] EWMA: 92.3167 cycles | Samples: 3587
  [Bank 6] EWMA: 151.178 cycles | Samples: 3509
  [Bank 7] EWMA: 128.502 cycles | Samples: 3470
  [Bank 8] EWMA: 61.4574 cycles | Samples: 3472
  [Bank 9] EWMA: 78.3007 cycles | Samples: 3578
  [Bank 10] EWMA: 95.033 cycles | Samples: 3497
  [Bank 11] EWMA: 109.594 cycles | Samples: 3416
  [Bank 12] EWMA: 43.3739 cycles | Samples: 3582
  [Bank 13] EWMA: 59.7688 cycles | Samples: 3518
  [Bank 14] EWMA: 75.7134 cycles | Samples: 3827
  [Bank 15] EWMA: 91.6686 cycles | Samples: 3611
----------------------------------------------------------
Controller: 13
  [Bank 0] EWMA: 111.01 cycles | Samples: 2889
  [Bank 1] EWMA: 91.7285 cycles | Samples: 2613
  [Bank 2] EWMA: 108.576 cycles | Samples: 2431
  [Bank 3] EWMA: 123.833 cycles | Samples: 2513
  [Bank 4] EWMA: 94.4764 cycles | Samples: 2533
  [Bank 5] EWMA: 76.2123 cycles | Samples: 2454
  [Bank 6] EWMA: 92.831 cycles | Samples: 2483
  [Bank 7] EWMA: 109.888 cycles | Samples: 2478
  [Bank 8] EWMA: 76.4596 cycles | Samples: 2434
  [Bank 9] EWMA: 59.7782 cycles | Samples: 2426
  [Bank 10] EWMA: 75.9332 cycles | Samples: 2461
  [Bank 11] EWMA: 91.7322 cycles | Samples: 2471
  [Bank 12] EWMA: 95.3676 cycles | Samples: 2585
  [Bank 13] EWMA: 43.4971 cycles | Samples: 2473
  [Bank 14] EWMA: 71.945 cycles | Samples: 2688
  [Bank 15] EWMA: 102.363 cycles | Samples: 2591
----------------------------------------------------------
Controller: 14
  [Bank 0] EWMA: 166.19 cycles | Samples: 4514
  [Bank 1] EWMA: 166.284 cycles | Samples: 4216
  [Bank 2] EWMA: 190.085 cycles | Samples: 4076
  [Bank 3] EWMA: 220.855 cycles | Samples: 4067
  [Bank 4] EWMA: 268.433 cycles | Samples: 4224
  [Bank 5] EWMA: 255.814 cycles | Samples: 4197
  [Bank 6] EWMA: 304.906 cycles | Samples: 4047
  [Bank 7] EWMA: 239.022 cycles | Samples: 3987
  [Bank 8] EWMA: 276.683 cycles | Samples: 3972
  [Bank 9] EWMA: 183.558 cycles | Samples: 4052
  [Bank 10] EWMA: 368.485 cycles | Samples: 4067
  [Bank 11] EWMA: 246.55 cycles | Samples: 3969
  [Bank 12] EWMA: 164.783 cycles | Samples: 4226
  [Bank 13] EWMA: 177.726 cycles | Samples: 4111
  [Bank 14] EWMA: 120.954 cycles | Samples: 4376
  [Bank 15] EWMA: 163.85 cycles | Samples: 4132
----------------------------------------------------------
Controller: 15
  [Bank 0] EWMA: 139 cycles | Samples: 3156
  [Bank 1] EWMA: 123.013 cycles | Samples: 2986
  [Bank 2] EWMA: 108.054 cycles | Samples: 2823
  [Bank 3] EWMA: 92.1255 cycles | Samples: 2839
  [Bank 4] EWMA: 123.626 cycles | Samples: 3062
  [Bank 5] EWMA: 108.051 cycles | Samples: 2864
  [Bank 6] EWMA: 92.3244 cycles | Samples: 2811
  [Bank 7] EWMA: 75.7604 cycles | Samples: 2855
  [Bank 8] EWMA: 110.119 cycles | Samples: 2799
  [Bank 9] EWMA: 91.5972 cycles | Samples: 2851
  [Bank 10] EWMA: 75.9315 cycles | Samples: 2845
  [Bank 11] EWMA: 59.9526 cycles | Samples: 2852
  [Bank 12] EWMA: 91.2775 cycles | Samples: 3022
  [Bank 13] EWMA: 75.7691 cycles | Samples: 2838
  [Bank 14] EWMA: 59.0302 cycles | Samples: 3097
  [Bank 15] EWMA: 46.73 cycles | Samples: 2920
----------------------------------------------------------
