Global frequency set at 1000000000000 ticks per second
warn: board.cache_hierarchy.ruby_system.network adopting orphan SimObject param 'netifs'
warn: board.cache_hierarchy.ruby_system.network adopting orphan SimObject param 'ext_links'
warn: board.cache_hierarchy.ruby_system.network adopting orphan SimObject param 'int_links'
warn: board.workload.acpi_description_table_pointer.rsdt adopting orphan SimObject param 'entries'
warn: No dot file generated. Please install pydot to generate the dot file and pdf.
src/mem/dram_interface.cc:690: warn: DRAM device capacity (16384 Mbytes) does not match the address range assigned (2048 Mbytes)
src/mem/dram_interface.cc:690: warn: DRAM device capacity (16384 Mbytes) does not match the address range assigned (2048 Mbytes)
src/sim/kernel_workload.cc:46: info: kernel located at: /home/paridhi/.cache/gem5/x86-linux-kernel-4.19.83
src/base/statistics.hh:279: warn: One of the stats is a legacy stat. Legacy stat is a stat that does not belong to any statistics::Group. Legacy stat is deprecated.
src/base/statistics.hh:279: warn: One of the stats is a legacy stat. Legacy stat is a stat that does not belong to any statistics::Group. Legacy stat is deprecated.
src/base/statistics.hh:279: warn: One of the stats is a legacy stat. Legacy stat is a stat that does not belong to any statistics::Group. Legacy stat is deprecated.
src/base/statistics.hh:279: warn: One of the stats is a legacy stat. Legacy stat is a stat that does not belong to any statistics::Group. Legacy stat is deprecated.
src/mem/ruby/network/garnet/GarnetNetwork.cc:107: info: Garnet version 3.0
      0: board.pc.south_bridge.cmos.rtc: Real-time clock set to Sun Jan  1 00:00:00 2012
board.pc.com_1.device: Listening for connections on port 3461
src/dev/intel_8254_timer.cc:128: warn: Reading current count from inactive timer.
board.remote_gdb: Listening for connections on port 7005
src/cpu/kvm/base.cc:169: info: KVM: Coalesced MMIO disabled by config.
src/cpu/kvm/base.cc:169: info: KVM: Coalesced MMIO disabled by config.
src/cpu/kvm/base.cc:169: info: KVM: Coalesced MMIO disabled by config.
src/cpu/kvm/base.cc:169: info: KVM: Coalesced MMIO disabled by config.
src/cpu/kvm/base.cc:169: info: KVM: Coalesced MMIO disabled by config.
src/cpu/kvm/base.cc:169: info: KVM: Coalesced MMIO disabled by config.
src/cpu/kvm/base.cc:169: info: KVM: Coalesced MMIO disabled by config.
src/cpu/kvm/base.cc:169: info: KVM: Coalesced MMIO disabled by config.
src/cpu/kvm/base.cc:169: info: KVM: Coalesced MMIO disabled by config.
src/cpu/kvm/base.cc:169: info: KVM: Coalesced MMIO disabled by config.
src/cpu/kvm/base.cc:169: info: KVM: Coalesced MMIO disabled by config.
src/cpu/kvm/base.cc:169: info: KVM: Coalesced MMIO disabled by config.
src/cpu/kvm/base.cc:169: info: KVM: Coalesced MMIO disabled by config.
src/cpu/kvm/base.cc:169: info: KVM: Coalesced MMIO disabled by config.
src/cpu/kvm/base.cc:169: info: KVM: Coalesced MMIO disabled by config.
src/cpu/kvm/base.cc:169: info: KVM: Coalesced MMIO disabled by config.
src/cpu/kvm/base.cc:591: hack: Pretending totalOps is equivalent to totalInsts()
gem5 Simulator System.  https://www.gem5.org
gem5 is copyrighted software; use the --copyright option for details.

gem5 version 24.1.0.3
gem5 compiled Dec  7 2025 00:51:10
gem5 started Dec  7 2025 11:25:27
gem5 executing on labpc-pid, pid 1984345
command line: ./build/X86/gem5.opt --outdir=m5out/streamcluster configs/example/gem5_library/x86-parsec-benchmarks.py --benchmark=streamcluster --size=simsmall

Creating MESI Three Level Cache Hierarchy
info: Using default config
Running the simulation
Using KVM cpu
src/sim/simulate.cc:199: info: Entering event queue @ 0.  Starting simulation...
src/arch/x86/kvm/x86_cpu.cc:1688: warn: kvm-x86: MSR (0x3a) unsupported by gem5. Skipping.
src/arch/x86/kvm/x86_cpu.cc:1688: warn: kvm-x86: MSR (0x48) unsupported by gem5. Skipping.
src/arch/x86/kvm/x86_cpu.cc:1688: warn: kvm-x86: MSR (0xe1) unsupported by gem5. Skipping.
src/arch/x86/kvm/x86_cpu.cc:1688: warn: kvm-x86: MSR (0x12) unsupported by gem5. Skipping.
src/arch/x86/kvm/x86_cpu.cc:1688: warn: kvm-x86: MSR (0x11) unsupported by gem5. Skipping.
src/arch/x86/kvm/x86_cpu.cc:1688: warn: kvm-x86: MSR (0x4b564d01) unsupported by gem5. Skipping.
src/arch/x86/kvm/x86_cpu.cc:1688: warn: kvm-x86: MSR (0x4b564d00) unsupported by gem5. Skipping.
src/arch/x86/kvm/x86_cpu.cc:1688: warn: kvm-x86: MSR (0x40000000) unsupported by gem5. Skipping.
src/arch/x86/kvm/x86_cpu.cc:1688: warn: kvm-x86: MSR (0x40000001) unsupported by gem5. Skipping.
src/arch/x86/kvm/x86_cpu.cc:1688: warn: kvm-x86: MSR (0x40000020) unsupported by gem5. Skipping.
src/arch/x86/kvm/x86_cpu.cc:1688: warn: kvm-x86: MSR (0x40000021) unsupported by gem5. Skipping.
src/arch/x86/kvm/x86_cpu.cc:1688: warn: kvm-x86: MSR (0x40000022) unsupported by gem5. Skipping.
src/arch/x86/kvm/x86_cpu.cc:1688: warn: kvm-x86: MSR (0x40000023) unsupported by gem5. Skipping.
src/arch/x86/kvm/x86_cpu.cc:1688: warn: kvm-x86: MSR (0x40000100) unsupported by gem5. Skipping.
src/arch/x86/kvm/x86_cpu.cc:1688: warn: kvm-x86: MSR (0x40000101) unsupported by gem5. Skipping.
src/arch/x86/kvm/x86_cpu.cc:1688: warn: kvm-x86: MSR (0x40000102) unsupported by gem5. Skipping.
src/arch/x86/kvm/x86_cpu.cc:1688: warn: kvm-x86: MSR (0x40000103) unsupported by gem5. Skipping.
src/arch/x86/kvm/x86_cpu.cc:1688: warn: kvm-x86: MSR (0x40000104) unsupported by gem5. Skipping.
src/arch/x86/kvm/x86_cpu.cc:1688: warn: kvm-x86: MSR (0x40000105) unsupported by gem5. Skipping.
src/arch/x86/kvm/x86_cpu.cc:1688: warn: kvm-x86: MSR (0x40000003) unsupported by gem5. Skipping.
src/arch/x86/kvm/x86_cpu.cc:1688: warn: kvm-x86: MSR (0x40000002) unsupported by gem5. Skipping.
src/arch/x86/kvm/x86_cpu.cc:1688: warn: kvm-x86: MSR (0x40000010) unsupported by gem5. Skipping.
src/arch/x86/kvm/x86_cpu.cc:1688: warn: kvm-x86: MSR (0x40000080) unsupported by gem5. Skipping.
src/arch/x86/kvm/x86_cpu.cc:1688: warn: kvm-x86: MSR (0x400000b0) unsupported by gem5. Skipping.
src/arch/x86/kvm/x86_cpu.cc:1688: warn: kvm-x86: MSR (0x40000073) unsupported by gem5. Skipping.
src/arch/x86/kvm/x86_cpu.cc:1688: warn: kvm-x86: MSR (0x40000106) unsupported by gem5. Skipping.
src/arch/x86/kvm/x86_cpu.cc:1688: warn: kvm-x86: MSR (0x40000107) unsupported by gem5. Skipping.
src/arch/x86/kvm/x86_cpu.cc:1688: warn: kvm-x86: MSR (0x40000108) unsupported by gem5. Skipping.
src/arch/x86/kvm/x86_cpu.cc:1688: warn: kvm-x86: MSR (0x40000118) unsupported by gem5. Skipping.
src/arch/x86/kvm/x86_cpu.cc:1688: warn: kvm-x86: MSR (0x400000ff) unsupported by gem5. Skipping.
src/arch/x86/kvm/x86_cpu.cc:1688: warn: kvm-x86: MSR (0x400000f1) unsupported by gem5. Skipping.
src/arch/x86/kvm/x86_cpu.cc:1688: warn: kvm-x86: MSR (0x400000f2) unsupported by gem5. Skipping.
src/arch/x86/kvm/x86_cpu.cc:1688: warn: kvm-x86: MSR (0x400000f3) unsupported by gem5. Skipping.
src/arch/x86/kvm/x86_cpu.cc:1688: warn: kvm-x86: MSR (0x400000f4) unsupported by gem5. Skipping.
src/arch/x86/kvm/x86_cpu.cc:1688: warn: kvm-x86: MSR (0x400000f5) unsupported by gem5. Skipping.
src/arch/x86/kvm/x86_cpu.cc:1688: warn: kvm-x86: MSR (0x4b564d02) unsupported by gem5. Skipping.
src/arch/x86/kvm/x86_cpu.cc:1688: warn: kvm-x86: MSR (0x4b564d03) unsupported by gem5. Skipping.
src/arch/x86/kvm/x86_cpu.cc:1688: warn: kvm-x86: MSR (0x4b564d04) unsupported by gem5. Skipping.
src/arch/x86/kvm/x86_cpu.cc:1688: warn: kvm-x86: MSR (0x4b564d06) unsupported by gem5. Skipping.
src/arch/x86/kvm/x86_cpu.cc:1688: warn: kvm-x86: MSR (0x4b564d07) unsupported by gem5. Skipping.
src/arch/x86/kvm/x86_cpu.cc:1688: warn: kvm-x86: MSR (0x3b) unsupported by gem5. Skipping.
src/arch/x86/kvm/x86_cpu.cc:1688: warn: kvm-x86: MSR (0x6e0) unsupported by gem5. Skipping.
src/arch/x86/kvm/x86_cpu.cc:1688: warn: kvm-x86: MSR (0x10a) unsupported by gem5. Skipping.
src/arch/x86/kvm/x86_cpu.cc:1688: warn: kvm-x86: MSR (0x345) unsupported by gem5. Skipping.
src/arch/x86/kvm/x86_cpu.cc:1688: warn: kvm-x86: MSR (0x1a0) unsupported by gem5. Skipping.
src/arch/x86/kvm/x86_cpu.cc:1688: warn: kvm-x86: MSR (0x4d0) unsupported by gem5. Skipping.
src/arch/x86/kvm/x86_cpu.cc:1688: warn: kvm-x86: MSR (0x9e) unsupported by gem5. Skipping.
src/arch/x86/kvm/x86_cpu.cc:1688: warn: kvm-x86: MSR (0x34) unsupported by gem5. Skipping.
src/arch/x86/kvm/x86_cpu.cc:1688: warn: kvm-x86: MSR (0xce) unsupported by gem5. Skipping.
src/arch/x86/kvm/x86_cpu.cc:1688: warn: kvm-x86: MSR (0x140) unsupported by gem5. Skipping.
src/arch/x86/kvm/x86_cpu.cc:1688: warn: kvm-x86: MSR (0x1fc) unsupported by gem5. Skipping.
src/arch/x86/kvm/x86_cpu.cc:1688: warn: kvm-x86: MSR (0x8b) unsupported by gem5. Skipping.
src/arch/x86/kvm/x86_cpu.cc:1688: warn: kvm-x86: MSR (0x480) unsupported by gem5. Skipping.
src/arch/x86/kvm/x86_cpu.cc:1688: warn: kvm-x86: MSR (0x48d) unsupported by gem5. Skipping.
src/arch/x86/kvm/x86_cpu.cc:1688: warn: kvm-x86: MSR (0x48e) unsupported by gem5. Skipping.
src/arch/x86/kvm/x86_cpu.cc:1688: warn: kvm-x86: MSR (0x48f) unsupported by gem5. Skipping.
src/arch/x86/kvm/x86_cpu.cc:1688: warn: kvm-x86: MSR (0x490) unsupported by gem5. Skipping.
src/arch/x86/kvm/x86_cpu.cc:1688: warn: kvm-x86: MSR (0x485) unsupported by gem5. Skipping.
src/arch/x86/kvm/x86_cpu.cc:1688: warn: kvm-x86: MSR (0x486) unsupported by gem5. Skipping.
src/arch/x86/kvm/x86_cpu.cc:1688: warn: kvm-x86: MSR (0x488) unsupported by gem5. Skipping.
src/arch/x86/kvm/x86_cpu.cc:1688: warn: kvm-x86: MSR (0x48a) unsupported by gem5. Skipping.
src/arch/x86/kvm/x86_cpu.cc:1688: warn: kvm-x86: MSR (0x48b) unsupported by gem5. Skipping.
src/arch/x86/kvm/x86_cpu.cc:1688: warn: kvm-x86: MSR (0x48c) unsupported by gem5. Skipping.
src/arch/x86/kvm/x86_cpu.cc:1688: warn: kvm-x86: MSR (0x491) unsupported by gem5. Skipping.
src/arch/x86/kvm/x86_cpu.cc:1688: warn: kvm-x86: MSR (0xc0010015) unsupported by gem5. Skipping.
src/arch/x86/kvm/x86_cpu.cc:1688: warn: kvm-x86: MSR (0x4b564d05) unsupported by gem5. Skipping.
src/arch/x86/kvm/x86_cpu.cc:563: warn: cs limit (0xffffffff) and g (0) combination is illegal.
src/arch/x86/kvm/x86_cpu.cc:1688: warn: kvm-x86: MSR (0x3a) unsupported by gem5. Skipping.
src/arch/x86/kvm/x86_cpu.cc:1688: warn: kvm-x86: MSR (0x48) unsupported by gem5. Skipping.
src/arch/x86/kvm/x86_cpu.cc:1688: warn: kvm-x86: MSR (0xe1) unsupported by gem5. Skipping.
src/arch/x86/kvm/x86_cpu.cc:1688: warn: kvm-x86: MSR (0x12) unsupported by gem5. Skipping.
src/arch/x86/kvm/x86_cpu.cc:1688: warn: kvm-x86: MSR (0x11) unsupported by gem5. Skipping.
src/arch/x86/kvm/x86_cpu.cc:1688: warn: kvm-x86: MSR (0x4b564d01) unsupported by gem5. Skipping.
src/arch/x86/kvm/x86_cpu.cc:1688: warn: kvm-x86: MSR (0x4b564d00) unsupported by gem5. Skipping.
src/arch/x86/kvm/x86_cpu.cc:1688: warn: kvm-x86: MSR (0x40000000) unsupported by gem5. Skipping.
src/arch/x86/kvm/x86_cpu.cc:1688: warn: kvm-x86: MSR (0x40000001) unsupported by gem5. Skipping.
src/arch/x86/kvm/x86_cpu.cc:1688: warn: kvm-x86: MSR (0x40000020) unsupported by gem5. Skipping.
src/arch/x86/kvm/x86_cpu.cc:1688: warn: kvm-x86: MSR (0x40000021) unsupported by gem5. Skipping.
src/arch/x86/kvm/x86_cpu.cc:1688: warn: kvm-x86: MSR (0x40000022) unsupported by gem5. Skipping.
src/arch/x86/kvm/x86_cpu.cc:1688: warn: kvm-x86: MSR (0x40000023) unsupported by gem5. Skipping.
src/arch/x86/kvm/x86_cpu.cc:1688: warn: kvm-x86: MSR (0x40000100) unsupported by gem5. Skipping.
src/arch/x86/kvm/x86_cpu.cc:1688: warn: kvm-x86: MSR (0x40000101) unsupported by gem5. Skipping.
src/arch/x86/kvm/x86_cpu.cc:1688: warn: kvm-x86: MSR (0x40000102) unsupported by gem5. Skipping.
src/arch/x86/kvm/x86_cpu.cc:1688: warn: kvm-x86: MSR (0x40000103) unsupported by gem5. Skipping.
src/arch/x86/kvm/x86_cpu.cc:1688: warn: kvm-x86: MSR (0x40000104) unsupported by gem5. Skipping.
src/arch/x86/kvm/x86_cpu.cc:1688: warn: kvm-x86: MSR (0x40000105) unsupported by gem5. Skipping.
src/arch/x86/kvm/x86_cpu.cc:1688: warn: kvm-x86: MSR (0x40000003) unsupported by gem5. Skipping.
src/arch/x86/kvm/x86_cpu.cc:1688: warn: kvm-x86: MSR (0x40000002) unsupported by gem5. Skipping.
src/arch/x86/kvm/x86_cpu.cc:1688: warn: kvm-x86: MSR (0x40000010) unsupported by gem5. Skipping.
src/arch/x86/kvm/x86_cpu.cc:1688: warn: kvm-x86: MSR (0x40000080) unsupported by gem5. Skipping.
src/arch/x86/kvm/x86_cpu.cc:1688: warn: kvm-x86: MSR (0x400000b0) unsupported by gem5. Skipping.
src/arch/x86/kvm/x86_cpu.cc:1688: warn: kvm-x86: MSR (0x40000073) unsupported by gem5. Skipping.
src/arch/x86/kvm/x86_cpu.cc:1688: warn: kvm-x86: MSR (0x40000106) unsupported by gem5. Skipping.
src/arch/x86/kvm/x86_cpu.cc:1688: warn: kvm-x86: MSR (0x40000107) unsupported by gem5. Skipping.
src/arch/x86/kvm/x86_cpu.cc:1688: warn: kvm-x86: MSR (0x40000108) unsupported by gem5. Skipping.
src/arch/x86/kvm/x86_cpu.cc:1688: warn: kvm-x86: MSR (0x40000118) unsupported by gem5. Skipping.
src/arch/x86/kvm/x86_cpu.cc:1688: warn: kvm-x86: MSR (0x400000ff) unsupported by gem5. Skipping.
src/arch/x86/kvm/x86_cpu.cc:1688: warn: kvm-x86: MSR (0x400000f1) unsupported by gem5. Skipping.
src/arch/x86/kvm/x86_cpu.cc:1688: warn: kvm-x86: MSR (0x400000f2) unsupported by gem5. Skipping.
src/arch/x86/kvm/x86_cpu.cc:1688: warn: kvm-x86: MSR (0x400000f3) unsupported by gem5. Skipping.
src/arch/x86/kvm/x86_cpu.cc:1688: warn: kvm-x86: MSR (0x400000f4) unsupported by gem5. Skipping.
src/arch/x86/kvm/x86_cpu.cc:1688: warn: kvm-x86: MSR (0x400000f5) unsupported by gem5. Skipping.
src/arch/x86/kvm/x86_cpu.cc:1688: warn: kvm-x86: MSR (0x4b564d02) unsupported by gem5. Skipping.
src/arch/x86/kvm/x86_cpu.cc:1688: warn: kvm-x86: MSR (0x4b564d03) unsupported by gem5. Skipping.
src/arch/x86/kvm/x86_cpu.cc:1688: warn: kvm-x86: MSR (0x4b564d04) unsupported by gem5. Skipping.
src/arch/x86/kvm/x86_cpu.cc:1688: warn: kvm-x86: MSR (0x4b564d06) unsupported by gem5. Skipping.
src/arch/x86/kvm/x86_cpu.cc:1688: warn: kvm-x86: MSR (0x4b564d07) unsupported by gem5. Skipping.
src/arch/x86/kvm/x86_cpu.cc:1688: warn: kvm-x86: MSR (0x3b) unsupported by gem5. Skipping.
src/arch/x86/kvm/x86_cpu.cc:1688: warn: kvm-x86: MSR (0x6e0) unsupported by gem5. Skipping.
src/arch/x86/kvm/x86_cpu.cc:1688: warn: kvm-x86: MSR (0x10a) unsupported by gem5. Skipping.
src/arch/x86/kvm/x86_cpu.cc:1688: warn: kvm-x86: MSR (0x345) unsupported by gem5. Skipping.
src/arch/x86/kvm/x86_cpu.cc:1688: warn: kvm-x86: MSR (0x1a0) unsupported by gem5. Skipping.
src/arch/x86/kvm/x86_cpu.cc:1688: warn: kvm-x86: MSR (0x4d0) unsupported by gem5. Skipping.
src/arch/x86/kvm/x86_cpu.cc:1688: warn: kvm-x86: MSR (0x9e) unsupported by gem5. Skipping.
src/arch/x86/kvm/x86_cpu.cc:1688: warn: kvm-x86: MSR (0x34) unsupported by gem5. Skipping.
src/arch/x86/kvm/x86_cpu.cc:1688: warn: kvm-x86: MSR (0xce) unsupported by gem5. Skipping.
src/arch/x86/kvm/x86_cpu.cc:1688: warn: kvm-x86: MSR (0x140) unsupported by gem5. Skipping.
src/arch/x86/kvm/x86_cpu.cc:1688: warn: kvm-x86: MSR (0x1fc) unsupported by gem5. Skipping.
src/arch/x86/kvm/x86_cpu.cc:1688: warn: kvm-x86: MSR (0x8b) unsupported by gem5. Skipping.
src/arch/x86/kvm/x86_cpu.cc:1688: warn: kvm-x86: MSR (0x480) unsupported by gem5. Skipping.
src/arch/x86/kvm/x86_cpu.cc:1688: warn: kvm-x86: MSR (0x48d) unsupported by gem5. Skipping.
src/arch/x86/kvm/x86_cpu.cc:1688: warn: kvm-x86: MSR (0x48e) unsupported by gem5. Skipping.
src/arch/x86/kvm/x86_cpu.cc:1688: warn: kvm-x86: MSR (0x48f) unsupported by gem5. Skipping.
src/arch/x86/kvm/x86_cpu.cc:1688: warn: kvm-x86: MSR (0x490) unsupported by gem5. Skipping.
src/arch/x86/kvm/x86_cpu.cc:1688: warn: kvm-x86: MSR (0x485) unsupported by gem5. Skipping.
src/arch/x86/kvm/x86_cpu.cc:1688: warn: kvm-x86: MSR (0x486) unsupported by gem5. Skipping.
src/arch/x86/kvm/x86_cpu.cc:1688: warn: kvm-x86: MSR (0x488) unsupported by gem5. Skipping.
src/arch/x86/kvm/x86_cpu.cc:1688: warn: kvm-x86: MSR (0x48a) unsupported by gem5. Skipping.
src/arch/x86/kvm/x86_cpu.cc:1688: warn: kvm-x86: MSR (0x48b) unsupported by gem5. Skipping.
src/arch/x86/kvm/x86_cpu.cc:1688: warn: kvm-x86: MSR (0x48c) unsupported by gem5. Skipping.
src/arch/x86/kvm/x86_cpu.cc:1688: warn: kvm-x86: MSR (0x491) unsupported by gem5. Skipping.
src/arch/x86/kvm/x86_cpu.cc:1688: warn: kvm-x86: MSR (0xc0010015) unsupported by gem5. Skipping.
src/arch/x86/kvm/x86_cpu.cc:1688: warn: kvm-x86: MSR (0x4b564d05) unsupported by gem5. Skipping.
src/arch/x86/kvm/x86_cpu.cc:563: warn: cs limit (0xffffffff) and g (0) combination is illegal.
src/arch/x86/kvm/x86_cpu.cc:563: warn: cs limit (0xffffffff) and g (0) combination is illegal.
src/arch/x86/kvm/x86_cpu.cc:563: warn: cs limit (0xffffffff) and g (0) combination is illegal.
src/arch/x86/kvm/x86_cpu.cc:1688: warn: kvm-x86: MSR (0x3a) unsupported by gem5. Skipping.
src/arch/x86/kvm/x86_cpu.cc:1688: warn: kvm-x86: MSR (0x48) unsupported by gem5. Skipping.
src/arch/x86/kvm/x86_cpu.cc:1688: warn: kvm-x86: MSR (0xe1) unsupported by gem5. Skipping.
src/arch/x86/kvm/x86_cpu.cc:1688: warn: kvm-x86: MSR (0x12) unsupported by gem5. Skipping.
src/arch/x86/kvm/x86_cpu.cc:1688: warn: kvm-x86: MSR (0x11) unsupported by gem5. Skipping.
src/arch/x86/kvm/x86_cpu.cc:1688: warn: kvm-x86: MSR (0x4b564d01) unsupported by gem5. Skipping.
src/arch/x86/kvm/x86_cpu.cc:1688: warn: kvm-x86: MSR (0x4b564d00) unsupported by gem5. Skipping.
src/arch/x86/kvm/x86_cpu.cc:1688: warn: kvm-x86: MSR (0x40000000) unsupported by gem5. Skipping.
src/arch/x86/kvm/x86_cpu.cc:1688: warn: kvm-x86: MSR (0x40000001) unsupported by gem5. Skipping.
src/arch/x86/kvm/x86_cpu.cc:1688: warn: kvm-x86: MSR (0x40000020) unsupported by gem5. Skipping.
src/arch/x86/kvm/x86_cpu.cc:1688: warn: kvm-x86: MSR (0x40000021) unsupported by gem5. Skipping.
src/arch/x86/kvm/x86_cpu.cc:1688: warn: kvm-x86: MSR (0x40000022) unsupported by gem5. Skipping.
src/arch/x86/kvm/x86_cpu.cc:1688: warn: kvm-x86: MSR (0x40000023) unsupported by gem5. Skipping.
src/arch/x86/kvm/x86_cpu.cc:1688: warn: kvm-x86: MSR (0x40000100) unsupported by gem5. Skipping.
src/arch/x86/kvm/x86_cpu.cc:1688: warn: kvm-x86: MSR (0x40000101) unsupported by gem5. Skipping.
src/arch/x86/kvm/x86_cpu.cc:1688: warn: kvm-x86: MSR (0x40000102) unsupported by gem5. Skipping.
src/arch/x86/kvm/x86_cpu.cc:1688: warn: kvm-x86: MSR (0x40000103) unsupported by gem5. Skipping.
src/arch/x86/kvm/x86_cpu.cc:1688: warn: kvm-x86: MSR (0x40000104) unsupported by gem5. Skipping.
src/arch/x86/kvm/x86_cpu.cc:1688: warn: kvm-x86: MSR (0x40000105) unsupported by gem5. Skipping.
src/arch/x86/kvm/x86_cpu.cc:1688: warn: kvm-x86: MSR (0x40000003) unsupported by gem5. Skipping.
src/arch/x86/kvm/x86_cpu.cc:1688: warn: kvm-x86: MSR (0x40000002) unsupported by gem5. Skipping.
src/arch/x86/kvm/x86_cpu.cc:1688: warn: kvm-x86: MSR (0x40000010) unsupported by gem5. Skipping.
src/arch/x86/kvm/x86_cpu.cc:1688: warn: kvm-x86: MSR (0x40000080) unsupported by gem5. Skipping.
src/arch/x86/kvm/x86_cpu.cc:1688: warn: kvm-x86: MSR (0x400000b0) unsupported by gem5. Skipping.
src/arch/x86/kvm/x86_cpu.cc:1688: warn: kvm-x86: MSR (0x40000073) unsupported by gem5. Skipping.
src/arch/x86/kvm/x86_cpu.cc:1688: warn: kvm-x86: MSR (0x40000106) unsupported by gem5. Skipping.
src/arch/x86/kvm/x86_cpu.cc:1688: warn: kvm-x86: MSR (0x40000107) unsupported by gem5. Skipping.
src/arch/x86/kvm/x86_cpu.cc:1688: warn: kvm-x86: MSR (0x40000108) unsupported by gem5. Skipping.
src/arch/x86/kvm/x86_cpu.cc:1688: warn: kvm-x86: MSR (0x40000118) unsupported by gem5. Skipping.
src/arch/x86/kvm/x86_cpu.cc:1688: warn: kvm-x86: MSR (0x400000ff) unsupported by gem5. Skipping.
src/arch/x86/kvm/x86_cpu.cc:1688: warn: kvm-x86: MSR (0x400000f1) unsupported by gem5. Skipping.
src/arch/x86/kvm/x86_cpu.cc:1688: warn: kvm-x86: MSR (0x400000f2) unsupported by gem5. Skipping.
src/arch/x86/kvm/x86_cpu.cc:1688: warn: kvm-x86: MSR (0x400000f3) unsupported by gem5. Skipping.
src/arch/x86/kvm/x86_cpu.cc:1688: warn: kvm-x86: MSR (0x400000f4) unsupported by gem5. Skipping.
src/arch/x86/kvm/x86_cpu.cc:1688: warn: kvm-x86: MSR (0x400000f5) unsupported by gem5. Skipping.
src/arch/x86/kvm/x86_cpu.cc:1688: warn: kvm-x86: MSR (0x4b564d02) unsupported by gem5. Skipping.
src/arch/x86/kvm/x86_cpu.cc:1688: warn: kvm-x86: MSR (0x4b564d03) unsupported by gem5. Skipping.
src/arch/x86/kvm/x86_cpu.cc:1688: warn: kvm-x86: MSR (0x4b564d04) unsupported by gem5. Skipping.
src/arch/x86/kvm/x86_cpu.cc:1688: warn: kvm-x86: MSR (0x4b564d06) unsupported by gem5. Skipping.
src/arch/x86/kvm/x86_cpu.cc:1688: warn: kvm-x86: MSR (0x4b564d07) unsupported by gem5. Skipping.
src/arch/x86/kvm/x86_cpu.cc:1688: warn: kvm-x86: MSR (0x3b) unsupported by gem5. Skipping.
src/arch/x86/kvm/x86_cpu.cc:1688: warn: kvm-x86: MSR (0x6e0) unsupported by gem5. Skipping.
src/arch/x86/kvm/x86_cpu.cc:1688: warn: kvm-x86: MSR (0x10a) unsupported by gem5. Skipping.
src/arch/x86/kvm/x86_cpu.cc:1688: warn: kvm-x86: MSR (0x345) unsupported by gem5. Skipping.
src/arch/x86/kvm/x86_cpu.cc:1688: warn: kvm-x86: MSR (0x1a0) unsupported by gem5. Skipping.
src/arch/x86/kvm/x86_cpu.cc:1688: warn: kvm-x86: MSR (0x4d0) unsupported by gem5. Skipping.
src/arch/x86/kvm/x86_cpu.cc:1688: warn: kvm-x86: MSR (0x9e) unsupported by gem5. Skipping.
src/arch/x86/kvm/x86_cpu.cc:1688: warn: kvm-x86: MSR (0x34) unsupported by gem5. Skipping.
src/arch/x86/kvm/x86_cpu.cc:1688: warn: kvm-x86: MSR (0xce) unsupported by gem5. Skipping.
src/arch/x86/kvm/x86_cpu.cc:1688: warn: kvm-x86: MSR (0x140) unsupported by gem5. Skipping.
src/arch/x86/kvm/x86_cpu.cc:1688: warn: kvm-x86: MSR (0x1fc) unsupported by gem5. Skipping.
src/arch/x86/kvm/x86_cpu.cc:1688: warn: kvm-x86: MSR (0x8b) unsupported by gem5. Skipping.
src/arch/x86/kvm/x86_cpu.cc:1688: warn: kvm-x86: MSR (0x480) unsupported by gem5. Skipping.
src/arch/x86/kvm/x86_cpu.cc:1688: warn: kvm-x86: MSR (0x48d) unsupported by gem5. Skipping.
src/arch/x86/kvm/x86_cpu.cc:1688: warn: kvm-x86: MSR (0x48e) unsupported by gem5. Skipping.
src/arch/x86/kvm/x86_cpu.cc:1688: warn: kvm-x86: MSR (0x48f) unsupported by gem5. Skipping.
src/arch/x86/kvm/x86_cpu.cc:1688: warn: kvm-x86: MSR (0x490) unsupported by gem5. Skipping.
src/arch/x86/kvm/x86_cpu.cc:1688: warn: kvm-x86: MSR (0x485) unsupported by gem5. Skipping.
src/arch/x86/kvm/x86_cpu.cc:1688: warn: kvm-x86: MSR (0x486) unsupported by gem5. Skipping.
src/arch/x86/kvm/x86_cpu.cc:1688: warn: kvm-x86: MSR (0x488) unsupported by gem5. Skipping.
src/arch/x86/kvm/x86_cpu.cc:1688: warn: kvm-x86: MSR (0x48a) unsupported by gem5. Skipping.
src/arch/x86/kvm/x86_cpu.cc:1688: warn: kvm-x86: MSR (0x48b) unsupported by gem5. Skipping.
src/arch/x86/kvm/x86_cpu.cc:1688: warn: kvm-x86: MSR (0x48c) unsupported by gem5. Skipping.
src/arch/x86/kvm/x86_cpu.cc:1688: warn: kvm-x86: MSR (0x491) unsupported by gem5. Skipping.
src/arch/x86/kvm/x86_cpu.cc:1688: warn: kvm-x86: MSR (0xc0010015) unsupported by gem5. Skipping.
src/arch/x86/kvm/x86_cpu.cc:1688: warn: kvm-x86: MSR (0x4b564d05) unsupported by gem5. Skipping.
src/arch/x86/kvm/x86_cpu.cc:563: warn: cs limit (0xffffffff) and g (0) combination is illegal.
src/arch/x86/kvm/x86_cpu.cc:563: warn: cs limit (0xffffffff) and g (0) combination is illegal.
src/arch/x86/kvm/x86_cpu.cc:563: warn: cs limit (0xffffffff) and g (0) combination is illegal.
src/arch/x86/kvm/x86_cpu.cc:1688: warn: kvm-x86: MSR (0x3a) unsupported by gem5. Skipping.
src/arch/x86/kvm/x86_cpu.cc:1688: warn: kvm-x86: MSR (0x48) unsupported by gem5. Skipping.
src/arch/x86/kvm/x86_cpu.cc:1688: warn: kvm-x86: MSR (0xe1) unsupported by gem5. Skipping.
src/arch/x86/kvm/x86_cpu.cc:1688: warn: kvm-x86: MSR (0x12) unsupported by gem5. Skipping.
src/arch/x86/kvm/x86_cpu.cc:1688: warn: kvm-x86: MSR (0x11) unsupported by gem5. Skipping.
src/arch/x86/kvm/x86_cpu.cc:1688: warn: kvm-x86: MSR (0x4b564d01) unsupported by gem5. Skipping.
src/arch/x86/kvm/x86_cpu.cc:1688: warn: kvm-x86: MSR (0x4b564d00) unsupported by gem5. Skipping.
src/arch/x86/kvm/x86_cpu.cc:1688: warn: kvm-x86: MSR (0x40000000) unsupported by gem5. Skipping.
src/arch/x86/kvm/x86_cpu.cc:1688: warn: kvm-x86: MSR (0x40000001) unsupported by gem5. Skipping.
src/arch/x86/kvm/x86_cpu.cc:1688: warn: kvm-x86: MSR (0x40000020) unsupported by gem5. Skipping.
src/arch/x86/kvm/x86_cpu.cc:1688: warn: kvm-x86: MSR (0x40000021) unsupported by gem5. Skipping.
src/arch/x86/kvm/x86_cpu.cc:1688: warn: kvm-x86: MSR (0x40000022) unsupported by gem5. Skipping.
src/arch/x86/kvm/x86_cpu.cc:1688: warn: kvm-x86: MSR (0x40000023) unsupported by gem5. Skipping.
src/arch/x86/kvm/x86_cpu.cc:1688: warn: kvm-x86: MSR (0x40000100) unsupported by gem5. Skipping.
src/arch/x86/kvm/x86_cpu.cc:1688: warn: kvm-x86: MSR (0x40000101) unsupported by gem5. Skipping.
src/arch/x86/kvm/x86_cpu.cc:1688: warn: kvm-x86: MSR (0x40000102) unsupported by gem5. Skipping.
src/arch/x86/kvm/x86_cpu.cc:1688: warn: kvm-x86: MSR (0x40000103) unsupported by gem5. Skipping.
src/arch/x86/kvm/x86_cpu.cc:1688: warn: kvm-x86: MSR (0x40000104) unsupported by gem5. Skipping.
src/arch/x86/kvm/x86_cpu.cc:1688: warn: kvm-x86: MSR (0x40000105) unsupported by gem5. Skipping.
src/arch/x86/kvm/x86_cpu.cc:1688: warn: kvm-x86: MSR (0x40000003) unsupported by gem5. Skipping.
src/arch/x86/kvm/x86_cpu.cc:1688: warn: kvm-x86: MSR (0x40000002) unsupported by gem5. Skipping.
src/arch/x86/kvm/x86_cpu.cc:1688: warn: kvm-x86: MSR (0x40000010) unsupported by gem5. Skipping.
src/arch/x86/kvm/x86_cpu.cc:1688: warn: kvm-x86: MSR (0x40000080) unsupported by gem5. Skipping.
src/arch/x86/kvm/x86_cpu.cc:1688: warn: kvm-x86: MSR (0x400000b0) unsupported by gem5. Skipping.
src/arch/x86/kvm/x86_cpu.cc:1688: warn: kvm-x86: MSR (0x40000073) unsupported by gem5. Skipping.
src/arch/x86/kvm/x86_cpu.cc:1688: warn: kvm-x86: MSR (0x40000106) unsupported by gem5. Skipping.
src/arch/x86/kvm/x86_cpu.cc:1688: warn: kvm-x86: MSR (0x40000107) unsupported by gem5. Skipping.
src/arch/x86/kvm/x86_cpu.cc:1688: warn: kvm-x86: MSR (0x40000108) unsupported by gem5. Skipping.
src/arch/x86/kvm/x86_cpu.cc:1688: warn: kvm-x86: MSR (0x40000118) unsupported by gem5. Skipping.
src/arch/x86/kvm/x86_cpu.cc:1688: warn: kvm-x86: MSR (0x400000ff) unsupported by gem5. Skipping.
src/arch/x86/kvm/x86_cpu.cc:1688: warn: kvm-x86: MSR (0x400000f1) unsupported by gem5. Skipping.
src/arch/x86/kvm/x86_cpu.cc:1688: warn: kvm-x86: MSR (0x400000f2) unsupported by gem5. Skipping.
src/arch/x86/kvm/x86_cpu.cc:1688: warn: kvm-x86: MSR (0x400000f3) unsupported by gem5. Skipping.
src/arch/x86/kvm/x86_cpu.cc:1688: warn: kvm-x86: MSR (0x400000f4) unsupported by gem5. Skipping.
src/arch/x86/kvm/x86_cpu.cc:1688: warn: kvm-x86: MSR (0x400000f5) unsupported by gem5. Skipping.
src/arch/x86/kvm/x86_cpu.cc:1688: warn: kvm-x86: MSR (0x4b564d02) unsupported by gem5. Skipping.
src/arch/x86/kvm/x86_cpu.cc:1688: warn: kvm-x86: MSR (0x4b564d03) unsupported by gem5. Skipping.
src/arch/x86/kvm/x86_cpu.cc:1688: warn: kvm-x86: MSR (0x4b564d04) unsupported by gem5. Skipping.
src/arch/x86/kvm/x86_cpu.cc:1688: warn: kvm-x86: MSR (0x4b564d06) unsupported by gem5. Skipping.
src/arch/x86/kvm/x86_cpu.cc:1688: warn: kvm-x86: MSR (0x4b564d07) unsupported by gem5. Skipping.
src/arch/x86/kvm/x86_cpu.cc:1688: warn: kvm-x86: MSR (0x3b) unsupported by gem5. Skipping.
src/arch/x86/kvm/x86_cpu.cc:1688: warn: kvm-x86: MSR (0x6e0) unsupported by gem5. Skipping.
src/arch/x86/kvm/x86_cpu.cc:1688: warn: kvm-x86: MSR (0x10a) unsupported by gem5. Skipping.
src/arch/x86/kvm/x86_cpu.cc:1688: warn: kvm-x86: MSR (0x345) unsupported by gem5. Skipping.
src/arch/x86/kvm/x86_cpu.cc:1688: warn: kvm-x86: MSR (0x1a0) unsupported by gem5. Skipping.
src/arch/x86/kvm/x86_cpu.cc:1688: warn: kvm-x86: MSR (0x4d0) unsupported by gem5. Skipping.
src/arch/x86/kvm/x86_cpu.cc:1688: warn: kvm-x86: MSR (0x9e) unsupported by gem5. Skipping.
src/arch/x86/kvm/x86_cpu.cc:1688: warn: kvm-x86: MSR (0x34) unsupported by gem5. Skipping.
src/arch/x86/kvm/x86_cpu.cc:1688: warn: kvm-x86: MSR (0xce) unsupported by gem5. Skipping.
src/arch/x86/kvm/x86_cpu.cc:1688: warn: kvm-x86: MSR (0x140) unsupported by gem5. Skipping.
src/arch/x86/kvm/x86_cpu.cc:1688: warn: kvm-x86: MSR (0x1fc) unsupported by gem5. Skipping.
src/arch/x86/kvm/x86_cpu.cc:1688: warn: kvm-x86: MSR (0x8b) unsupported by gem5. Skipping.
src/arch/x86/kvm/x86_cpu.cc:1688: warn: kvm-x86: MSR (0x480) unsupported by gem5. Skipping.
src/arch/x86/kvm/x86_cpu.cc:1688: warn: kvm-x86: MSR (0x48d) unsupported by gem5. Skipping.
src/arch/x86/kvm/x86_cpu.cc:1688: warn: kvm-x86: MSR (0x48e) unsupported by gem5. Skipping.
src/arch/x86/kvm/x86_cpu.cc:1688: warn: kvm-x86: MSR (0x48f) unsupported by gem5. Skipping.
src/arch/x86/kvm/x86_cpu.cc:1688: warn: kvm-x86: MSR (0x490) unsupported by gem5. Skipping.
src/arch/x86/kvm/x86_cpu.cc:1688: warn: kvm-x86: MSR (0x485) unsupported by gem5. Skipping.
src/arch/x86/kvm/x86_cpu.cc:1688: warn: kvm-x86: MSR (0x486) unsupported by gem5. Skipping.
src/arch/x86/kvm/x86_cpu.cc:1688: warn: kvm-x86: MSR (0x488) unsupported by gem5. Skipping.
src/arch/x86/kvm/x86_cpu.cc:1688: warn: kvm-x86: MSR (0x48a) unsupported by gem5. Skipping.
src/arch/x86/kvm/x86_cpu.cc:1688: warn: kvm-x86: MSR (0x48b) unsupported by gem5. Skipping.
src/arch/x86/kvm/x86_cpu.cc:1688: warn: kvm-x86: MSR (0x48c) unsupported by gem5. Skipping.
src/arch/x86/kvm/x86_cpu.cc:1688: warn: kvm-x86: MSR (0x491) unsupported by gem5. Skipping.
src/arch/x86/kvm/x86_cpu.cc:1688: warn: kvm-x86: MSR (0xc0010015) unsupported by gem5. Skipping.
src/arch/x86/kvm/x86_cpu.cc:1688: warn: kvm-x86: MSR (0x4b564d05) unsupported by gem5. Skipping.
src/arch/x86/kvm/x86_cpu.cc:563: warn: cs limit (0xffffffff) and g (0) combination is illegal.
src/arch/x86/kvm/x86_cpu.cc:563: warn: cs limit (0xffffffff) and g (0) combination is illegal.
src/arch/x86/kvm/x86_cpu.cc:563: warn: cs limit (0xffffffff) and g (0) combination is illegal.
src/arch/x86/kvm/x86_cpu.cc:1688: warn: kvm-x86: MSR (0x3a) unsupported by gem5. Skipping.
src/arch/x86/kvm/x86_cpu.cc:1688: warn: kvm-x86: MSR (0x48) unsupported by gem5. Skipping.
src/arch/x86/kvm/x86_cpu.cc:1688: warn: kvm-x86: MSR (0xe1) unsupported by gem5. Skipping.
src/arch/x86/kvm/x86_cpu.cc:1688: warn: kvm-x86: MSR (0x12) unsupported by gem5. Skipping.
src/arch/x86/kvm/x86_cpu.cc:1688: warn: kvm-x86: MSR (0x11) unsupported by gem5. Skipping.
src/arch/x86/kvm/x86_cpu.cc:1688: warn: kvm-x86: MSR (0x4b564d01) unsupported by gem5. Skipping.
src/arch/x86/kvm/x86_cpu.cc:1688: warn: kvm-x86: MSR (0x4b564d00) unsupported by gem5. Skipping.
src/arch/x86/kvm/x86_cpu.cc:1688: warn: kvm-x86: MSR (0x40000000) unsupported by gem5. Skipping.
src/arch/x86/kvm/x86_cpu.cc:1688: warn: kvm-x86: MSR (0x40000001) unsupported by gem5. Skipping.
src/arch/x86/kvm/x86_cpu.cc:1688: warn: kvm-x86: MSR (0x40000020) unsupported by gem5. Skipping.
src/arch/x86/kvm/x86_cpu.cc:1688: warn: kvm-x86: MSR (0x40000021) unsupported by gem5. Skipping.
src/arch/x86/kvm/x86_cpu.cc:1688: warn: kvm-x86: MSR (0x40000022) unsupported by gem5. Skipping.
src/arch/x86/kvm/x86_cpu.cc:1688: warn: kvm-x86: MSR (0x40000023) unsupported by gem5. Skipping.
src/arch/x86/kvm/x86_cpu.cc:1688: warn: kvm-x86: MSR (0x40000100) unsupported by gem5. Skipping.
src/arch/x86/kvm/x86_cpu.cc:1688: warn: kvm-x86: MSR (0x40000101) unsupported by gem5. Skipping.
src/arch/x86/kvm/x86_cpu.cc:1688: warn: kvm-x86: MSR (0x40000102) unsupported by gem5. Skipping.
src/arch/x86/kvm/x86_cpu.cc:1688: warn: kvm-x86: MSR (0x40000103) unsupported by gem5. Skipping.
src/arch/x86/kvm/x86_cpu.cc:1688: warn: kvm-x86: MSR (0x40000104) unsupported by gem5. Skipping.
src/arch/x86/kvm/x86_cpu.cc:1688: warn: kvm-x86: MSR (0x40000105) unsupported by gem5. Skipping.
src/arch/x86/kvm/x86_cpu.cc:1688: warn: kvm-x86: MSR (0x40000003) unsupported by gem5. Skipping.
src/arch/x86/kvm/x86_cpu.cc:1688: warn: kvm-x86: MSR (0x40000002) unsupported by gem5. Skipping.
src/arch/x86/kvm/x86_cpu.cc:1688: warn: kvm-x86: MSR (0x40000010) unsupported by gem5. Skipping.
src/arch/x86/kvm/x86_cpu.cc:1688: warn: kvm-x86: MSR (0x40000080) unsupported by gem5. Skipping.
src/arch/x86/kvm/x86_cpu.cc:1688: warn: kvm-x86: MSR (0x400000b0) unsupported by gem5. Skipping.
src/arch/x86/kvm/x86_cpu.cc:1688: warn: kvm-x86: MSR (0x40000073) unsupported by gem5. Skipping.
src/arch/x86/kvm/x86_cpu.cc:1688: warn: kvm-x86: MSR (0x40000106) unsupported by gem5. Skipping.
src/arch/x86/kvm/x86_cpu.cc:1688: warn: kvm-x86: MSR (0x40000107) unsupported by gem5. Skipping.
src/arch/x86/kvm/x86_cpu.cc:1688: warn: kvm-x86: MSR (0x40000108) unsupported by gem5. Skipping.
src/arch/x86/kvm/x86_cpu.cc:1688: warn: kvm-x86: MSR (0x40000118) unsupported by gem5. Skipping.
src/arch/x86/kvm/x86_cpu.cc:1688: warn: kvm-x86: MSR (0x400000ff) unsupported by gem5. Skipping.
src/arch/x86/kvm/x86_cpu.cc:1688: warn: kvm-x86: MSR (0x400000f1) unsupported by gem5. Skipping.
src/arch/x86/kvm/x86_cpu.cc:1688: warn: kvm-x86: MSR (0x400000f2) unsupported by gem5. Skipping.
src/arch/x86/kvm/x86_cpu.cc:1688: warn: kvm-x86: MSR (0x400000f3) unsupported by gem5. Skipping.
src/arch/x86/kvm/x86_cpu.cc:1688: warn: kvm-x86: MSR (0x400000f4) unsupported by gem5. Skipping.
src/arch/x86/kvm/x86_cpu.cc:1688: warn: kvm-x86: MSR (0x400000f5) unsupported by gem5. Skipping.
src/arch/x86/kvm/x86_cpu.cc:1688: warn: kvm-x86: MSR (0x4b564d02) unsupported by gem5. Skipping.
src/arch/x86/kvm/x86_cpu.cc:1688: warn: kvm-x86: MSR (0x4b564d03) unsupported by gem5. Skipping.
src/arch/x86/kvm/x86_cpu.cc:1688: warn: kvm-x86: MSR (0x4b564d04) unsupported by gem5. Skipping.
src/arch/x86/kvm/x86_cpu.cc:1688: warn: kvm-x86: MSR (0x4b564d06) unsupported by gem5. Skipping.
src/arch/x86/kvm/x86_cpu.cc:1688: warn: kvm-x86: MSR (0x4b564d07) unsupported by gem5. Skipping.
src/arch/x86/kvm/x86_cpu.cc:1688: warn: kvm-x86: MSR (0x3b) unsupported by gem5. Skipping.
src/arch/x86/kvm/x86_cpu.cc:1688: warn: kvm-x86: MSR (0x6e0) unsupported by gem5. Skipping.
src/arch/x86/kvm/x86_cpu.cc:1688: warn: kvm-x86: MSR (0x10a) unsupported by gem5. Skipping.
src/arch/x86/kvm/x86_cpu.cc:1688: warn: kvm-x86: MSR (0x345) unsupported by gem5. Skipping.
src/arch/x86/kvm/x86_cpu.cc:1688: warn: kvm-x86: MSR (0x1a0) unsupported by gem5. Skipping.
src/arch/x86/kvm/x86_cpu.cc:1688: warn: kvm-x86: MSR (0x4d0) unsupported by gem5. Skipping.
src/arch/x86/kvm/x86_cpu.cc:1688: warn: kvm-x86: MSR (0x9e) unsupported by gem5. Skipping.
src/arch/x86/kvm/x86_cpu.cc:1688: warn: kvm-x86: MSR (0x34) unsupported by gem5. Skipping.
src/arch/x86/kvm/x86_cpu.cc:1688: warn: kvm-x86: MSR (0xce) unsupported by gem5. Skipping.
src/arch/x86/kvm/x86_cpu.cc:1688: warn: kvm-x86: MSR (0x140) unsupported by gem5. Skipping.
src/arch/x86/kvm/x86_cpu.cc:1688: warn: kvm-x86: MSR (0x1fc) unsupported by gem5. Skipping.
src/arch/x86/kvm/x86_cpu.cc:1688: warn: kvm-x86: MSR (0x8b) unsupported by gem5. Skipping.
src/arch/x86/kvm/x86_cpu.cc:1688: warn: kvm-x86: MSR (0x480) unsupported by gem5. Skipping.
src/arch/x86/kvm/x86_cpu.cc:1688: warn: kvm-x86: MSR (0x48d) unsupported by gem5. Skipping.
src/arch/x86/kvm/x86_cpu.cc:1688: warn: kvm-x86: MSR (0x48e) unsupported by gem5. Skipping.
src/arch/x86/kvm/x86_cpu.cc:1688: warn: kvm-x86: MSR (0x48f) unsupported by gem5. Skipping.
src/arch/x86/kvm/x86_cpu.cc:1688: warn: kvm-x86: MSR (0x490) unsupported by gem5. Skipping.
src/arch/x86/kvm/x86_cpu.cc:1688: warn: kvm-x86: MSR (0x485) unsupported by gem5. Skipping.
src/arch/x86/kvm/x86_cpu.cc:1688: warn: kvm-x86: MSR (0x486) unsupported by gem5. Skipping.
src/arch/x86/kvm/x86_cpu.cc:1688: warn: kvm-x86: MSR (0x488) unsupported by gem5. Skipping.
src/arch/x86/kvm/x86_cpu.cc:1688: warn: kvm-x86: MSR (0x48a) unsupported by gem5. Skipping.
src/arch/x86/kvm/x86_cpu.cc:1688: warn: kvm-x86: MSR (0x48b) unsupported by gem5. Skipping.
src/arch/x86/kvm/x86_cpu.cc:1688: warn: kvm-x86: MSR (0x48c) unsupported by gem5. Skipping.
src/arch/x86/kvm/x86_cpu.cc:1688: warn: kvm-x86: MSR (0x491) unsupported by gem5. Skipping.
src/arch/x86/kvm/x86_cpu.cc:1688: warn: kvm-x86: MSR (0xc0010015) unsupported by gem5. Skipping.
src/arch/x86/kvm/x86_cpu.cc:1688: warn: kvm-x86: MSR (0x4b564d05) unsupported by gem5. Skipping.
src/arch/x86/kvm/x86_cpu.cc:563: warn: cs limit (0xffffffff) and g (0) combination is illegal.
src/arch/x86/kvm/x86_cpu.cc:563: warn: cs limit (0xffffffff) and g (0) combination is illegal.
src/arch/x86/kvm/x86_cpu.cc:563: warn: cs limit (0xffffffff) and g (0) combination is illegal.
src/arch/x86/kvm/x86_cpu.cc:1688: warn: kvm-x86: MSR (0x3a) unsupported by gem5. Skipping.
src/arch/x86/kvm/x86_cpu.cc:1688: warn: kvm-x86: MSR (0x48) unsupported by gem5. Skipping.
src/arch/x86/kvm/x86_cpu.cc:1688: warn: kvm-x86: MSR (0xe1) unsupported by gem5. Skipping.
src/arch/x86/kvm/x86_cpu.cc:1688: warn: kvm-x86: MSR (0x12) unsupported by gem5. Skipping.
src/arch/x86/kvm/x86_cpu.cc:1688: warn: kvm-x86: MSR (0x11) unsupported by gem5. Skipping.
src/arch/x86/kvm/x86_cpu.cc:1688: warn: kvm-x86: MSR (0x4b564d01) unsupported by gem5. Skipping.
src/arch/x86/kvm/x86_cpu.cc:1688: warn: kvm-x86: MSR (0x4b564d00) unsupported by gem5. Skipping.
src/arch/x86/kvm/x86_cpu.cc:1688: warn: kvm-x86: MSR (0x40000000) unsupported by gem5. Skipping.
src/arch/x86/kvm/x86_cpu.cc:1688: warn: kvm-x86: MSR (0x40000001) unsupported by gem5. Skipping.
src/arch/x86/kvm/x86_cpu.cc:1688: warn: kvm-x86: MSR (0x40000020) unsupported by gem5. Skipping.
src/arch/x86/kvm/x86_cpu.cc:1688: warn: kvm-x86: MSR (0x40000021) unsupported by gem5. Skipping.
src/arch/x86/kvm/x86_cpu.cc:1688: warn: kvm-x86: MSR (0x40000022) unsupported by gem5. Skipping.
src/arch/x86/kvm/x86_cpu.cc:1688: warn: kvm-x86: MSR (0x40000023) unsupported by gem5. Skipping.
src/arch/x86/kvm/x86_cpu.cc:1688: warn: kvm-x86: MSR (0x40000100) unsupported by gem5. Skipping.
src/arch/x86/kvm/x86_cpu.cc:1688: warn: kvm-x86: MSR (0x40000101) unsupported by gem5. Skipping.
src/arch/x86/kvm/x86_cpu.cc:1688: warn: kvm-x86: MSR (0x40000102) unsupported by gem5. Skipping.
src/arch/x86/kvm/x86_cpu.cc:1688: warn: kvm-x86: MSR (0x40000103) unsupported by gem5. Skipping.
src/arch/x86/kvm/x86_cpu.cc:1688: warn: kvm-x86: MSR (0x40000104) unsupported by gem5. Skipping.
src/arch/x86/kvm/x86_cpu.cc:1688: warn: kvm-x86: MSR (0x40000105) unsupported by gem5. Skipping.
src/arch/x86/kvm/x86_cpu.cc:1688: warn: kvm-x86: MSR (0x40000003) unsupported by gem5. Skipping.
src/arch/x86/kvm/x86_cpu.cc:1688: warn: kvm-x86: MSR (0x40000002) unsupported by gem5. Skipping.
src/arch/x86/kvm/x86_cpu.cc:1688: warn: kvm-x86: MSR (0x40000010) unsupported by gem5. Skipping.
src/arch/x86/kvm/x86_cpu.cc:1688: warn: kvm-x86: MSR (0x40000080) unsupported by gem5. Skipping.
src/arch/x86/kvm/x86_cpu.cc:1688: warn: kvm-x86: MSR (0x400000b0) unsupported by gem5. Skipping.
src/arch/x86/kvm/x86_cpu.cc:1688: warn: kvm-x86: MSR (0x40000073) unsupported by gem5. Skipping.
src/arch/x86/kvm/x86_cpu.cc:1688: warn: kvm-x86: MSR (0x40000106) unsupported by gem5. Skipping.
src/arch/x86/kvm/x86_cpu.cc:1688: warn: kvm-x86: MSR (0x40000107) unsupported by gem5. Skipping.
src/arch/x86/kvm/x86_cpu.cc:1688: warn: kvm-x86: MSR (0x40000108) unsupported by gem5. Skipping.
src/arch/x86/kvm/x86_cpu.cc:1688: warn: kvm-x86: MSR (0x40000118) unsupported by gem5. Skipping.
src/arch/x86/kvm/x86_cpu.cc:1688: warn: kvm-x86: MSR (0x400000ff) unsupported by gem5. Skipping.
src/arch/x86/kvm/x86_cpu.cc:1688: warn: kvm-x86: MSR (0x400000f1) unsupported by gem5. Skipping.
src/arch/x86/kvm/x86_cpu.cc:1688: warn: kvm-x86: MSR (0x400000f2) unsupported by gem5. Skipping.
src/arch/x86/kvm/x86_cpu.cc:1688: warn: kvm-x86: MSR (0x400000f3) unsupported by gem5. Skipping.
src/arch/x86/kvm/x86_cpu.cc:1688: warn: kvm-x86: MSR (0x400000f4) unsupported by gem5. Skipping.
src/arch/x86/kvm/x86_cpu.cc:1688: warn: kvm-x86: MSR (0x400000f5) unsupported by gem5. Skipping.
src/arch/x86/kvm/x86_cpu.cc:1688: warn: kvm-x86: MSR (0x4b564d02) unsupported by gem5. Skipping.
src/arch/x86/kvm/x86_cpu.cc:1688: warn: kvm-x86: MSR (0x4b564d03) unsupported by gem5. Skipping.
src/arch/x86/kvm/x86_cpu.cc:1688: warn: kvm-x86: MSR (0x4b564d04) unsupported by gem5. Skipping.
src/arch/x86/kvm/x86_cpu.cc:1688: warn: kvm-x86: MSR (0x4b564d06) unsupported by gem5. Skipping.
src/arch/x86/kvm/x86_cpu.cc:1688: warn: kvm-x86: MSR (0x4b564d07) unsupported by gem5. Skipping.
src/arch/x86/kvm/x86_cpu.cc:1688: warn: kvm-x86: MSR (0x3b) unsupported by gem5. Skipping.
src/arch/x86/kvm/x86_cpu.cc:1688: warn: kvm-x86: MSR (0x6e0) unsupported by gem5. Skipping.
src/arch/x86/kvm/x86_cpu.cc:1688: warn: kvm-x86: MSR (0x10a) unsupported by gem5. Skipping.
src/arch/x86/kvm/x86_cpu.cc:1688: warn: kvm-x86: MSR (0x345) unsupported by gem5. Skipping.
src/arch/x86/kvm/x86_cpu.cc:1688: warn: kvm-x86: MSR (0x1a0) unsupported by gem5. Skipping.
src/arch/x86/kvm/x86_cpu.cc:1688: warn: kvm-x86: MSR (0x4d0) unsupported by gem5. Skipping.
src/arch/x86/kvm/x86_cpu.cc:1688: warn: kvm-x86: MSR (0x9e) unsupported by gem5. Skipping.
src/arch/x86/kvm/x86_cpu.cc:1688: warn: kvm-x86: MSR (0x34) unsupported by gem5. Skipping.
src/arch/x86/kvm/x86_cpu.cc:1688: warn: kvm-x86: MSR (0xce) unsupported by gem5. Skipping.
src/arch/x86/kvm/x86_cpu.cc:1688: warn: kvm-x86: MSR (0x140) unsupported by gem5. Skipping.
src/arch/x86/kvm/x86_cpu.cc:1688: warn: kvm-x86: MSR (0x1fc) unsupported by gem5. Skipping.
src/arch/x86/kvm/x86_cpu.cc:1688: warn: kvm-x86: MSR (0x8b) unsupported by gem5. Skipping.
src/arch/x86/kvm/x86_cpu.cc:1688: warn: kvm-x86: MSR (0x480) unsupported by gem5. Skipping.
src/arch/x86/kvm/x86_cpu.cc:1688: warn: kvm-x86: MSR (0x48d) unsupported by gem5. Skipping.
src/arch/x86/kvm/x86_cpu.cc:1688: warn: kvm-x86: MSR (0x48e) unsupported by gem5. Skipping.
src/arch/x86/kvm/x86_cpu.cc:1688: warn: kvm-x86: MSR (0x48f) unsupported by gem5. Skipping.
src/arch/x86/kvm/x86_cpu.cc:1688: warn: kvm-x86: MSR (0x490) unsupported by gem5. Skipping.
src/arch/x86/kvm/x86_cpu.cc:1688: warn: kvm-x86: MSR (0x485) unsupported by gem5. Skipping.
src/arch/x86/kvm/x86_cpu.cc:1688: warn: kvm-x86: MSR (0x486) unsupported by gem5. Skipping.
src/arch/x86/kvm/x86_cpu.cc:1688: warn: kvm-x86: MSR (0x488) unsupported by gem5. Skipping.
src/arch/x86/kvm/x86_cpu.cc:1688: warn: kvm-x86: MSR (0x48a) unsupported by gem5. Skipping.
src/arch/x86/kvm/x86_cpu.cc:1688: warn: kvm-x86: MSR (0x48b) unsupported by gem5. Skipping.
src/arch/x86/kvm/x86_cpu.cc:1688: warn: kvm-x86: MSR (0x48c) unsupported by gem5. Skipping.
src/arch/x86/kvm/x86_cpu.cc:1688: warn: kvm-x86: MSR (0x491) unsupported by gem5. Skipping.
src/arch/x86/kvm/x86_cpu.cc:1688: warn: kvm-x86: MSR (0xc0010015) unsupported by gem5. Skipping.
src/arch/x86/kvm/x86_cpu.cc:1688: warn: kvm-x86: MSR (0x4b564d05) unsupported by gem5. Skipping.
src/arch/x86/kvm/x86_cpu.cc:563: warn: cs limit (0xffffffff) and g (0) combination is illegal.
src/arch/x86/kvm/x86_cpu.cc:563: warn: cs limit (0xffffffff) and g (0) combination is illegal.
src/arch/x86/kvm/x86_cpu.cc:563: warn: cs limit (0xffffffff) and g (0) combination is illegal.
src/arch/x86/kvm/x86_cpu.cc:1688: warn: kvm-x86: MSR (0x3a) unsupported by gem5. Skipping.
src/arch/x86/kvm/x86_cpu.cc:1688: warn: kvm-x86: MSR (0x48) unsupported by gem5. Skipping.
src/arch/x86/kvm/x86_cpu.cc:1688: warn: kvm-x86: MSR (0xe1) unsupported by gem5. Skipping.
src/arch/x86/kvm/x86_cpu.cc:1688: warn: kvm-x86: MSR (0x12) unsupported by gem5. Skipping.
src/arch/x86/kvm/x86_cpu.cc:1688: warn: kvm-x86: MSR (0x11) unsupported by gem5. Skipping.
src/arch/x86/kvm/x86_cpu.cc:1688: warn: kvm-x86: MSR (0x4b564d01) unsupported by gem5. Skipping.
src/arch/x86/kvm/x86_cpu.cc:1688: warn: kvm-x86: MSR (0x4b564d00) unsupported by gem5. Skipping.
src/arch/x86/kvm/x86_cpu.cc:1688: warn: kvm-x86: MSR (0x40000000) unsupported by gem5. Skipping.
src/arch/x86/kvm/x86_cpu.cc:1688: warn: kvm-x86: MSR (0x40000001) unsupported by gem5. Skipping.
src/arch/x86/kvm/x86_cpu.cc:1688: warn: kvm-x86: MSR (0x40000020) unsupported by gem5. Skipping.
src/arch/x86/kvm/x86_cpu.cc:1688: warn: kvm-x86: MSR (0x40000021) unsupported by gem5. Skipping.
src/arch/x86/kvm/x86_cpu.cc:1688: warn: kvm-x86: MSR (0x40000022) unsupported by gem5. Skipping.
src/arch/x86/kvm/x86_cpu.cc:1688: warn: kvm-x86: MSR (0x40000023) unsupported by gem5. Skipping.
src/arch/x86/kvm/x86_cpu.cc:1688: warn: kvm-x86: MSR (0x40000100) unsupported by gem5. Skipping.
src/arch/x86/kvm/x86_cpu.cc:1688: warn: kvm-x86: MSR (0x40000101) unsupported by gem5. Skipping.
src/arch/x86/kvm/x86_cpu.cc:1688: warn: kvm-x86: MSR (0x40000102) unsupported by gem5. Skipping.
src/arch/x86/kvm/x86_cpu.cc:1688: warn: kvm-x86: MSR (0x40000103) unsupported by gem5. Skipping.
src/arch/x86/kvm/x86_cpu.cc:1688: warn: kvm-x86: MSR (0x40000104) unsupported by gem5. Skipping.
src/arch/x86/kvm/x86_cpu.cc:1688: warn: kvm-x86: MSR (0x40000105) unsupported by gem5. Skipping.
src/arch/x86/kvm/x86_cpu.cc:1688: warn: kvm-x86: MSR (0x40000003) unsupported by gem5. Skipping.
src/arch/x86/kvm/x86_cpu.cc:1688: warn: kvm-x86: MSR (0x40000002) unsupported by gem5. Skipping.
src/arch/x86/kvm/x86_cpu.cc:1688: warn: kvm-x86: MSR (0x40000010) unsupported by gem5. Skipping.
src/arch/x86/kvm/x86_cpu.cc:1688: warn: kvm-x86: MSR (0x40000080) unsupported by gem5. Skipping.
src/arch/x86/kvm/x86_cpu.cc:1688: warn: kvm-x86: MSR (0x400000b0) unsupported by gem5. Skipping.
src/arch/x86/kvm/x86_cpu.cc:1688: warn: kvm-x86: MSR (0x40000073) unsupported by gem5. Skipping.
src/arch/x86/kvm/x86_cpu.cc:1688: warn: kvm-x86: MSR (0x40000106) unsupported by gem5. Skipping.
src/arch/x86/kvm/x86_cpu.cc:1688: warn: kvm-x86: MSR (0x40000107) unsupported by gem5. Skipping.
src/arch/x86/kvm/x86_cpu.cc:1688: warn: kvm-x86: MSR (0x40000108) unsupported by gem5. Skipping.
src/arch/x86/kvm/x86_cpu.cc:1688: warn: kvm-x86: MSR (0x40000118) unsupported by gem5. Skipping.
src/arch/x86/kvm/x86_cpu.cc:1688: warn: kvm-x86: MSR (0x400000ff) unsupported by gem5. Skipping.
src/arch/x86/kvm/x86_cpu.cc:1688: warn: kvm-x86: MSR (0x400000f1) unsupported by gem5. Skipping.
src/arch/x86/kvm/x86_cpu.cc:1688: warn: kvm-x86: MSR (0x400000f2) unsupported by gem5. Skipping.
src/arch/x86/kvm/x86_cpu.cc:1688: warn: kvm-x86: MSR (0x400000f3) unsupported by gem5. Skipping.
src/arch/x86/kvm/x86_cpu.cc:1688: warn: kvm-x86: MSR (0x400000f4) unsupported by gem5. Skipping.
src/arch/x86/kvm/x86_cpu.cc:1688: warn: kvm-x86: MSR (0x400000f5) unsupported by gem5. Skipping.
src/arch/x86/kvm/x86_cpu.cc:1688: warn: kvm-x86: MSR (0x4b564d02) unsupported by gem5. Skipping.
src/arch/x86/kvm/x86_cpu.cc:1688: warn: kvm-x86: MSR (0x4b564d03) unsupported by gem5. Skipping.
src/arch/x86/kvm/x86_cpu.cc:1688: warn: kvm-x86: MSR (0x4b564d04) unsupported by gem5. Skipping.
src/arch/x86/kvm/x86_cpu.cc:1688: warn: kvm-x86: MSR (0x4b564d06) unsupported by gem5. Skipping.
src/arch/x86/kvm/x86_cpu.cc:1688: warn: kvm-x86: MSR (0x4b564d07) unsupported by gem5. Skipping.
src/arch/x86/kvm/x86_cpu.cc:1688: warn: kvm-x86: MSR (0x3b) unsupported by gem5. Skipping.
src/arch/x86/kvm/x86_cpu.cc:1688: warn: kvm-x86: MSR (0x6e0) unsupported by gem5. Skipping.
src/arch/x86/kvm/x86_cpu.cc:1688: warn: kvm-x86: MSR (0x10a) unsupported by gem5. Skipping.
src/arch/x86/kvm/x86_cpu.cc:1688: warn: kvm-x86: MSR (0x345) unsupported by gem5. Skipping.
src/arch/x86/kvm/x86_cpu.cc:1688: warn: kvm-x86: MSR (0x1a0) unsupported by gem5. Skipping.
src/arch/x86/kvm/x86_cpu.cc:1688: warn: kvm-x86: MSR (0x4d0) unsupported by gem5. Skipping.
src/arch/x86/kvm/x86_cpu.cc:1688: warn: kvm-x86: MSR (0x9e) unsupported by gem5. Skipping.
src/arch/x86/kvm/x86_cpu.cc:1688: warn: kvm-x86: MSR (0x34) unsupported by gem5. Skipping.
src/arch/x86/kvm/x86_cpu.cc:1688: warn: kvm-x86: MSR (0xce) unsupported by gem5. Skipping.
src/arch/x86/kvm/x86_cpu.cc:1688: warn: kvm-x86: MSR (0x140) unsupported by gem5. Skipping.
src/arch/x86/kvm/x86_cpu.cc:1688: warn: kvm-x86: MSR (0x1fc) unsupported by gem5. Skipping.
src/arch/x86/kvm/x86_cpu.cc:1688: warn: kvm-x86: MSR (0x8b) unsupported by gem5. Skipping.
src/arch/x86/kvm/x86_cpu.cc:1688: warn: kvm-x86: MSR (0x480) unsupported by gem5. Skipping.
src/arch/x86/kvm/x86_cpu.cc:1688: warn: kvm-x86: MSR (0x48d) unsupported by gem5. Skipping.
src/arch/x86/kvm/x86_cpu.cc:1688: warn: kvm-x86: MSR (0x48e) unsupported by gem5. Skipping.
src/arch/x86/kvm/x86_cpu.cc:1688: warn: kvm-x86: MSR (0x48f) unsupported by gem5. Skipping.
src/arch/x86/kvm/x86_cpu.cc:1688: warn: kvm-x86: MSR (0x490) unsupported by gem5. Skipping.
src/arch/x86/kvm/x86_cpu.cc:1688: warn: kvm-x86: MSR (0x485) unsupported by gem5. Skipping.
src/arch/x86/kvm/x86_cpu.cc:1688: warn: kvm-x86: MSR (0x486) unsupported by gem5. Skipping.
src/arch/x86/kvm/x86_cpu.cc:1688: warn: kvm-x86: MSR (0x488) unsupported by gem5. Skipping.
src/arch/x86/kvm/x86_cpu.cc:1688: warn: kvm-x86: MSR (0x48a) unsupported by gem5. Skipping.
src/arch/x86/kvm/x86_cpu.cc:1688: warn: kvm-x86: MSR (0x48b) unsupported by gem5. Skipping.
src/arch/x86/kvm/x86_cpu.cc:1688: warn: kvm-x86: MSR (0x48c) unsupported by gem5. Skipping.
src/arch/x86/kvm/x86_cpu.cc:1688: warn: kvm-x86: MSR (0x491) unsupported by gem5. Skipping.
src/arch/x86/kvm/x86_cpu.cc:1688: warn: kvm-x86: MSR (0xc0010015) unsupported by gem5. Skipping.
src/arch/x86/kvm/x86_cpu.cc:1688: warn: kvm-x86: MSR (0x4b564d05) unsupported by gem5. Skipping.
src/arch/x86/kvm/x86_cpu.cc:563: warn: cs limit (0xffffffff) and g (0) combination is illegal.
src/arch/x86/kvm/x86_cpu.cc:563: warn: cs limit (0xffffffff) and g (0) combination is illegal.
src/arch/x86/kvm/x86_cpu.cc:563: warn: cs limit (0xffffffff) and g (0) combination is illegal.
src/arch/x86/kvm/x86_cpu.cc:1688: warn: kvm-x86: MSR (0x3a) unsupported by gem5. Skipping.
src/arch/x86/kvm/x86_cpu.cc:1688: warn: kvm-x86: MSR (0x48) unsupported by gem5. Skipping.
src/arch/x86/kvm/x86_cpu.cc:1688: warn: kvm-x86: MSR (0xe1) unsupported by gem5. Skipping.
src/arch/x86/kvm/x86_cpu.cc:1688: warn: kvm-x86: MSR (0x12) unsupported by gem5. Skipping.
src/arch/x86/kvm/x86_cpu.cc:1688: warn: kvm-x86: MSR (0x11) unsupported by gem5. Skipping.
src/arch/x86/kvm/x86_cpu.cc:1688: warn: kvm-x86: MSR (0x4b564d01) unsupported by gem5. Skipping.
src/arch/x86/kvm/x86_cpu.cc:1688: warn: kvm-x86: MSR (0x4b564d00) unsupported by gem5. Skipping.
src/arch/x86/kvm/x86_cpu.cc:1688: warn: kvm-x86: MSR (0x40000000) unsupported by gem5. Skipping.
src/arch/x86/kvm/x86_cpu.cc:1688: warn: kvm-x86: MSR (0x40000001) unsupported by gem5. Skipping.
src/arch/x86/kvm/x86_cpu.cc:1688: warn: kvm-x86: MSR (0x40000020) unsupported by gem5. Skipping.
src/arch/x86/kvm/x86_cpu.cc:1688: warn: kvm-x86: MSR (0x40000021) unsupported by gem5. Skipping.
src/arch/x86/kvm/x86_cpu.cc:1688: warn: kvm-x86: MSR (0x40000022) unsupported by gem5. Skipping.
src/arch/x86/kvm/x86_cpu.cc:1688: warn: kvm-x86: MSR (0x40000023) unsupported by gem5. Skipping.
src/arch/x86/kvm/x86_cpu.cc:1688: warn: kvm-x86: MSR (0x40000100) unsupported by gem5. Skipping.
src/arch/x86/kvm/x86_cpu.cc:1688: warn: kvm-x86: MSR (0x40000101) unsupported by gem5. Skipping.
src/arch/x86/kvm/x86_cpu.cc:1688: warn: kvm-x86: MSR (0x40000102) unsupported by gem5. Skipping.
src/arch/x86/kvm/x86_cpu.cc:1688: warn: kvm-x86: MSR (0x40000103) unsupported by gem5. Skipping.
src/arch/x86/kvm/x86_cpu.cc:1688: warn: kvm-x86: MSR (0x40000104) unsupported by gem5. Skipping.
src/arch/x86/kvm/x86_cpu.cc:1688: warn: kvm-x86: MSR (0x40000105) unsupported by gem5. Skipping.
src/arch/x86/kvm/x86_cpu.cc:1688: warn: kvm-x86: MSR (0x40000003) unsupported by gem5. Skipping.
src/arch/x86/kvm/x86_cpu.cc:1688: warn: kvm-x86: MSR (0x40000002) unsupported by gem5. Skipping.
src/arch/x86/kvm/x86_cpu.cc:1688: warn: kvm-x86: MSR (0x40000010) unsupported by gem5. Skipping.
src/arch/x86/kvm/x86_cpu.cc:1688: warn: kvm-x86: MSR (0x40000080) unsupported by gem5. Skipping.
src/arch/x86/kvm/x86_cpu.cc:1688: warn: kvm-x86: MSR (0x400000b0) unsupported by gem5. Skipping.
src/arch/x86/kvm/x86_cpu.cc:1688: warn: kvm-x86: MSR (0x40000073) unsupported by gem5. Skipping.
src/arch/x86/kvm/x86_cpu.cc:1688: warn: kvm-x86: MSR (0x40000106) unsupported by gem5. Skipping.
src/arch/x86/kvm/x86_cpu.cc:1688: warn: kvm-x86: MSR (0x40000107) unsupported by gem5. Skipping.
src/arch/x86/kvm/x86_cpu.cc:1688: warn: kvm-x86: MSR (0x40000108) unsupported by gem5. Skipping.
src/arch/x86/kvm/x86_cpu.cc:1688: warn: kvm-x86: MSR (0x40000118) unsupported by gem5. Skipping.
src/arch/x86/kvm/x86_cpu.cc:1688: warn: kvm-x86: MSR (0x400000ff) unsupported by gem5. Skipping.
src/arch/x86/kvm/x86_cpu.cc:1688: warn: kvm-x86: MSR (0x400000f1) unsupported by gem5. Skipping.
src/arch/x86/kvm/x86_cpu.cc:1688: warn: kvm-x86: MSR (0x400000f2) unsupported by gem5. Skipping.
src/arch/x86/kvm/x86_cpu.cc:1688: warn: kvm-x86: MSR (0x400000f3) unsupported by gem5. Skipping.
src/arch/x86/kvm/x86_cpu.cc:1688: warn: kvm-x86: MSR (0x400000f4) unsupported by gem5. Skipping.
src/arch/x86/kvm/x86_cpu.cc:1688: warn: kvm-x86: MSR (0x400000f5) unsupported by gem5. Skipping.
src/arch/x86/kvm/x86_cpu.cc:1688: warn: kvm-x86: MSR (0x4b564d02) unsupported by gem5. Skipping.
src/arch/x86/kvm/x86_cpu.cc:1688: warn: kvm-x86: MSR (0x4b564d03) unsupported by gem5. Skipping.
src/arch/x86/kvm/x86_cpu.cc:1688: warn: kvm-x86: MSR (0x4b564d04) unsupported by gem5. Skipping.
src/arch/x86/kvm/x86_cpu.cc:1688: warn: kvm-x86: MSR (0x4b564d06) unsupported by gem5. Skipping.
src/arch/x86/kvm/x86_cpu.cc:1688: warn: kvm-x86: MSR (0x4b564d07) unsupported by gem5. Skipping.
src/arch/x86/kvm/x86_cpu.cc:1688: warn: kvm-x86: MSR (0x3b) unsupported by gem5. Skipping.
src/arch/x86/kvm/x86_cpu.cc:1688: warn: kvm-x86: MSR (0x6e0) unsupported by gem5. Skipping.
src/arch/x86/kvm/x86_cpu.cc:1688: warn: kvm-x86: MSR (0x10a) unsupported by gem5. Skipping.
src/arch/x86/kvm/x86_cpu.cc:1688: warn: kvm-x86: MSR (0x345) unsupported by gem5. Skipping.
src/arch/x86/kvm/x86_cpu.cc:1688: warn: kvm-x86: MSR (0x1a0) unsupported by gem5. Skipping.
src/arch/x86/kvm/x86_cpu.cc:1688: warn: kvm-x86: MSR (0x4d0) unsupported by gem5. Skipping.
src/arch/x86/kvm/x86_cpu.cc:1688: warn: kvm-x86: MSR (0x9e) unsupported by gem5. Skipping.
src/arch/x86/kvm/x86_cpu.cc:1688: warn: kvm-x86: MSR (0x34) unsupported by gem5. Skipping.
src/arch/x86/kvm/x86_cpu.cc:1688: warn: kvm-x86: MSR (0xce) unsupported by gem5. Skipping.
src/arch/x86/kvm/x86_cpu.cc:1688: warn: kvm-x86: MSR (0x140) unsupported by gem5. Skipping.
src/arch/x86/kvm/x86_cpu.cc:1688: warn: kvm-x86: MSR (0x1fc) unsupported by gem5. Skipping.
src/arch/x86/kvm/x86_cpu.cc:1688: warn: kvm-x86: MSR (0x8b) unsupported by gem5. Skipping.
src/arch/x86/kvm/x86_cpu.cc:1688: warn: kvm-x86: MSR (0x480) unsupported by gem5. Skipping.
src/arch/x86/kvm/x86_cpu.cc:1688: warn: kvm-x86: MSR (0x48d) unsupported by gem5. Skipping.
src/arch/x86/kvm/x86_cpu.cc:1688: warn: kvm-x86: MSR (0x48e) unsupported by gem5. Skipping.
src/arch/x86/kvm/x86_cpu.cc:1688: warn: kvm-x86: MSR (0x48f) unsupported by gem5. Skipping.
src/arch/x86/kvm/x86_cpu.cc:1688: warn: kvm-x86: MSR (0x490) unsupported by gem5. Skipping.
src/arch/x86/kvm/x86_cpu.cc:1688: warn: kvm-x86: MSR (0x485) unsupported by gem5. Skipping.
src/arch/x86/kvm/x86_cpu.cc:1688: warn: kvm-x86: MSR (0x486) unsupported by gem5. Skipping.
src/arch/x86/kvm/x86_cpu.cc:1688: warn: kvm-x86: MSR (0x488) unsupported by gem5. Skipping.
src/arch/x86/kvm/x86_cpu.cc:1688: warn: kvm-x86: MSR (0x48a) unsupported by gem5. Skipping.
src/arch/x86/kvm/x86_cpu.cc:1688: warn: kvm-x86: MSR (0x48b) unsupported by gem5. Skipping.
src/arch/x86/kvm/x86_cpu.cc:1688: warn: kvm-x86: MSR (0x48c) unsupported by gem5. Skipping.
src/arch/x86/kvm/x86_cpu.cc:1688: warn: kvm-x86: MSR (0x491) unsupported by gem5. Skipping.
src/arch/x86/kvm/x86_cpu.cc:1688: warn: kvm-x86: MSR (0xc0010015) unsupported by gem5. Skipping.
src/arch/x86/kvm/x86_cpu.cc:1688: warn: kvm-x86: MSR (0x4b564d05) unsupported by gem5. Skipping.
src/arch/x86/kvm/x86_cpu.cc:563: warn: cs limit (0xffffffff) and g (0) combination is illegal.
src/arch/x86/kvm/x86_cpu.cc:563: warn: cs limit (0xffffffff) and g (0) combination is illegal.
src/arch/x86/kvm/x86_cpu.cc:563: warn: cs limit (0xffffffff) and g (0) combination is illegal.
src/arch/x86/kvm/x86_cpu.cc:1688: warn: kvm-x86: MSR (0x3a) unsupported by gem5. Skipping.
src/arch/x86/kvm/x86_cpu.cc:1688: warn: kvm-x86: MSR (0x48) unsupported by gem5. Skipping.
src/arch/x86/kvm/x86_cpu.cc:1688: warn: kvm-x86: MSR (0xe1) unsupported by gem5. Skipping.
src/arch/x86/kvm/x86_cpu.cc:1688: warn: kvm-x86: MSR (0x12) unsupported by gem5. Skipping.
src/arch/x86/kvm/x86_cpu.cc:1688: warn: kvm-x86: MSR (0x11) unsupported by gem5. Skipping.
src/arch/x86/kvm/x86_cpu.cc:1688: warn: kvm-x86: MSR (0x4b564d01) unsupported by gem5. Skipping.
src/arch/x86/kvm/x86_cpu.cc:1688: warn: kvm-x86: MSR (0x4b564d00) unsupported by gem5. Skipping.
src/arch/x86/kvm/x86_cpu.cc:1688: warn: kvm-x86: MSR (0x40000000) unsupported by gem5. Skipping.
src/arch/x86/kvm/x86_cpu.cc:1688: warn: kvm-x86: MSR (0x40000001) unsupported by gem5. Skipping.
src/arch/x86/kvm/x86_cpu.cc:1688: warn: kvm-x86: MSR (0x40000020) unsupported by gem5. Skipping.
src/arch/x86/kvm/x86_cpu.cc:1688: warn: kvm-x86: MSR (0x40000021) unsupported by gem5. Skipping.
src/arch/x86/kvm/x86_cpu.cc:1688: warn: kvm-x86: MSR (0x40000022) unsupported by gem5. Skipping.
src/arch/x86/kvm/x86_cpu.cc:1688: warn: kvm-x86: MSR (0x40000023) unsupported by gem5. Skipping.
src/arch/x86/kvm/x86_cpu.cc:1688: warn: kvm-x86: MSR (0x40000100) unsupported by gem5. Skipping.
src/arch/x86/kvm/x86_cpu.cc:1688: warn: kvm-x86: MSR (0x40000101) unsupported by gem5. Skipping.
src/arch/x86/kvm/x86_cpu.cc:1688: warn: kvm-x86: MSR (0x40000102) unsupported by gem5. Skipping.
src/arch/x86/kvm/x86_cpu.cc:1688: warn: kvm-x86: MSR (0x40000103) unsupported by gem5. Skipping.
src/arch/x86/kvm/x86_cpu.cc:1688: warn: kvm-x86: MSR (0x40000104) unsupported by gem5. Skipping.
src/arch/x86/kvm/x86_cpu.cc:1688: warn: kvm-x86: MSR (0x40000105) unsupported by gem5. Skipping.
src/arch/x86/kvm/x86_cpu.cc:1688: warn: kvm-x86: MSR (0x40000003) unsupported by gem5. Skipping.
src/arch/x86/kvm/x86_cpu.cc:1688: warn: kvm-x86: MSR (0x40000002) unsupported by gem5. Skipping.
src/arch/x86/kvm/x86_cpu.cc:1688: warn: kvm-x86: MSR (0x40000010) unsupported by gem5. Skipping.
src/arch/x86/kvm/x86_cpu.cc:1688: warn: kvm-x86: MSR (0x40000080) unsupported by gem5. Skipping.
src/arch/x86/kvm/x86_cpu.cc:1688: warn: kvm-x86: MSR (0x400000b0) unsupported by gem5. Skipping.
src/arch/x86/kvm/x86_cpu.cc:1688: warn: kvm-x86: MSR (0x40000073) unsupported by gem5. Skipping.
src/arch/x86/kvm/x86_cpu.cc:1688: warn: kvm-x86: MSR (0x40000106) unsupported by gem5. Skipping.
src/arch/x86/kvm/x86_cpu.cc:1688: warn: kvm-x86: MSR (0x40000107) unsupported by gem5. Skipping.
src/arch/x86/kvm/x86_cpu.cc:1688: warn: kvm-x86: MSR (0x40000108) unsupported by gem5. Skipping.
src/arch/x86/kvm/x86_cpu.cc:1688: warn: kvm-x86: MSR (0x40000118) unsupported by gem5. Skipping.
src/arch/x86/kvm/x86_cpu.cc:1688: warn: kvm-x86: MSR (0x400000ff) unsupported by gem5. Skipping.
src/arch/x86/kvm/x86_cpu.cc:1688: warn: kvm-x86: MSR (0x400000f1) unsupported by gem5. Skipping.
src/arch/x86/kvm/x86_cpu.cc:1688: warn: kvm-x86: MSR (0x400000f2) unsupported by gem5. Skipping.
src/arch/x86/kvm/x86_cpu.cc:1688: warn: kvm-x86: MSR (0x400000f3) unsupported by gem5. Skipping.
src/arch/x86/kvm/x86_cpu.cc:1688: warn: kvm-x86: MSR (0x400000f4) unsupported by gem5. Skipping.
src/arch/x86/kvm/x86_cpu.cc:1688: warn: kvm-x86: MSR (0x400000f5) unsupported by gem5. Skipping.
src/arch/x86/kvm/x86_cpu.cc:1688: warn: kvm-x86: MSR (0x4b564d02) unsupported by gem5. Skipping.
src/arch/x86/kvm/x86_cpu.cc:1688: warn: kvm-x86: MSR (0x4b564d03) unsupported by gem5. Skipping.
src/arch/x86/kvm/x86_cpu.cc:1688: warn: kvm-x86: MSR (0x4b564d04) unsupported by gem5. Skipping.
src/arch/x86/kvm/x86_cpu.cc:1688: warn: kvm-x86: MSR (0x4b564d06) unsupported by gem5. Skipping.
src/arch/x86/kvm/x86_cpu.cc:1688: warn: kvm-x86: MSR (0x4b564d07) unsupported by gem5. Skipping.
src/arch/x86/kvm/x86_cpu.cc:1688: warn: kvm-x86: MSR (0x3b) unsupported by gem5. Skipping.
src/arch/x86/kvm/x86_cpu.cc:1688: warn: kvm-x86: MSR (0x6e0) unsupported by gem5. Skipping.
src/arch/x86/kvm/x86_cpu.cc:1688: warn: kvm-x86: MSR (0x10a) unsupported by gem5. Skipping.
src/arch/x86/kvm/x86_cpu.cc:1688: warn: kvm-x86: MSR (0x345) unsupported by gem5. Skipping.
src/arch/x86/kvm/x86_cpu.cc:1688: warn: kvm-x86: MSR (0x1a0) unsupported by gem5. Skipping.
src/arch/x86/kvm/x86_cpu.cc:1688: warn: kvm-x86: MSR (0x4d0) unsupported by gem5. Skipping.
src/arch/x86/kvm/x86_cpu.cc:1688: warn: kvm-x86: MSR (0x9e) unsupported by gem5. Skipping.
src/arch/x86/kvm/x86_cpu.cc:1688: warn: kvm-x86: MSR (0x34) unsupported by gem5. Skipping.
src/arch/x86/kvm/x86_cpu.cc:1688: warn: kvm-x86: MSR (0xce) unsupported by gem5. Skipping.
src/arch/x86/kvm/x86_cpu.cc:1688: warn: kvm-x86: MSR (0x140) unsupported by gem5. Skipping.
src/arch/x86/kvm/x86_cpu.cc:1688: warn: kvm-x86: MSR (0x1fc) unsupported by gem5. Skipping.
src/arch/x86/kvm/x86_cpu.cc:1688: warn: kvm-x86: MSR (0x8b) unsupported by gem5. Skipping.
src/arch/x86/kvm/x86_cpu.cc:1688: warn: kvm-x86: MSR (0x480) unsupported by gem5. Skipping.
src/arch/x86/kvm/x86_cpu.cc:1688: warn: kvm-x86: MSR (0x48d) unsupported by gem5. Skipping.
src/arch/x86/kvm/x86_cpu.cc:1688: warn: kvm-x86: MSR (0x48e) unsupported by gem5. Skipping.
src/arch/x86/kvm/x86_cpu.cc:1688: warn: kvm-x86: MSR (0x48f) unsupported by gem5. Skipping.
src/arch/x86/kvm/x86_cpu.cc:1688: warn: kvm-x86: MSR (0x490) unsupported by gem5. Skipping.
src/arch/x86/kvm/x86_cpu.cc:1688: warn: kvm-x86: MSR (0x485) unsupported by gem5. Skipping.
src/arch/x86/kvm/x86_cpu.cc:1688: warn: kvm-x86: MSR (0x486) unsupported by gem5. Skipping.
src/arch/x86/kvm/x86_cpu.cc:1688: warn: kvm-x86: MSR (0x488) unsupported by gem5. Skipping.
src/arch/x86/kvm/x86_cpu.cc:1688: warn: kvm-x86: MSR (0x48a) unsupported by gem5. Skipping.
src/arch/x86/kvm/x86_cpu.cc:1688: warn: kvm-x86: MSR (0x48b) unsupported by gem5. Skipping.
src/arch/x86/kvm/x86_cpu.cc:1688: warn: kvm-x86: MSR (0x48c) unsupported by gem5. Skipping.
src/arch/x86/kvm/x86_cpu.cc:1688: warn: kvm-x86: MSR (0x491) unsupported by gem5. Skipping.
src/arch/x86/kvm/x86_cpu.cc:1688: warn: kvm-x86: MSR (0xc0010015) unsupported by gem5. Skipping.
src/arch/x86/kvm/x86_cpu.cc:1688: warn: kvm-x86: MSR (0x4b564d05) unsupported by gem5. Skipping.
src/arch/x86/kvm/x86_cpu.cc:563: warn: cs limit (0xffffffff) and g (0) combination is illegal.
src/arch/x86/kvm/x86_cpu.cc:563: warn: cs limit (0xffffffff) and g (0) combination is illegal.
src/arch/x86/kvm/x86_cpu.cc:563: warn: cs limit (0xffffffff) and g (0) combination is illegal.
src/arch/x86/kvm/x86_cpu.cc:1688: warn: kvm-x86: MSR (0x3a) unsupported by gem5. Skipping.
src/arch/x86/kvm/x86_cpu.cc:1688: warn: kvm-x86: MSR (0x48) unsupported by gem5. Skipping.
src/arch/x86/kvm/x86_cpu.cc:1688: warn: kvm-x86: MSR (0xe1) unsupported by gem5. Skipping.
src/arch/x86/kvm/x86_cpu.cc:1688: warn: kvm-x86: MSR (0x12) unsupported by gem5. Skipping.
src/arch/x86/kvm/x86_cpu.cc:1688: warn: kvm-x86: MSR (0x11) unsupported by gem5. Skipping.
src/arch/x86/kvm/x86_cpu.cc:1688: warn: kvm-x86: MSR (0x4b564d01) unsupported by gem5. Skipping.
src/arch/x86/kvm/x86_cpu.cc:1688: warn: kvm-x86: MSR (0x4b564d00) unsupported by gem5. Skipping.
src/arch/x86/kvm/x86_cpu.cc:1688: warn: kvm-x86: MSR (0x40000000) unsupported by gem5. Skipping.
src/arch/x86/kvm/x86_cpu.cc:1688: warn: kvm-x86: MSR (0x40000001) unsupported by gem5. Skipping.
src/arch/x86/kvm/x86_cpu.cc:1688: warn: kvm-x86: MSR (0x40000020) unsupported by gem5. Skipping.
src/arch/x86/kvm/x86_cpu.cc:1688: warn: kvm-x86: MSR (0x40000021) unsupported by gem5. Skipping.
src/arch/x86/kvm/x86_cpu.cc:1688: warn: kvm-x86: MSR (0x40000022) unsupported by gem5. Skipping.
src/arch/x86/kvm/x86_cpu.cc:1688: warn: kvm-x86: MSR (0x40000023) unsupported by gem5. Skipping.
src/arch/x86/kvm/x86_cpu.cc:1688: warn: kvm-x86: MSR (0x40000100) unsupported by gem5. Skipping.
src/arch/x86/kvm/x86_cpu.cc:1688: warn: kvm-x86: MSR (0x40000101) unsupported by gem5. Skipping.
src/arch/x86/kvm/x86_cpu.cc:1688: warn: kvm-x86: MSR (0x40000102) unsupported by gem5. Skipping.
src/arch/x86/kvm/x86_cpu.cc:1688: warn: kvm-x86: MSR (0x40000103) unsupported by gem5. Skipping.
src/arch/x86/kvm/x86_cpu.cc:1688: warn: kvm-x86: MSR (0x40000104) unsupported by gem5. Skipping.
src/arch/x86/kvm/x86_cpu.cc:1688: warn: kvm-x86: MSR (0x40000105) unsupported by gem5. Skipping.
src/arch/x86/kvm/x86_cpu.cc:1688: warn: kvm-x86: MSR (0x40000003) unsupported by gem5. Skipping.
src/arch/x86/kvm/x86_cpu.cc:1688: warn: kvm-x86: MSR (0x40000002) unsupported by gem5. Skipping.
src/arch/x86/kvm/x86_cpu.cc:1688: warn: kvm-x86: MSR (0x40000010) unsupported by gem5. Skipping.
src/arch/x86/kvm/x86_cpu.cc:1688: warn: kvm-x86: MSR (0x40000080) unsupported by gem5. Skipping.
src/arch/x86/kvm/x86_cpu.cc:1688: warn: kvm-x86: MSR (0x400000b0) unsupported by gem5. Skipping.
src/arch/x86/kvm/x86_cpu.cc:1688: warn: kvm-x86: MSR (0x40000073) unsupported by gem5. Skipping.
src/arch/x86/kvm/x86_cpu.cc:1688: warn: kvm-x86: MSR (0x40000106) unsupported by gem5. Skipping.
src/arch/x86/kvm/x86_cpu.cc:1688: warn: kvm-x86: MSR (0x40000107) unsupported by gem5. Skipping.
src/arch/x86/kvm/x86_cpu.cc:1688: warn: kvm-x86: MSR (0x40000108) unsupported by gem5. Skipping.
src/arch/x86/kvm/x86_cpu.cc:1688: warn: kvm-x86: MSR (0x40000118) unsupported by gem5. Skipping.
src/arch/x86/kvm/x86_cpu.cc:1688: warn: kvm-x86: MSR (0x400000ff) unsupported by gem5. Skipping.
src/arch/x86/kvm/x86_cpu.cc:1688: warn: kvm-x86: MSR (0x400000f1) unsupported by gem5. Skipping.
src/arch/x86/kvm/x86_cpu.cc:1688: warn: kvm-x86: MSR (0x400000f2) unsupported by gem5. Skipping.
src/arch/x86/kvm/x86_cpu.cc:1688: warn: kvm-x86: MSR (0x400000f3) unsupported by gem5. Skipping.
src/arch/x86/kvm/x86_cpu.cc:1688: warn: kvm-x86: MSR (0x400000f4) unsupported by gem5. Skipping.
src/arch/x86/kvm/x86_cpu.cc:1688: warn: kvm-x86: MSR (0x400000f5) unsupported by gem5. Skipping.
src/arch/x86/kvm/x86_cpu.cc:1688: warn: kvm-x86: MSR (0x4b564d02) unsupported by gem5. Skipping.
src/arch/x86/kvm/x86_cpu.cc:1688: warn: kvm-x86: MSR (0x4b564d03) unsupported by gem5. Skipping.
src/arch/x86/kvm/x86_cpu.cc:1688: warn: kvm-x86: MSR (0x4b564d04) unsupported by gem5. Skipping.
src/arch/x86/kvm/x86_cpu.cc:1688: warn: kvm-x86: MSR (0x4b564d06) unsupported by gem5. Skipping.
src/arch/x86/kvm/x86_cpu.cc:1688: warn: kvm-x86: MSR (0x4b564d07) unsupported by gem5. Skipping.
src/arch/x86/kvm/x86_cpu.cc:1688: warn: kvm-x86: MSR (0x3b) unsupported by gem5. Skipping.
src/arch/x86/kvm/x86_cpu.cc:1688: warn: kvm-x86: MSR (0x6e0) unsupported by gem5. Skipping.
src/arch/x86/kvm/x86_cpu.cc:1688: warn: kvm-x86: MSR (0x10a) unsupported by gem5. Skipping.
src/arch/x86/kvm/x86_cpu.cc:1688: warn: kvm-x86: MSR (0x345) unsupported by gem5. Skipping.
src/arch/x86/kvm/x86_cpu.cc:1688: warn: kvm-x86: MSR (0x1a0) unsupported by gem5. Skipping.
src/arch/x86/kvm/x86_cpu.cc:1688: warn: kvm-x86: MSR (0x4d0) unsupported by gem5. Skipping.
src/arch/x86/kvm/x86_cpu.cc:1688: warn: kvm-x86: MSR (0x9e) unsupported by gem5. Skipping.
src/arch/x86/kvm/x86_cpu.cc:1688: warn: kvm-x86: MSR (0x34) unsupported by gem5. Skipping.
src/arch/x86/kvm/x86_cpu.cc:1688: warn: kvm-x86: MSR (0xce) unsupported by gem5. Skipping.
src/arch/x86/kvm/x86_cpu.cc:1688: warn: kvm-x86: MSR (0x140) unsupported by gem5. Skipping.
src/arch/x86/kvm/x86_cpu.cc:1688: warn: kvm-x86: MSR (0x1fc) unsupported by gem5. Skipping.
src/arch/x86/kvm/x86_cpu.cc:1688: warn: kvm-x86: MSR (0x8b) unsupported by gem5. Skipping.
src/arch/x86/kvm/x86_cpu.cc:1688: warn: kvm-x86: MSR (0x480) unsupported by gem5. Skipping.
src/arch/x86/kvm/x86_cpu.cc:1688: warn: kvm-x86: MSR (0x48d) unsupported by gem5. Skipping.
src/arch/x86/kvm/x86_cpu.cc:1688: warn: kvm-x86: MSR (0x48e) unsupported by gem5. Skipping.
src/arch/x86/kvm/x86_cpu.cc:1688: warn: kvm-x86: MSR (0x48f) unsupported by gem5. Skipping.
src/arch/x86/kvm/x86_cpu.cc:1688: warn: kvm-x86: MSR (0x490) unsupported by gem5. Skipping.
src/arch/x86/kvm/x86_cpu.cc:1688: warn: kvm-x86: MSR (0x485) unsupported by gem5. Skipping.
src/arch/x86/kvm/x86_cpu.cc:1688: warn: kvm-x86: MSR (0x486) unsupported by gem5. Skipping.
src/arch/x86/kvm/x86_cpu.cc:1688: warn: kvm-x86: MSR (0x488) unsupported by gem5. Skipping.
src/arch/x86/kvm/x86_cpu.cc:1688: warn: kvm-x86: MSR (0x48a) unsupported by gem5. Skipping.
src/arch/x86/kvm/x86_cpu.cc:1688: warn: kvm-x86: MSR (0x48b) unsupported by gem5. Skipping.
src/arch/x86/kvm/x86_cpu.cc:1688: warn: kvm-x86: MSR (0x48c) unsupported by gem5. Skipping.
src/arch/x86/kvm/x86_cpu.cc:1688: warn: kvm-x86: MSR (0x491) unsupported by gem5. Skipping.
src/arch/x86/kvm/x86_cpu.cc:1688: warn: kvm-x86: MSR (0xc0010015) unsupported by gem5. Skipping.
src/arch/x86/kvm/x86_cpu.cc:1688: warn: kvm-x86: MSR (0x4b564d05) unsupported by gem5. Skipping.
src/arch/x86/kvm/x86_cpu.cc:563: warn: cs limit (0xffffffff) and g (0) combination is illegal.
src/arch/x86/kvm/x86_cpu.cc:563: warn: cs limit (0xffffffff) and g (0) combination is illegal.
src/arch/x86/kvm/x86_cpu.cc:563: warn: cs limit (0xffffffff) and g (0) combination is illegal.
src/arch/x86/kvm/x86_cpu.cc:1688: warn: kvm-x86: MSR (0x3a) unsupported by gem5. Skipping.
src/arch/x86/kvm/x86_cpu.cc:1688: warn: kvm-x86: MSR (0x48) unsupported by gem5. Skipping.
src/arch/x86/kvm/x86_cpu.cc:1688: warn: kvm-x86: MSR (0xe1) unsupported by gem5. Skipping.
src/arch/x86/kvm/x86_cpu.cc:1688: warn: kvm-x86: MSR (0x12) unsupported by gem5. Skipping.
src/arch/x86/kvm/x86_cpu.cc:1688: warn: kvm-x86: MSR (0x11) unsupported by gem5. Skipping.
src/arch/x86/kvm/x86_cpu.cc:1688: warn: kvm-x86: MSR (0x4b564d01) unsupported by gem5. Skipping.
src/arch/x86/kvm/x86_cpu.cc:1688: warn: kvm-x86: MSR (0x4b564d00) unsupported by gem5. Skipping.
src/arch/x86/kvm/x86_cpu.cc:1688: warn: kvm-x86: MSR (0x40000000) unsupported by gem5. Skipping.
src/arch/x86/kvm/x86_cpu.cc:1688: warn: kvm-x86: MSR (0x40000001) unsupported by gem5. Skipping.
src/arch/x86/kvm/x86_cpu.cc:1688: warn: kvm-x86: MSR (0x40000020) unsupported by gem5. Skipping.
src/arch/x86/kvm/x86_cpu.cc:1688: warn: kvm-x86: MSR (0x40000021) unsupported by gem5. Skipping.
src/arch/x86/kvm/x86_cpu.cc:1688: warn: kvm-x86: MSR (0x40000022) unsupported by gem5. Skipping.
src/arch/x86/kvm/x86_cpu.cc:1688: warn: kvm-x86: MSR (0x40000023) unsupported by gem5. Skipping.
src/arch/x86/kvm/x86_cpu.cc:1688: warn: kvm-x86: MSR (0x40000100) unsupported by gem5. Skipping.
src/arch/x86/kvm/x86_cpu.cc:1688: warn: kvm-x86: MSR (0x40000101) unsupported by gem5. Skipping.
src/arch/x86/kvm/x86_cpu.cc:1688: warn: kvm-x86: MSR (0x40000102) unsupported by gem5. Skipping.
src/arch/x86/kvm/x86_cpu.cc:1688: warn: kvm-x86: MSR (0x40000103) unsupported by gem5. Skipping.
src/arch/x86/kvm/x86_cpu.cc:1688: warn: kvm-x86: MSR (0x40000104) unsupported by gem5. Skipping.
src/arch/x86/kvm/x86_cpu.cc:1688: warn: kvm-x86: MSR (0x40000105) unsupported by gem5. Skipping.
src/arch/x86/kvm/x86_cpu.cc:1688: warn: kvm-x86: MSR (0x40000003) unsupported by gem5. Skipping.
src/arch/x86/kvm/x86_cpu.cc:1688: warn: kvm-x86: MSR (0x40000002) unsupported by gem5. Skipping.
src/arch/x86/kvm/x86_cpu.cc:1688: warn: kvm-x86: MSR (0x40000010) unsupported by gem5. Skipping.
src/arch/x86/kvm/x86_cpu.cc:1688: warn: kvm-x86: MSR (0x40000080) unsupported by gem5. Skipping.
src/arch/x86/kvm/x86_cpu.cc:1688: warn: kvm-x86: MSR (0x400000b0) unsupported by gem5. Skipping.
src/arch/x86/kvm/x86_cpu.cc:1688: warn: kvm-x86: MSR (0x40000073) unsupported by gem5. Skipping.
src/arch/x86/kvm/x86_cpu.cc:1688: warn: kvm-x86: MSR (0x40000106) unsupported by gem5. Skipping.
src/arch/x86/kvm/x86_cpu.cc:1688: warn: kvm-x86: MSR (0x40000107) unsupported by gem5. Skipping.
src/arch/x86/kvm/x86_cpu.cc:1688: warn: kvm-x86: MSR (0x40000108) unsupported by gem5. Skipping.
src/arch/x86/kvm/x86_cpu.cc:1688: warn: kvm-x86: MSR (0x40000118) unsupported by gem5. Skipping.
src/arch/x86/kvm/x86_cpu.cc:1688: warn: kvm-x86: MSR (0x400000ff) unsupported by gem5. Skipping.
src/arch/x86/kvm/x86_cpu.cc:1688: warn: kvm-x86: MSR (0x400000f1) unsupported by gem5. Skipping.
src/arch/x86/kvm/x86_cpu.cc:1688: warn: kvm-x86: MSR (0x400000f2) unsupported by gem5. Skipping.
src/arch/x86/kvm/x86_cpu.cc:1688: warn: kvm-x86: MSR (0x400000f3) unsupported by gem5. Skipping.
src/arch/x86/kvm/x86_cpu.cc:1688: warn: kvm-x86: MSR (0x400000f4) unsupported by gem5. Skipping.
src/arch/x86/kvm/x86_cpu.cc:1688: warn: kvm-x86: MSR (0x400000f5) unsupported by gem5. Skipping.
src/arch/x86/kvm/x86_cpu.cc:1688: warn: kvm-x86: MSR (0x4b564d02) unsupported by gem5. Skipping.
src/arch/x86/kvm/x86_cpu.cc:1688: warn: kvm-x86: MSR (0x4b564d03) unsupported by gem5. Skipping.
src/arch/x86/kvm/x86_cpu.cc:1688: warn: kvm-x86: MSR (0x4b564d04) unsupported by gem5. Skipping.
src/arch/x86/kvm/x86_cpu.cc:1688: warn: kvm-x86: MSR (0x4b564d06) unsupported by gem5. Skipping.
src/arch/x86/kvm/x86_cpu.cc:1688: warn: kvm-x86: MSR (0x4b564d07) unsupported by gem5. Skipping.
src/arch/x86/kvm/x86_cpu.cc:1688: warn: kvm-x86: MSR (0x3b) unsupported by gem5. Skipping.
src/arch/x86/kvm/x86_cpu.cc:1688: warn: kvm-x86: MSR (0x6e0) unsupported by gem5. Skipping.
src/arch/x86/kvm/x86_cpu.cc:1688: warn: kvm-x86: MSR (0x10a) unsupported by gem5. Skipping.
src/arch/x86/kvm/x86_cpu.cc:1688: warn: kvm-x86: MSR (0x345) unsupported by gem5. Skipping.
src/arch/x86/kvm/x86_cpu.cc:1688: warn: kvm-x86: MSR (0x1a0) unsupported by gem5. Skipping.
src/arch/x86/kvm/x86_cpu.cc:1688: warn: kvm-x86: MSR (0x4d0) unsupported by gem5. Skipping.
src/arch/x86/kvm/x86_cpu.cc:1688: warn: kvm-x86: MSR (0x9e) unsupported by gem5. Skipping.
src/arch/x86/kvm/x86_cpu.cc:1688: warn: kvm-x86: MSR (0x34) unsupported by gem5. Skipping.
src/arch/x86/kvm/x86_cpu.cc:1688: warn: kvm-x86: MSR (0xce) unsupported by gem5. Skipping.
src/arch/x86/kvm/x86_cpu.cc:1688: warn: kvm-x86: MSR (0x140) unsupported by gem5. Skipping.
src/arch/x86/kvm/x86_cpu.cc:1688: warn: kvm-x86: MSR (0x1fc) unsupported by gem5. Skipping.
src/arch/x86/kvm/x86_cpu.cc:1688: warn: kvm-x86: MSR (0x8b) unsupported by gem5. Skipping.
src/arch/x86/kvm/x86_cpu.cc:1688: warn: kvm-x86: MSR (0x480) unsupported by gem5. Skipping.
src/arch/x86/kvm/x86_cpu.cc:1688: warn: kvm-x86: MSR (0x48d) unsupported by gem5. Skipping.
src/arch/x86/kvm/x86_cpu.cc:1688: warn: kvm-x86: MSR (0x48e) unsupported by gem5. Skipping.
src/arch/x86/kvm/x86_cpu.cc:1688: warn: kvm-x86: MSR (0x48f) unsupported by gem5. Skipping.
src/arch/x86/kvm/x86_cpu.cc:1688: warn: kvm-x86: MSR (0x490) unsupported by gem5. Skipping.
src/arch/x86/kvm/x86_cpu.cc:1688: warn: kvm-x86: MSR (0x485) unsupported by gem5. Skipping.
src/arch/x86/kvm/x86_cpu.cc:1688: warn: kvm-x86: MSR (0x486) unsupported by gem5. Skipping.
src/arch/x86/kvm/x86_cpu.cc:1688: warn: kvm-x86: MSR (0x488) unsupported by gem5. Skipping.
src/arch/x86/kvm/x86_cpu.cc:1688: warn: kvm-x86: MSR (0x48a) unsupported by gem5. Skipping.
src/arch/x86/kvm/x86_cpu.cc:1688: warn: kvm-x86: MSR (0x48b) unsupported by gem5. Skipping.
src/arch/x86/kvm/x86_cpu.cc:1688: warn: kvm-x86: MSR (0x48c) unsupported by gem5. Skipping.
src/arch/x86/kvm/x86_cpu.cc:1688: warn: kvm-x86: MSR (0x491) unsupported by gem5. Skipping.
src/arch/x86/kvm/x86_cpu.cc:1688: warn: kvm-x86: MSR (0xc0010015) unsupported by gem5. Skipping.
src/arch/x86/kvm/x86_cpu.cc:1688: warn: kvm-x86: MSR (0x4b564d05) unsupported by gem5. Skipping.
src/arch/x86/kvm/x86_cpu.cc:563: warn: cs limit (0xffffffff) and g (0) combination is illegal.
src/arch/x86/kvm/x86_cpu.cc:563: warn: cs limit (0xffffffff) and g (0) combination is illegal.
src/arch/x86/kvm/x86_cpu.cc:563: warn: cs limit (0xffffffff) and g (0) combination is illegal.
src/arch/x86/kvm/x86_cpu.cc:1688: warn: kvm-x86: MSR (0x3a) unsupported by gem5. Skipping.
src/arch/x86/kvm/x86_cpu.cc:1688: warn: kvm-x86: MSR (0x48) unsupported by gem5. Skipping.
src/arch/x86/kvm/x86_cpu.cc:1688: warn: kvm-x86: MSR (0xe1) unsupported by gem5. Skipping.
src/arch/x86/kvm/x86_cpu.cc:1688: warn: kvm-x86: MSR (0x12) unsupported by gem5. Skipping.
src/arch/x86/kvm/x86_cpu.cc:1688: warn: kvm-x86: MSR (0x11) unsupported by gem5. Skipping.
src/arch/x86/kvm/x86_cpu.cc:1688: warn: kvm-x86: MSR (0x4b564d01) unsupported by gem5. Skipping.
src/arch/x86/kvm/x86_cpu.cc:1688: warn: kvm-x86: MSR (0x4b564d00) unsupported by gem5. Skipping.
src/arch/x86/kvm/x86_cpu.cc:1688: warn: kvm-x86: MSR (0x40000000) unsupported by gem5. Skipping.
src/arch/x86/kvm/x86_cpu.cc:1688: warn: kvm-x86: MSR (0x40000001) unsupported by gem5. Skipping.
src/arch/x86/kvm/x86_cpu.cc:1688: warn: kvm-x86: MSR (0x40000020) unsupported by gem5. Skipping.
src/arch/x86/kvm/x86_cpu.cc:1688: warn: kvm-x86: MSR (0x40000021) unsupported by gem5. Skipping.
src/arch/x86/kvm/x86_cpu.cc:1688: warn: kvm-x86: MSR (0x40000022) unsupported by gem5. Skipping.
src/arch/x86/kvm/x86_cpu.cc:1688: warn: kvm-x86: MSR (0x40000023) unsupported by gem5. Skipping.
src/arch/x86/kvm/x86_cpu.cc:1688: warn: kvm-x86: MSR (0x40000100) unsupported by gem5. Skipping.
src/arch/x86/kvm/x86_cpu.cc:1688: warn: kvm-x86: MSR (0x40000101) unsupported by gem5. Skipping.
src/arch/x86/kvm/x86_cpu.cc:1688: warn: kvm-x86: MSR (0x40000102) unsupported by gem5. Skipping.
src/arch/x86/kvm/x86_cpu.cc:1688: warn: kvm-x86: MSR (0x40000103) unsupported by gem5. Skipping.
src/arch/x86/kvm/x86_cpu.cc:1688: warn: kvm-x86: MSR (0x40000104) unsupported by gem5. Skipping.
src/arch/x86/kvm/x86_cpu.cc:1688: warn: kvm-x86: MSR (0x40000105) unsupported by gem5. Skipping.
src/arch/x86/kvm/x86_cpu.cc:1688: warn: kvm-x86: MSR (0x40000003) unsupported by gem5. Skipping.
src/arch/x86/kvm/x86_cpu.cc:1688: warn: kvm-x86: MSR (0x40000002) unsupported by gem5. Skipping.
src/arch/x86/kvm/x86_cpu.cc:1688: warn: kvm-x86: MSR (0x40000010) unsupported by gem5. Skipping.
src/arch/x86/kvm/x86_cpu.cc:1688: warn: kvm-x86: MSR (0x40000080) unsupported by gem5. Skipping.
src/arch/x86/kvm/x86_cpu.cc:1688: warn: kvm-x86: MSR (0x400000b0) unsupported by gem5. Skipping.
src/arch/x86/kvm/x86_cpu.cc:1688: warn: kvm-x86: MSR (0x40000073) unsupported by gem5. Skipping.
src/arch/x86/kvm/x86_cpu.cc:1688: warn: kvm-x86: MSR (0x40000106) unsupported by gem5. Skipping.
src/arch/x86/kvm/x86_cpu.cc:1688: warn: kvm-x86: MSR (0x40000107) unsupported by gem5. Skipping.
src/arch/x86/kvm/x86_cpu.cc:1688: warn: kvm-x86: MSR (0x40000108) unsupported by gem5. Skipping.
src/arch/x86/kvm/x86_cpu.cc:1688: warn: kvm-x86: MSR (0x40000118) unsupported by gem5. Skipping.
src/arch/x86/kvm/x86_cpu.cc:1688: warn: kvm-x86: MSR (0x400000ff) unsupported by gem5. Skipping.
src/arch/x86/kvm/x86_cpu.cc:1688: warn: kvm-x86: MSR (0x400000f1) unsupported by gem5. Skipping.
src/arch/x86/kvm/x86_cpu.cc:1688: warn: kvm-x86: MSR (0x400000f2) unsupported by gem5. Skipping.
src/arch/x86/kvm/x86_cpu.cc:1688: warn: kvm-x86: MSR (0x400000f3) unsupported by gem5. Skipping.
src/arch/x86/kvm/x86_cpu.cc:1688: warn: kvm-x86: MSR (0x400000f4) unsupported by gem5. Skipping.
src/arch/x86/kvm/x86_cpu.cc:1688: warn: kvm-x86: MSR (0x400000f5) unsupported by gem5. Skipping.
src/arch/x86/kvm/x86_cpu.cc:1688: warn: kvm-x86: MSR (0x4b564d02) unsupported by gem5. Skipping.
src/arch/x86/kvm/x86_cpu.cc:1688: warn: kvm-x86: MSR (0x4b564d03) unsupported by gem5. Skipping.
src/arch/x86/kvm/x86_cpu.cc:1688: warn: kvm-x86: MSR (0x4b564d04) unsupported by gem5. Skipping.
src/arch/x86/kvm/x86_cpu.cc:1688: warn: kvm-x86: MSR (0x4b564d06) unsupported by gem5. Skipping.
src/arch/x86/kvm/x86_cpu.cc:1688: warn: kvm-x86: MSR (0x4b564d07) unsupported by gem5. Skipping.
src/arch/x86/kvm/x86_cpu.cc:1688: warn: kvm-x86: MSR (0x3b) unsupported by gem5. Skipping.
src/arch/x86/kvm/x86_cpu.cc:1688: warn: kvm-x86: MSR (0x6e0) unsupported by gem5. Skipping.
src/arch/x86/kvm/x86_cpu.cc:1688: warn: kvm-x86: MSR (0x10a) unsupported by gem5. Skipping.
src/arch/x86/kvm/x86_cpu.cc:1688: warn: kvm-x86: MSR (0x345) unsupported by gem5. Skipping.
src/arch/x86/kvm/x86_cpu.cc:1688: warn: kvm-x86: MSR (0x1a0) unsupported by gem5. Skipping.
src/arch/x86/kvm/x86_cpu.cc:1688: warn: kvm-x86: MSR (0x4d0) unsupported by gem5. Skipping.
src/arch/x86/kvm/x86_cpu.cc:1688: warn: kvm-x86: MSR (0x9e) unsupported by gem5. Skipping.
src/arch/x86/kvm/x86_cpu.cc:1688: warn: kvm-x86: MSR (0x34) unsupported by gem5. Skipping.
src/arch/x86/kvm/x86_cpu.cc:1688: warn: kvm-x86: MSR (0xce) unsupported by gem5. Skipping.
src/arch/x86/kvm/x86_cpu.cc:1688: warn: kvm-x86: MSR (0x140) unsupported by gem5. Skipping.
src/arch/x86/kvm/x86_cpu.cc:1688: warn: kvm-x86: MSR (0x1fc) unsupported by gem5. Skipping.
src/arch/x86/kvm/x86_cpu.cc:1688: warn: kvm-x86: MSR (0x8b) unsupported by gem5. Skipping.
src/arch/x86/kvm/x86_cpu.cc:1688: warn: kvm-x86: MSR (0x480) unsupported by gem5. Skipping.
src/arch/x86/kvm/x86_cpu.cc:1688: warn: kvm-x86: MSR (0x48d) unsupported by gem5. Skipping.
src/arch/x86/kvm/x86_cpu.cc:1688: warn: kvm-x86: MSR (0x48e) unsupported by gem5. Skipping.
src/arch/x86/kvm/x86_cpu.cc:1688: warn: kvm-x86: MSR (0x48f) unsupported by gem5. Skipping.
src/arch/x86/kvm/x86_cpu.cc:1688: warn: kvm-x86: MSR (0x490) unsupported by gem5. Skipping.
src/arch/x86/kvm/x86_cpu.cc:1688: warn: kvm-x86: MSR (0x485) unsupported by gem5. Skipping.
src/arch/x86/kvm/x86_cpu.cc:1688: warn: kvm-x86: MSR (0x486) unsupported by gem5. Skipping.
src/arch/x86/kvm/x86_cpu.cc:1688: warn: kvm-x86: MSR (0x488) unsupported by gem5. Skipping.
src/arch/x86/kvm/x86_cpu.cc:1688: warn: kvm-x86: MSR (0x48a) unsupported by gem5. Skipping.
src/arch/x86/kvm/x86_cpu.cc:1688: warn: kvm-x86: MSR (0x48b) unsupported by gem5. Skipping.
src/arch/x86/kvm/x86_cpu.cc:1688: warn: kvm-x86: MSR (0x48c) unsupported by gem5. Skipping.
src/arch/x86/kvm/x86_cpu.cc:1688: warn: kvm-x86: MSR (0x491) unsupported by gem5. Skipping.
src/arch/x86/kvm/x86_cpu.cc:1688: warn: kvm-x86: MSR (0xc0010015) unsupported by gem5. Skipping.
src/arch/x86/kvm/x86_cpu.cc:1688: warn: kvm-x86: MSR (0x4b564d05) unsupported by gem5. Skipping.
src/arch/x86/kvm/x86_cpu.cc:563: warn: cs limit (0xffffffff) and g (0) combination is illegal.
src/arch/x86/kvm/x86_cpu.cc:563: warn: cs limit (0xffffffff) and g (0) combination is illegal.
src/arch/x86/kvm/x86_cpu.cc:563: warn: cs limit (0xffffffff) and g (0) combination is illegal.
src/arch/x86/kvm/x86_cpu.cc:1688: warn: kvm-x86: MSR (0x3a) unsupported by gem5. Skipping.
src/arch/x86/kvm/x86_cpu.cc:1688: warn: kvm-x86: MSR (0x48) unsupported by gem5. Skipping.
src/arch/x86/kvm/x86_cpu.cc:1688: warn: kvm-x86: MSR (0xe1) unsupported by gem5. Skipping.
src/arch/x86/kvm/x86_cpu.cc:1688: warn: kvm-x86: MSR (0x12) unsupported by gem5. Skipping.
src/arch/x86/kvm/x86_cpu.cc:1688: warn: kvm-x86: MSR (0x11) unsupported by gem5. Skipping.
src/arch/x86/kvm/x86_cpu.cc:1688: warn: kvm-x86: MSR (0x4b564d01) unsupported by gem5. Skipping.
src/arch/x86/kvm/x86_cpu.cc:1688: warn: kvm-x86: MSR (0x4b564d00) unsupported by gem5. Skipping.
src/arch/x86/kvm/x86_cpu.cc:1688: warn: kvm-x86: MSR (0x40000000) unsupported by gem5. Skipping.
src/arch/x86/kvm/x86_cpu.cc:1688: warn: kvm-x86: MSR (0x40000001) unsupported by gem5. Skipping.
src/arch/x86/kvm/x86_cpu.cc:1688: warn: kvm-x86: MSR (0x40000020) unsupported by gem5. Skipping.
src/arch/x86/kvm/x86_cpu.cc:1688: warn: kvm-x86: MSR (0x40000021) unsupported by gem5. Skipping.
src/arch/x86/kvm/x86_cpu.cc:1688: warn: kvm-x86: MSR (0x40000022) unsupported by gem5. Skipping.
src/arch/x86/kvm/x86_cpu.cc:1688: warn: kvm-x86: MSR (0x40000023) unsupported by gem5. Skipping.
src/arch/x86/kvm/x86_cpu.cc:1688: warn: kvm-x86: MSR (0x40000100) unsupported by gem5. Skipping.
src/arch/x86/kvm/x86_cpu.cc:1688: warn: kvm-x86: MSR (0x40000101) unsupported by gem5. Skipping.
src/arch/x86/kvm/x86_cpu.cc:1688: warn: kvm-x86: MSR (0x40000102) unsupported by gem5. Skipping.
src/arch/x86/kvm/x86_cpu.cc:1688: warn: kvm-x86: MSR (0x40000103) unsupported by gem5. Skipping.
src/arch/x86/kvm/x86_cpu.cc:1688: warn: kvm-x86: MSR (0x40000104) unsupported by gem5. Skipping.
src/arch/x86/kvm/x86_cpu.cc:1688: warn: kvm-x86: MSR (0x40000105) unsupported by gem5. Skipping.
src/arch/x86/kvm/x86_cpu.cc:1688: warn: kvm-x86: MSR (0x40000003) unsupported by gem5. Skipping.
src/arch/x86/kvm/x86_cpu.cc:1688: warn: kvm-x86: MSR (0x40000002) unsupported by gem5. Skipping.
src/arch/x86/kvm/x86_cpu.cc:1688: warn: kvm-x86: MSR (0x40000010) unsupported by gem5. Skipping.
src/arch/x86/kvm/x86_cpu.cc:1688: warn: kvm-x86: MSR (0x40000080) unsupported by gem5. Skipping.
src/arch/x86/kvm/x86_cpu.cc:1688: warn: kvm-x86: MSR (0x400000b0) unsupported by gem5. Skipping.
src/arch/x86/kvm/x86_cpu.cc:1688: warn: kvm-x86: MSR (0x40000073) unsupported by gem5. Skipping.
src/arch/x86/kvm/x86_cpu.cc:1688: warn: kvm-x86: MSR (0x40000106) unsupported by gem5. Skipping.
src/arch/x86/kvm/x86_cpu.cc:1688: warn: kvm-x86: MSR (0x40000107) unsupported by gem5. Skipping.
src/arch/x86/kvm/x86_cpu.cc:1688: warn: kvm-x86: MSR (0x40000108) unsupported by gem5. Skipping.
src/arch/x86/kvm/x86_cpu.cc:1688: warn: kvm-x86: MSR (0x40000118) unsupported by gem5. Skipping.
src/arch/x86/kvm/x86_cpu.cc:1688: warn: kvm-x86: MSR (0x400000ff) unsupported by gem5. Skipping.
src/arch/x86/kvm/x86_cpu.cc:1688: warn: kvm-x86: MSR (0x400000f1) unsupported by gem5. Skipping.
src/arch/x86/kvm/x86_cpu.cc:1688: warn: kvm-x86: MSR (0x400000f2) unsupported by gem5. Skipping.
src/arch/x86/kvm/x86_cpu.cc:1688: warn: kvm-x86: MSR (0x400000f3) unsupported by gem5. Skipping.
src/arch/x86/kvm/x86_cpu.cc:1688: warn: kvm-x86: MSR (0x400000f4) unsupported by gem5. Skipping.
src/arch/x86/kvm/x86_cpu.cc:1688: warn: kvm-x86: MSR (0x400000f5) unsupported by gem5. Skipping.
src/arch/x86/kvm/x86_cpu.cc:1688: warn: kvm-x86: MSR (0x4b564d02) unsupported by gem5. Skipping.
src/arch/x86/kvm/x86_cpu.cc:1688: warn: kvm-x86: MSR (0x4b564d03) unsupported by gem5. Skipping.
src/arch/x86/kvm/x86_cpu.cc:1688: warn: kvm-x86: MSR (0x4b564d04) unsupported by gem5. Skipping.
src/arch/x86/kvm/x86_cpu.cc:1688: warn: kvm-x86: MSR (0x4b564d06) unsupported by gem5. Skipping.
src/arch/x86/kvm/x86_cpu.cc:1688: warn: kvm-x86: MSR (0x4b564d07) unsupported by gem5. Skipping.
src/arch/x86/kvm/x86_cpu.cc:1688: warn: kvm-x86: MSR (0x3b) unsupported by gem5. Skipping.
src/arch/x86/kvm/x86_cpu.cc:1688: warn: kvm-x86: MSR (0x6e0) unsupported by gem5. Skipping.
src/arch/x86/kvm/x86_cpu.cc:1688: warn: kvm-x86: MSR (0x10a) unsupported by gem5. Skipping.
src/arch/x86/kvm/x86_cpu.cc:1688: warn: kvm-x86: MSR (0x345) unsupported by gem5. Skipping.
src/arch/x86/kvm/x86_cpu.cc:1688: warn: kvm-x86: MSR (0x1a0) unsupported by gem5. Skipping.
src/arch/x86/kvm/x86_cpu.cc:1688: warn: kvm-x86: MSR (0x4d0) unsupported by gem5. Skipping.
src/arch/x86/kvm/x86_cpu.cc:1688: warn: kvm-x86: MSR (0x9e) unsupported by gem5. Skipping.
src/arch/x86/kvm/x86_cpu.cc:1688: warn: kvm-x86: MSR (0x34) unsupported by gem5. Skipping.
src/arch/x86/kvm/x86_cpu.cc:1688: warn: kvm-x86: MSR (0xce) unsupported by gem5. Skipping.
src/arch/x86/kvm/x86_cpu.cc:1688: warn: kvm-x86: MSR (0x140) unsupported by gem5. Skipping.
src/arch/x86/kvm/x86_cpu.cc:1688: warn: kvm-x86: MSR (0x1fc) unsupported by gem5. Skipping.
src/arch/x86/kvm/x86_cpu.cc:1688: warn: kvm-x86: MSR (0x8b) unsupported by gem5. Skipping.
src/arch/x86/kvm/x86_cpu.cc:1688: warn: kvm-x86: MSR (0x480) unsupported by gem5. Skipping.
src/arch/x86/kvm/x86_cpu.cc:1688: warn: kvm-x86: MSR (0x48d) unsupported by gem5. Skipping.
src/arch/x86/kvm/x86_cpu.cc:1688: warn: kvm-x86: MSR (0x48e) unsupported by gem5. Skipping.
src/arch/x86/kvm/x86_cpu.cc:1688: warn: kvm-x86: MSR (0x48f) unsupported by gem5. Skipping.
src/arch/x86/kvm/x86_cpu.cc:1688: warn: kvm-x86: MSR (0x490) unsupported by gem5. Skipping.
src/arch/x86/kvm/x86_cpu.cc:1688: warn: kvm-x86: MSR (0x485) unsupported by gem5. Skipping.
src/arch/x86/kvm/x86_cpu.cc:1688: warn: kvm-x86: MSR (0x486) unsupported by gem5. Skipping.
src/arch/x86/kvm/x86_cpu.cc:1688: warn: kvm-x86: MSR (0x488) unsupported by gem5. Skipping.
src/arch/x86/kvm/x86_cpu.cc:1688: warn: kvm-x86: MSR (0x48a) unsupported by gem5. Skipping.
src/arch/x86/kvm/x86_cpu.cc:1688: warn: kvm-x86: MSR (0x48b) unsupported by gem5. Skipping.
src/arch/x86/kvm/x86_cpu.cc:1688: warn: kvm-x86: MSR (0x48c) unsupported by gem5. Skipping.
src/arch/x86/kvm/x86_cpu.cc:1688: warn: kvm-x86: MSR (0x491) unsupported by gem5. Skipping.
src/arch/x86/kvm/x86_cpu.cc:1688: warn: kvm-x86: MSR (0xc0010015) unsupported by gem5. Skipping.
src/arch/x86/kvm/x86_cpu.cc:1688: warn: kvm-x86: MSR (0x4b564d05) unsupported by gem5. Skipping.
src/arch/x86/kvm/x86_cpu.cc:563: warn: cs limit (0xffffffff) and g (0) combination is illegal.
src/arch/x86/kvm/x86_cpu.cc:563: warn: cs limit (0xffffffff) and g (0) combination is illegal.
src/arch/x86/kvm/x86_cpu.cc:563: warn: cs limit (0xffffffff) and g (0) combination is illegal.
src/arch/x86/kvm/x86_cpu.cc:1688: warn: kvm-x86: MSR (0x3a) unsupported by gem5. Skipping.
src/arch/x86/kvm/x86_cpu.cc:1688: warn: kvm-x86: MSR (0x48) unsupported by gem5. Skipping.
src/arch/x86/kvm/x86_cpu.cc:1688: warn: kvm-x86: MSR (0xe1) unsupported by gem5. Skipping.
src/arch/x86/kvm/x86_cpu.cc:1688: warn: kvm-x86: MSR (0x12) unsupported by gem5. Skipping.
src/arch/x86/kvm/x86_cpu.cc:1688: warn: kvm-x86: MSR (0x11) unsupported by gem5. Skipping.
src/arch/x86/kvm/x86_cpu.cc:1688: warn: kvm-x86: MSR (0x4b564d01) unsupported by gem5. Skipping.
src/arch/x86/kvm/x86_cpu.cc:1688: warn: kvm-x86: MSR (0x4b564d00) unsupported by gem5. Skipping.
src/arch/x86/kvm/x86_cpu.cc:1688: warn: kvm-x86: MSR (0x40000000) unsupported by gem5. Skipping.
src/arch/x86/kvm/x86_cpu.cc:1688: warn: kvm-x86: MSR (0x40000001) unsupported by gem5. Skipping.
src/arch/x86/kvm/x86_cpu.cc:1688: warn: kvm-x86: MSR (0x40000020) unsupported by gem5. Skipping.
src/arch/x86/kvm/x86_cpu.cc:1688: warn: kvm-x86: MSR (0x40000021) unsupported by gem5. Skipping.
src/arch/x86/kvm/x86_cpu.cc:1688: warn: kvm-x86: MSR (0x40000022) unsupported by gem5. Skipping.
src/arch/x86/kvm/x86_cpu.cc:1688: warn: kvm-x86: MSR (0x40000023) unsupported by gem5. Skipping.
src/arch/x86/kvm/x86_cpu.cc:1688: warn: kvm-x86: MSR (0x40000100) unsupported by gem5. Skipping.
src/arch/x86/kvm/x86_cpu.cc:1688: warn: kvm-x86: MSR (0x40000101) unsupported by gem5. Skipping.
src/arch/x86/kvm/x86_cpu.cc:1688: warn: kvm-x86: MSR (0x40000102) unsupported by gem5. Skipping.
src/arch/x86/kvm/x86_cpu.cc:1688: warn: kvm-x86: MSR (0x40000103) unsupported by gem5. Skipping.
src/arch/x86/kvm/x86_cpu.cc:1688: warn: kvm-x86: MSR (0x40000104) unsupported by gem5. Skipping.
src/arch/x86/kvm/x86_cpu.cc:1688: warn: kvm-x86: MSR (0x40000105) unsupported by gem5. Skipping.
src/arch/x86/kvm/x86_cpu.cc:1688: warn: kvm-x86: MSR (0x40000003) unsupported by gem5. Skipping.
src/arch/x86/kvm/x86_cpu.cc:1688: warn: kvm-x86: MSR (0x40000002) unsupported by gem5. Skipping.
src/arch/x86/kvm/x86_cpu.cc:1688: warn: kvm-x86: MSR (0x40000010) unsupported by gem5. Skipping.
src/arch/x86/kvm/x86_cpu.cc:1688: warn: kvm-x86: MSR (0x40000080) unsupported by gem5. Skipping.
src/arch/x86/kvm/x86_cpu.cc:1688: warn: kvm-x86: MSR (0x400000b0) unsupported by gem5. Skipping.
src/arch/x86/kvm/x86_cpu.cc:1688: warn: kvm-x86: MSR (0x40000073) unsupported by gem5. Skipping.
src/arch/x86/kvm/x86_cpu.cc:1688: warn: kvm-x86: MSR (0x40000106) unsupported by gem5. Skipping.
src/arch/x86/kvm/x86_cpu.cc:1688: warn: kvm-x86: MSR (0x40000107) unsupported by gem5. Skipping.
src/arch/x86/kvm/x86_cpu.cc:1688: warn: kvm-x86: MSR (0x40000108) unsupported by gem5. Skipping.
src/arch/x86/kvm/x86_cpu.cc:1688: warn: kvm-x86: MSR (0x40000118) unsupported by gem5. Skipping.
src/arch/x86/kvm/x86_cpu.cc:1688: warn: kvm-x86: MSR (0x400000ff) unsupported by gem5. Skipping.
src/arch/x86/kvm/x86_cpu.cc:1688: warn: kvm-x86: MSR (0x400000f1) unsupported by gem5. Skipping.
src/arch/x86/kvm/x86_cpu.cc:1688: warn: kvm-x86: MSR (0x400000f2) unsupported by gem5. Skipping.
src/arch/x86/kvm/x86_cpu.cc:1688: warn: kvm-x86: MSR (0x400000f3) unsupported by gem5. Skipping.
src/arch/x86/kvm/x86_cpu.cc:1688: warn: kvm-x86: MSR (0x400000f4) unsupported by gem5. Skipping.
src/arch/x86/kvm/x86_cpu.cc:1688: warn: kvm-x86: MSR (0x400000f5) unsupported by gem5. Skipping.
src/arch/x86/kvm/x86_cpu.cc:1688: warn: kvm-x86: MSR (0x4b564d02) unsupported by gem5. Skipping.
src/arch/x86/kvm/x86_cpu.cc:1688: warn: kvm-x86: MSR (0x4b564d03) unsupported by gem5. Skipping.
src/arch/x86/kvm/x86_cpu.cc:1688: warn: kvm-x86: MSR (0x4b564d04) unsupported by gem5. Skipping.
src/arch/x86/kvm/x86_cpu.cc:1688: warn: kvm-x86: MSR (0x4b564d06) unsupported by gem5. Skipping.
src/arch/x86/kvm/x86_cpu.cc:1688: warn: kvm-x86: MSR (0x4b564d07) unsupported by gem5. Skipping.
src/arch/x86/kvm/x86_cpu.cc:1688: warn: kvm-x86: MSR (0x3b) unsupported by gem5. Skipping.
src/arch/x86/kvm/x86_cpu.cc:1688: warn: kvm-x86: MSR (0x6e0) unsupported by gem5. Skipping.
src/arch/x86/kvm/x86_cpu.cc:1688: warn: kvm-x86: MSR (0x10a) unsupported by gem5. Skipping.
src/arch/x86/kvm/x86_cpu.cc:1688: warn: kvm-x86: MSR (0x345) unsupported by gem5. Skipping.
src/arch/x86/kvm/x86_cpu.cc:1688: warn: kvm-x86: MSR (0x1a0) unsupported by gem5. Skipping.
src/arch/x86/kvm/x86_cpu.cc:1688: warn: kvm-x86: MSR (0x4d0) unsupported by gem5. Skipping.
src/arch/x86/kvm/x86_cpu.cc:1688: warn: kvm-x86: MSR (0x9e) unsupported by gem5. Skipping.
src/arch/x86/kvm/x86_cpu.cc:1688: warn: kvm-x86: MSR (0x34) unsupported by gem5. Skipping.
src/arch/x86/kvm/x86_cpu.cc:1688: warn: kvm-x86: MSR (0xce) unsupported by gem5. Skipping.
src/arch/x86/kvm/x86_cpu.cc:1688: warn: kvm-x86: MSR (0x140) unsupported by gem5. Skipping.
src/arch/x86/kvm/x86_cpu.cc:1688: warn: kvm-x86: MSR (0x1fc) unsupported by gem5. Skipping.
src/arch/x86/kvm/x86_cpu.cc:1688: warn: kvm-x86: MSR (0x8b) unsupported by gem5. Skipping.
src/arch/x86/kvm/x86_cpu.cc:1688: warn: kvm-x86: MSR (0x480) unsupported by gem5. Skipping.
src/arch/x86/kvm/x86_cpu.cc:1688: warn: kvm-x86: MSR (0x48d) unsupported by gem5. Skipping.
src/arch/x86/kvm/x86_cpu.cc:1688: warn: kvm-x86: MSR (0x48e) unsupported by gem5. Skipping.
src/arch/x86/kvm/x86_cpu.cc:1688: warn: kvm-x86: MSR (0x48f) unsupported by gem5. Skipping.
src/arch/x86/kvm/x86_cpu.cc:1688: warn: kvm-x86: MSR (0x490) unsupported by gem5. Skipping.
src/arch/x86/kvm/x86_cpu.cc:1688: warn: kvm-x86: MSR (0x485) unsupported by gem5. Skipping.
src/arch/x86/kvm/x86_cpu.cc:1688: warn: kvm-x86: MSR (0x486) unsupported by gem5. Skipping.
src/arch/x86/kvm/x86_cpu.cc:1688: warn: kvm-x86: MSR (0x488) unsupported by gem5. Skipping.
src/arch/x86/kvm/x86_cpu.cc:1688: warn: kvm-x86: MSR (0x48a) unsupported by gem5. Skipping.
src/arch/x86/kvm/x86_cpu.cc:1688: warn: kvm-x86: MSR (0x48b) unsupported by gem5. Skipping.
src/arch/x86/kvm/x86_cpu.cc:1688: warn: kvm-x86: MSR (0x48c) unsupported by gem5. Skipping.
src/arch/x86/kvm/x86_cpu.cc:1688: warn: kvm-x86: MSR (0x491) unsupported by gem5. Skipping.
src/arch/x86/kvm/x86_cpu.cc:1688: warn: kvm-x86: MSR (0xc0010015) unsupported by gem5. Skipping.
src/arch/x86/kvm/x86_cpu.cc:1688: warn: kvm-x86: MSR (0x4b564d05) unsupported by gem5. Skipping.
src/arch/x86/kvm/x86_cpu.cc:563: warn: cs limit (0xffffffff) and g (0) combination is illegal.
src/arch/x86/kvm/x86_cpu.cc:563: warn: cs limit (0xffffffff) and g (0) combination is illegal.
src/arch/x86/kvm/x86_cpu.cc:563: warn: cs limit (0xffffffff) and g (0) combination is illegal.
src/arch/x86/kvm/x86_cpu.cc:1688: warn: kvm-x86: MSR (0x3a) unsupported by gem5. Skipping.
src/arch/x86/kvm/x86_cpu.cc:1688: warn: kvm-x86: MSR (0x48) unsupported by gem5. Skipping.
src/arch/x86/kvm/x86_cpu.cc:1688: warn: kvm-x86: MSR (0xe1) unsupported by gem5. Skipping.
src/arch/x86/kvm/x86_cpu.cc:1688: warn: kvm-x86: MSR (0x12) unsupported by gem5. Skipping.
src/arch/x86/kvm/x86_cpu.cc:1688: warn: kvm-x86: MSR (0x11) unsupported by gem5. Skipping.
src/arch/x86/kvm/x86_cpu.cc:1688: warn: kvm-x86: MSR (0x4b564d01) unsupported by gem5. Skipping.
src/arch/x86/kvm/x86_cpu.cc:1688: warn: kvm-x86: MSR (0x4b564d00) unsupported by gem5. Skipping.
src/arch/x86/kvm/x86_cpu.cc:1688: warn: kvm-x86: MSR (0x40000000) unsupported by gem5. Skipping.
src/arch/x86/kvm/x86_cpu.cc:1688: warn: kvm-x86: MSR (0x40000001) unsupported by gem5. Skipping.
src/arch/x86/kvm/x86_cpu.cc:1688: warn: kvm-x86: MSR (0x40000020) unsupported by gem5. Skipping.
src/arch/x86/kvm/x86_cpu.cc:1688: warn: kvm-x86: MSR (0x40000021) unsupported by gem5. Skipping.
src/arch/x86/kvm/x86_cpu.cc:1688: warn: kvm-x86: MSR (0x40000022) unsupported by gem5. Skipping.
src/arch/x86/kvm/x86_cpu.cc:1688: warn: kvm-x86: MSR (0x40000023) unsupported by gem5. Skipping.
src/arch/x86/kvm/x86_cpu.cc:1688: warn: kvm-x86: MSR (0x40000100) unsupported by gem5. Skipping.
src/arch/x86/kvm/x86_cpu.cc:1688: warn: kvm-x86: MSR (0x40000101) unsupported by gem5. Skipping.
src/arch/x86/kvm/x86_cpu.cc:1688: warn: kvm-x86: MSR (0x40000102) unsupported by gem5. Skipping.
src/arch/x86/kvm/x86_cpu.cc:1688: warn: kvm-x86: MSR (0x40000103) unsupported by gem5. Skipping.
src/arch/x86/kvm/x86_cpu.cc:1688: warn: kvm-x86: MSR (0x40000104) unsupported by gem5. Skipping.
src/arch/x86/kvm/x86_cpu.cc:1688: warn: kvm-x86: MSR (0x40000105) unsupported by gem5. Skipping.
src/arch/x86/kvm/x86_cpu.cc:1688: warn: kvm-x86: MSR (0x40000003) unsupported by gem5. Skipping.
src/arch/x86/kvm/x86_cpu.cc:1688: warn: kvm-x86: MSR (0x40000002) unsupported by gem5. Skipping.
src/arch/x86/kvm/x86_cpu.cc:1688: warn: kvm-x86: MSR (0x40000010) unsupported by gem5. Skipping.
src/arch/x86/kvm/x86_cpu.cc:1688: warn: kvm-x86: MSR (0x40000080) unsupported by gem5. Skipping.
src/arch/x86/kvm/x86_cpu.cc:1688: warn: kvm-x86: MSR (0x400000b0) unsupported by gem5. Skipping.
src/arch/x86/kvm/x86_cpu.cc:1688: warn: kvm-x86: MSR (0x40000073) unsupported by gem5. Skipping.
src/arch/x86/kvm/x86_cpu.cc:1688: warn: kvm-x86: MSR (0x40000106) unsupported by gem5. Skipping.
src/arch/x86/kvm/x86_cpu.cc:1688: warn: kvm-x86: MSR (0x40000107) unsupported by gem5. Skipping.
src/arch/x86/kvm/x86_cpu.cc:1688: warn: kvm-x86: MSR (0x40000108) unsupported by gem5. Skipping.
src/arch/x86/kvm/x86_cpu.cc:1688: warn: kvm-x86: MSR (0x40000118) unsupported by gem5. Skipping.
src/arch/x86/kvm/x86_cpu.cc:1688: warn: kvm-x86: MSR (0x400000ff) unsupported by gem5. Skipping.
src/arch/x86/kvm/x86_cpu.cc:1688: warn: kvm-x86: MSR (0x400000f1) unsupported by gem5. Skipping.
src/arch/x86/kvm/x86_cpu.cc:1688: warn: kvm-x86: MSR (0x400000f2) unsupported by gem5. Skipping.
src/arch/x86/kvm/x86_cpu.cc:1688: warn: kvm-x86: MSR (0x400000f3) unsupported by gem5. Skipping.
src/arch/x86/kvm/x86_cpu.cc:1688: warn: kvm-x86: MSR (0x400000f4) unsupported by gem5. Skipping.
src/arch/x86/kvm/x86_cpu.cc:1688: warn: kvm-x86: MSR (0x400000f5) unsupported by gem5. Skipping.
src/arch/x86/kvm/x86_cpu.cc:1688: warn: kvm-x86: MSR (0x4b564d02) unsupported by gem5. Skipping.
src/arch/x86/kvm/x86_cpu.cc:1688: warn: kvm-x86: MSR (0x4b564d03) unsupported by gem5. Skipping.
src/arch/x86/kvm/x86_cpu.cc:1688: warn: kvm-x86: MSR (0x4b564d04) unsupported by gem5. Skipping.
src/arch/x86/kvm/x86_cpu.cc:1688: warn: kvm-x86: MSR (0x4b564d06) unsupported by gem5. Skipping.
src/arch/x86/kvm/x86_cpu.cc:1688: warn: kvm-x86: MSR (0x4b564d07) unsupported by gem5. Skipping.
src/arch/x86/kvm/x86_cpu.cc:1688: warn: kvm-x86: MSR (0x3b) unsupported by gem5. Skipping.
src/arch/x86/kvm/x86_cpu.cc:1688: warn: kvm-x86: MSR (0x6e0) unsupported by gem5. Skipping.
src/arch/x86/kvm/x86_cpu.cc:1688: warn: kvm-x86: MSR (0x10a) unsupported by gem5. Skipping.
src/arch/x86/kvm/x86_cpu.cc:1688: warn: kvm-x86: MSR (0x345) unsupported by gem5. Skipping.
src/arch/x86/kvm/x86_cpu.cc:1688: warn: kvm-x86: MSR (0x1a0) unsupported by gem5. Skipping.
src/arch/x86/kvm/x86_cpu.cc:1688: warn: kvm-x86: MSR (0x4d0) unsupported by gem5. Skipping.
src/arch/x86/kvm/x86_cpu.cc:1688: warn: kvm-x86: MSR (0x9e) unsupported by gem5. Skipping.
src/arch/x86/kvm/x86_cpu.cc:1688: warn: kvm-x86: MSR (0x34) unsupported by gem5. Skipping.
src/arch/x86/kvm/x86_cpu.cc:1688: warn: kvm-x86: MSR (0xce) unsupported by gem5. Skipping.
src/arch/x86/kvm/x86_cpu.cc:1688: warn: kvm-x86: MSR (0x140) unsupported by gem5. Skipping.
src/arch/x86/kvm/x86_cpu.cc:1688: warn: kvm-x86: MSR (0x1fc) unsupported by gem5. Skipping.
src/arch/x86/kvm/x86_cpu.cc:1688: warn: kvm-x86: MSR (0x8b) unsupported by gem5. Skipping.
src/arch/x86/kvm/x86_cpu.cc:1688: warn: kvm-x86: MSR (0x480) unsupported by gem5. Skipping.
src/arch/x86/kvm/x86_cpu.cc:1688: warn: kvm-x86: MSR (0x48d) unsupported by gem5. Skipping.
src/arch/x86/kvm/x86_cpu.cc:1688: warn: kvm-x86: MSR (0x48e) unsupported by gem5. Skipping.
src/arch/x86/kvm/x86_cpu.cc:1688: warn: kvm-x86: MSR (0x48f) unsupported by gem5. Skipping.
src/arch/x86/kvm/x86_cpu.cc:1688: warn: kvm-x86: MSR (0x490) unsupported by gem5. Skipping.
src/arch/x86/kvm/x86_cpu.cc:1688: warn: kvm-x86: MSR (0x485) unsupported by gem5. Skipping.
src/arch/x86/kvm/x86_cpu.cc:1688: warn: kvm-x86: MSR (0x486) unsupported by gem5. Skipping.
src/arch/x86/kvm/x86_cpu.cc:1688: warn: kvm-x86: MSR (0x488) unsupported by gem5. Skipping.
src/arch/x86/kvm/x86_cpu.cc:1688: warn: kvm-x86: MSR (0x48a) unsupported by gem5. Skipping.
src/arch/x86/kvm/x86_cpu.cc:1688: warn: kvm-x86: MSR (0x48b) unsupported by gem5. Skipping.
src/arch/x86/kvm/x86_cpu.cc:1688: warn: kvm-x86: MSR (0x48c) unsupported by gem5. Skipping.
src/arch/x86/kvm/x86_cpu.cc:1688: warn: kvm-x86: MSR (0x491) unsupported by gem5. Skipping.
src/arch/x86/kvm/x86_cpu.cc:1688: warn: kvm-x86: MSR (0xc0010015) unsupported by gem5. Skipping.
src/arch/x86/kvm/x86_cpu.cc:1688: warn: kvm-x86: MSR (0x4b564d05) unsupported by gem5. Skipping.
src/arch/x86/kvm/x86_cpu.cc:563: warn: cs limit (0xffffffff) and g (0) combination is illegal.
src/arch/x86/kvm/x86_cpu.cc:563: warn: cs limit (0xffffffff) and g (0) combination is illegal.
src/arch/x86/kvm/x86_cpu.cc:563: warn: cs limit (0xffffffff) and g (0) combination is illegal.
src/arch/x86/kvm/x86_cpu.cc:1688: warn: kvm-x86: MSR (0x3a) unsupported by gem5. Skipping.
src/arch/x86/kvm/x86_cpu.cc:1688: warn: kvm-x86: MSR (0x48) unsupported by gem5. Skipping.
src/arch/x86/kvm/x86_cpu.cc:1688: warn: kvm-x86: MSR (0xe1) unsupported by gem5. Skipping.
src/arch/x86/kvm/x86_cpu.cc:1688: warn: kvm-x86: MSR (0x12) unsupported by gem5. Skipping.
src/arch/x86/kvm/x86_cpu.cc:1688: warn: kvm-x86: MSR (0x11) unsupported by gem5. Skipping.
src/arch/x86/kvm/x86_cpu.cc:1688: warn: kvm-x86: MSR (0x4b564d01) unsupported by gem5. Skipping.
src/arch/x86/kvm/x86_cpu.cc:1688: warn: kvm-x86: MSR (0x4b564d00) unsupported by gem5. Skipping.
src/arch/x86/kvm/x86_cpu.cc:1688: warn: kvm-x86: MSR (0x40000000) unsupported by gem5. Skipping.
src/arch/x86/kvm/x86_cpu.cc:1688: warn: kvm-x86: MSR (0x40000001) unsupported by gem5. Skipping.
src/arch/x86/kvm/x86_cpu.cc:1688: warn: kvm-x86: MSR (0x40000020) unsupported by gem5. Skipping.
src/arch/x86/kvm/x86_cpu.cc:1688: warn: kvm-x86: MSR (0x40000021) unsupported by gem5. Skipping.
src/arch/x86/kvm/x86_cpu.cc:1688: warn: kvm-x86: MSR (0x40000022) unsupported by gem5. Skipping.
src/arch/x86/kvm/x86_cpu.cc:1688: warn: kvm-x86: MSR (0x40000023) unsupported by gem5. Skipping.
src/arch/x86/kvm/x86_cpu.cc:1688: warn: kvm-x86: MSR (0x40000100) unsupported by gem5. Skipping.
src/arch/x86/kvm/x86_cpu.cc:1688: warn: kvm-x86: MSR (0x40000101) unsupported by gem5. Skipping.
src/arch/x86/kvm/x86_cpu.cc:1688: warn: kvm-x86: MSR (0x40000102) unsupported by gem5. Skipping.
src/arch/x86/kvm/x86_cpu.cc:1688: warn: kvm-x86: MSR (0x40000103) unsupported by gem5. Skipping.
src/arch/x86/kvm/x86_cpu.cc:1688: warn: kvm-x86: MSR (0x40000104) unsupported by gem5. Skipping.
src/arch/x86/kvm/x86_cpu.cc:1688: warn: kvm-x86: MSR (0x40000105) unsupported by gem5. Skipping.
src/arch/x86/kvm/x86_cpu.cc:1688: warn: kvm-x86: MSR (0x40000003) unsupported by gem5. Skipping.
src/arch/x86/kvm/x86_cpu.cc:1688: warn: kvm-x86: MSR (0x40000002) unsupported by gem5. Skipping.
src/arch/x86/kvm/x86_cpu.cc:1688: warn: kvm-x86: MSR (0x40000010) unsupported by gem5. Skipping.
src/arch/x86/kvm/x86_cpu.cc:1688: warn: kvm-x86: MSR (0x40000080) unsupported by gem5. Skipping.
src/arch/x86/kvm/x86_cpu.cc:1688: warn: kvm-x86: MSR (0x400000b0) unsupported by gem5. Skipping.
src/arch/x86/kvm/x86_cpu.cc:1688: warn: kvm-x86: MSR (0x40000073) unsupported by gem5. Skipping.
src/arch/x86/kvm/x86_cpu.cc:1688: warn: kvm-x86: MSR (0x40000106) unsupported by gem5. Skipping.
src/arch/x86/kvm/x86_cpu.cc:1688: warn: kvm-x86: MSR (0x40000107) unsupported by gem5. Skipping.
src/arch/x86/kvm/x86_cpu.cc:1688: warn: kvm-x86: MSR (0x40000108) unsupported by gem5. Skipping.
src/arch/x86/kvm/x86_cpu.cc:1688: warn: kvm-x86: MSR (0x40000118) unsupported by gem5. Skipping.
src/arch/x86/kvm/x86_cpu.cc:1688: warn: kvm-x86: MSR (0x400000ff) unsupported by gem5. Skipping.
src/arch/x86/kvm/x86_cpu.cc:1688: warn: kvm-x86: MSR (0x400000f1) unsupported by gem5. Skipping.
src/arch/x86/kvm/x86_cpu.cc:1688: warn: kvm-x86: MSR (0x400000f2) unsupported by gem5. Skipping.
src/arch/x86/kvm/x86_cpu.cc:1688: warn: kvm-x86: MSR (0x400000f3) unsupported by gem5. Skipping.
src/arch/x86/kvm/x86_cpu.cc:1688: warn: kvm-x86: MSR (0x400000f4) unsupported by gem5. Skipping.
src/arch/x86/kvm/x86_cpu.cc:1688: warn: kvm-x86: MSR (0x400000f5) unsupported by gem5. Skipping.
src/arch/x86/kvm/x86_cpu.cc:1688: warn: kvm-x86: MSR (0x4b564d02) unsupported by gem5. Skipping.
src/arch/x86/kvm/x86_cpu.cc:1688: warn: kvm-x86: MSR (0x4b564d03) unsupported by gem5. Skipping.
src/arch/x86/kvm/x86_cpu.cc:1688: warn: kvm-x86: MSR (0x4b564d04) unsupported by gem5. Skipping.
src/arch/x86/kvm/x86_cpu.cc:1688: warn: kvm-x86: MSR (0x4b564d06) unsupported by gem5. Skipping.
src/arch/x86/kvm/x86_cpu.cc:1688: warn: kvm-x86: MSR (0x4b564d07) unsupported by gem5. Skipping.
src/arch/x86/kvm/x86_cpu.cc:1688: warn: kvm-x86: MSR (0x3b) unsupported by gem5. Skipping.
src/arch/x86/kvm/x86_cpu.cc:1688: warn: kvm-x86: MSR (0x6e0) unsupported by gem5. Skipping.
src/arch/x86/kvm/x86_cpu.cc:1688: warn: kvm-x86: MSR (0x10a) unsupported by gem5. Skipping.
src/arch/x86/kvm/x86_cpu.cc:1688: warn: kvm-x86: MSR (0x345) unsupported by gem5. Skipping.
src/arch/x86/kvm/x86_cpu.cc:1688: warn: kvm-x86: MSR (0x1a0) unsupported by gem5. Skipping.
src/arch/x86/kvm/x86_cpu.cc:1688: warn: kvm-x86: MSR (0x4d0) unsupported by gem5. Skipping.
src/arch/x86/kvm/x86_cpu.cc:1688: warn: kvm-x86: MSR (0x9e) unsupported by gem5. Skipping.
src/arch/x86/kvm/x86_cpu.cc:1688: warn: kvm-x86: MSR (0x34) unsupported by gem5. Skipping.
src/arch/x86/kvm/x86_cpu.cc:1688: warn: kvm-x86: MSR (0xce) unsupported by gem5. Skipping.
src/arch/x86/kvm/x86_cpu.cc:1688: warn: kvm-x86: MSR (0x140) unsupported by gem5. Skipping.
src/arch/x86/kvm/x86_cpu.cc:1688: warn: kvm-x86: MSR (0x1fc) unsupported by gem5. Skipping.
src/arch/x86/kvm/x86_cpu.cc:1688: warn: kvm-x86: MSR (0x8b) unsupported by gem5. Skipping.
src/arch/x86/kvm/x86_cpu.cc:1688: warn: kvm-x86: MSR (0x480) unsupported by gem5. Skipping.
src/arch/x86/kvm/x86_cpu.cc:1688: warn: kvm-x86: MSR (0x48d) unsupported by gem5. Skipping.
src/arch/x86/kvm/x86_cpu.cc:1688: warn: kvm-x86: MSR (0x48e) unsupported by gem5. Skipping.
src/arch/x86/kvm/x86_cpu.cc:1688: warn: kvm-x86: MSR (0x48f) unsupported by gem5. Skipping.
src/arch/x86/kvm/x86_cpu.cc:1688: warn: kvm-x86: MSR (0x490) unsupported by gem5. Skipping.
src/arch/x86/kvm/x86_cpu.cc:1688: warn: kvm-x86: MSR (0x485) unsupported by gem5. Skipping.
src/arch/x86/kvm/x86_cpu.cc:1688: warn: kvm-x86: MSR (0x486) unsupported by gem5. Skipping.
src/arch/x86/kvm/x86_cpu.cc:1688: warn: kvm-x86: MSR (0x488) unsupported by gem5. Skipping.
src/arch/x86/kvm/x86_cpu.cc:1688: warn: kvm-x86: MSR (0x48a) unsupported by gem5. Skipping.
src/arch/x86/kvm/x86_cpu.cc:1688: warn: kvm-x86: MSR (0x48b) unsupported by gem5. Skipping.
src/arch/x86/kvm/x86_cpu.cc:1688: warn: kvm-x86: MSR (0x48c) unsupported by gem5. Skipping.
src/arch/x86/kvm/x86_cpu.cc:1688: warn: kvm-x86: MSR (0x491) unsupported by gem5. Skipping.
src/arch/x86/kvm/x86_cpu.cc:1688: warn: kvm-x86: MSR (0xc0010015) unsupported by gem5. Skipping.
src/arch/x86/kvm/x86_cpu.cc:1688: warn: kvm-x86: MSR (0x4b564d05) unsupported by gem5. Skipping.
src/arch/x86/kvm/x86_cpu.cc:563: warn: cs limit (0xffffffff) and g (0) combination is illegal.
src/arch/x86/kvm/x86_cpu.cc:563: warn: cs limit (0xffffffff) and g (0) combination is illegal.
src/dev/x86/pc.cc:117: warn: Don't know what interrupt to clear for console.
src/dev/x86/i8042.cc:290: warn: Write to unknown i8042 (keyboard controller) command port.
src/sim/power_state.cc:105: warn: PowerState: Already in the requested power state, request ignored
Done booting Linux
Resetting stats at the start of ROI!
switching cpus
src/sim/simulate.cc:199: info: Entering event queue @ 18936484468093.  Starting simulation...
src/mem/ruby/system/Sequencer.cc:704: warn: Replacement policy updates recently became the responsibility of SLICC state machines. Make sure to setMRU() near callbacks in .sm files!
build/X86/arch/x86/generated/exec-ns.cc.inc:27: warn: instruction 'verw_Mw_or_Rv' unimplemented
build/X86/arch/x86/generated/exec-ns.cc.inc:27: warn: instruction 'verw_Mw_or_Rv' unimplemented
build/X86/arch/x86/generated/exec-ns.cc.inc:27: warn: instruction 'verw_Mw_or_Rv' unimplemented
build/X86/arch/x86/generated/exec-ns.cc.inc:27: warn: instruction 'verw_Mw_or_Rv' unimplemented
build/X86/arch/x86/generated/exec-ns.cc.inc:27: warn: instruction 'verw_Mw_or_Rv' unimplemented
build/X86/arch/x86/generated/exec-ns.cc.inc:27: warn: instruction 'verw_Mw_or_Rv' unimplemented
build/X86/arch/x86/generated/exec-ns.cc.inc:27: warn: instruction 'verw_Mw_or_Rv' unimplemented
build/X86/arch/x86/generated/exec-ns.cc.inc:27: warn: instruction 'verw_Mw_or_Rv' unimplemented
build/X86/arch/x86/generated/exec-ns.cc.inc:27: warn: instruction 'verw_Mw_or_Rv' unimplemented
build/X86/arch/x86/generated/exec-ns.cc.inc:27: warn: instruction 'verw_Mw_or_Rv' unimplemented
build/X86/arch/x86/generated/exec-ns.cc.inc:27: warn: instruction 'verw_Mw_or_Rv' unimplemented
build/X86/arch/x86/generated/exec-ns.cc.inc:27: warn: instruction 'verw_Mw_or_Rv' unimplemented
build/X86/arch/x86/generated/exec-ns.cc.inc:27: warn: instruction 'verw_Mw_or_Rv' unimplemented
build/X86/arch/x86/generated/exec-ns.cc.inc:27: warn: instruction 'verw_Mw_or_Rv' unimplemented
build/X86/arch/x86/generated/exec-ns.cc.inc:27: warn: instruction 'verw_Mw_or_Rv' unimplemented
build/X86/arch/x86/generated/exec-ns.cc.inc:27: warn: instruction 'verw_Mw_or_Rv' unimplemented
build/X86/arch/x86/generated/exec-ns.cc.inc:27: warn: instruction 'verw_Mw_or_Rv' unimplemented
build/X86/arch/x86/generated/exec-ns.cc.inc:27: warn: instruction 'verw_Mw_or_Rv' unimplemented
build/X86/arch/x86/generated/exec-ns.cc.inc:27: warn: instruction 'verw_Mw_or_Rv' unimplemented
build/X86/arch/x86/generated/exec-ns.cc.inc:27: warn: instruction 'verw_Mw_or_Rv' unimplemented
build/X86/arch/x86/generated/exec-ns.cc.inc:27: warn: instruction 'verw_Mw_or_Rv' unimplemented
build/X86/arch/x86/generated/exec-ns.cc.inc:27: warn: instruction 'verw_Mw_or_Rv' unimplemented
build/X86/arch/x86/generated/exec-ns.cc.inc:27: warn: instruction 'verw_Mw_or_Rv' unimplemented
build/X86/arch/x86/generated/exec-ns.cc.inc:27: warn: instruction 'verw_Mw_or_Rv' unimplemented
build/X86/arch/x86/generated/exec-ns.cc.inc:27: warn: instruction 'verw_Mw_or_Rv' unimplemented
build/X86/arch/x86/generated/exec-ns.cc.inc:27: warn: instruction 'verw_Mw_or_Rv' unimplemented
build/X86/arch/x86/generated/exec-ns.cc.inc:27: warn: instruction 'verw_Mw_or_Rv' unimplemented
build/X86/arch/x86/generated/exec-ns.cc.inc:27: warn: instruction 'verw_Mw_or_Rv' unimplemented
build/X86/arch/x86/generated/exec-ns.cc.inc:27: warn: instruction 'verw_Mw_or_Rv' unimplemented
build/X86/arch/x86/generated/exec-ns.cc.inc:27: warn: instruction 'verw_Mw_or_Rv' unimplemented
build/X86/arch/x86/generated/exec-ns.cc.inc:27: warn: instruction 'verw_Mw_or_Rv' unimplemented
build/X86/arch/x86/generated/exec-ns.cc.inc:27: warn: instruction 'verw_Mw_or_Rv' unimplemented
build/X86/arch/x86/generated/exec-ns.cc.inc:27: warn: instruction 'verw_Mw_or_Rv' unimplemented
build/X86/arch/x86/generated/exec-ns.cc.inc:27: warn: instruction 'verw_Mw_or_Rv' unimplemented
build/X86/arch/x86/generated/exec-ns.cc.inc:27: warn: instruction 'verw_Mw_or_Rv' unimplemented
build/X86/arch/x86/generated/exec-ns.cc.inc:27: warn: instruction 'verw_Mw_or_Rv' unimplemented
build/X86/arch/x86/generated/exec-ns.cc.inc:27: warn: instruction 'verw_Mw_or_Rv' unimplemented
build/X86/arch/x86/generated/exec-ns.cc.inc:27: warn: instruction 'verw_Mw_or_Rv' unimplemented
build/X86/arch/x86/generated/exec-ns.cc.inc:27: warn: instruction 'verw_Mw_or_Rv' unimplemented
build/X86/arch/x86/generated/exec-ns.cc.inc:27: warn: instruction 'verw_Mw_or_Rv' unimplemented
build/X86/arch/x86/generated/exec-ns.cc.inc:27: warn: instruction 'verw_Mw_or_Rv' unimplemented
build/X86/arch/x86/generated/exec-ns.cc.inc:27: warn: instruction 'verw_Mw_or_Rv' unimplemented
build/X86/arch/x86/generated/exec-ns.cc.inc:27: warn: instruction 'verw_Mw_or_Rv' unimplemented
build/X86/arch/x86/generated/exec-ns.cc.inc:27: warn: instruction 'verw_Mw_or_Rv' unimplemented
build/X86/arch/x86/generated/exec-ns.cc.inc:27: warn: instruction 'verw_Mw_or_Rv' unimplemented
build/X86/arch/x86/generated/exec-ns.cc.inc:27: warn: instruction 'verw_Mw_or_Rv' unimplemented
build/X86/arch/x86/generated/exec-ns.cc.inc:27: warn: instruction 'verw_Mw_or_Rv' unimplemented
src/mem/ruby/network/MessageBuffer.cc:261: panic: FIFO ordering violated: [MessageBuffer:  consumer-yes [ 0x58ca17414c50, ]] board.cache_hierarchy.ruby_system.l1_controllers04.bufferFromL1 name: board.cache_hierarchy.ruby_system.l1_controllers04.bufferFromL1 current time: 19009218790629 delta: 333 arrival_time: 19009218790962 last arrival_time: 19009218791295
Memory Usage: 5300012 KBytes
Program aborted at tick 19009218790629
--- BEGIN LIBC BACKTRACE ---
./build/X86/gem5.opt(_ZN4gem515print_backtraceEv+0x30)[0x58c99653c540]
./build/X86/gem5.opt(_ZN4gem512abortHandlerEi+0x4c)[0x58c99656cddc]
/lib/x86_64-linux-gnu/libc.so.6(+0x45330)[0x7f8f42645330]
/lib/x86_64-linux-gnu/libc.so.6(pthread_kill+0x11c)[0x7f8f4269eb2c]
/lib/x86_64-linux-gnu/libc.so.6(gsignal+0x1e)[0x7f8f4264527e]
/lib/x86_64-linux-gnu/libc.so.6(abort+0xdf)[0x7f8f426288ff]
./build/X86/gem5.opt(+0xaf7b85)[0x58c996555b85]
./build/X86/gem5.opt(_ZN4gem54ruby13MessageBuffer7enqueueESt10shared_ptrINS0_7MessageEEmmbbb+0x423)[0x58c9971875a3]
./build/X86/gem5.opt(_ZN4gem54ruby13MessageBuffer9delayHeadEmmbb+0x11a)[0x58c9970fa4aa]
./build/X86/gem5.opt(_ZN4gem54ruby16MESI_Three_Level18L0Cache_Controller6wakeupEv+0x1f26)[0x58c9970f9626]
./build/X86/gem5.opt(+0x17dab76)[0x58c997238b76]
./build/X86/gem5.opt(_ZN4gem510EventQueue10serviceOneEv+0xb7)[0x58c9965589d7]
./build/X86/gem5.opt(_ZN4gem59doSimLoopEPNS_10EventQueueE+0x70)[0x58c99659a010]
./build/X86/gem5.opt(_ZN4gem58simulateEm+0x26b)[0x58c99659a79b]
./build/X86/gem5.opt(+0x23989c0)[0x58c997df69c0]
./build/X86/gem5.opt(+0xa6749e)[0x58c9964c549e]
/lib/x86_64-linux-gnu/libpython3.12.so.1.0(+0x1df4b8)[0x7f8f435df4b8]
/lib/x86_64-linux-gnu/libpython3.12.so.1.0(_PyObject_Call+0x5c)[0x7f8f4358485c]
/lib/x86_64-linux-gnu/libpython3.12.so.1.0(_PyEval_EvalFrameDefault+0x8ec)[0x7f8f43519dec]
/lib/x86_64-linux-gnu/libpython3.12.so.1.0(PyEval_EvalCode+0x20f)[0x7f8f436a091f]
/lib/x86_64-linux-gnu/libpython3.12.so.1.0(+0x29c8b0)[0x7f8f4369c8b0]
/lib/x86_64-linux-gnu/libpython3.12.so.1.0(+0x1dfadc)[0x7f8f435dfadc]
/lib/x86_64-linux-gnu/libpython3.12.so.1.0(PyObject_Vectorcall+0x5c)[0x7f8f43582b2c]
/lib/x86_64-linux-gnu/libpython3.12.so.1.0(_PyEval_EvalFrameDefault+0x40ee)[0x7f8f4351d5ee]
./build/X86/gem5.opt(+0xb11dc0)[0x58c99656fdc0]
./build/X86/gem5.opt(main+0x225)[0x58c9964500a5]
/lib/x86_64-linux-gnu/libc.so.6(+0x2a1ca)[0x7f8f4262a1ca]
/lib/x86_64-linux-gnu/libc.so.6(__libc_start_main+0x8b)[0x7f8f4262a28b]
./build/X86/gem5.opt(_start+0x25)[0x58c9964b4de5]
--- END LIBC BACKTRACE ---
For more info on how to address this issue, please visit https://www.gem5.org/documentation/general_docs/common-errors/ 

